Nro. factura;día;fecha;Hora;Cajero;Vendedor;Nro. Documento;Cliente;Medio de Pago;Cod de Artículo;Producto;Categoría;Vr.Costo;Vr.Unitario;Cantidad vendida;Total
53257;viernes; 31 de julio de 2026;8:06 p. m.;cajero 1;Vendedor ;;Ventas Mostrador;Efectivo;1420;MEDIAS ENCAJE MARATHON;ROPA;8500;14500;1.00;14500
53256;viernes; 31 de julio de 2026;7:59 p. m.;cajero 1;Vendedor ;;Ventas Mostrador;Efectivo;3070-2;ROPA INTERIOR NIÑA X 3;ROPA;9000;17000;1.00;17000
53255;viernes; 31 de julio de 2026;7:57 p. m.;cajero 1;Vendedor ;;Ventas Mostrador;Efectivo;2080-1;BODY BLANCO X UNIDAD;ROPA;5000;10000;1.00;10000
53255;viernes; 31 de julio de 2026;7:57 p. m.;cajero 1;Vendedor ;;Ventas Mostrador;Efectivo;1943-1;BODY SUNNOZY X UNIDAD;ROPA;10125;17000;1.00;17000
53254;viernes; 31 de julio de 2026;7:55 p. m.;cajero 1;Vendedor ;;Ventas Mostrador;Efectivo;1998-1;CONJUNTO DE LANA IMPORTADO;ROPA;55000;90000;1.00;90000
53253;viernes; 31 de julio de 2026;7:54 p. m.;cajero 1;Vendedor ;;Ventas Mostrador;Tarjeta Débito;7701021119087;PAÑAL WINNY ULTRATRIM SEC 4X100;PAÑAL;126500;144000;1.00;129600
53252;viernes; 31 de julio de 2026;7:52 p. m.;cajero 1;Vendedor ;;Ventas Mostrador;Efectivo;7701021115140;PAÑAL WINNY ULTRATRIM SEC 2X16;PAÑAL;14119;16000;1.00;16000
53251;viernes; 31 de julio de 2026;7:46 p. m.;cajero 1;Vendedor ;;Ventas Mostrador;Efectivo;7701021114006;PAÑAL WINNY ULTRATRIM SEC 4X30;PAÑAL;38178;42600;1.00;40470
53250;viernes; 31 de julio de 2026;7:29 p. m.;cajero 1;Vendedor ;;Ventas Mostrador;Efectivo;7702277736318;SHAMPOO ARRURRU MANZANILLA X120 NVA PRESENTACION;ASEO;11138;14000;1.00;14000
53249;viernes; 31 de julio de 2026;7:13 p. m.;cajero 1;Vendedor ;;Ventas Mostrador;Nequi;7701021119087;PAÑAL WINNY ULTRATRIM SEC 4X100;PAÑAL;126500;144000;1.00;129600
53248;viernes; 31 de julio de 2026;7:08 p. m.;cajero 1;Vendedor ;;Ventas Mostrador;Tarjeta Débito;1757;PAÑALERA CUNA UNICOLOR / CARTERS;PAÑALERA;65000;160000;1.00;160000
53247;viernes; 31 de julio de 2026;7:06 p. m.;cajero 1;Vendedor ;;Ventas Mostrador;QR Bancolombia;1718;ZAPATO TELA BEBE;CALZADO;10000;25000;1.00;25000
53247;viernes; 31 de julio de 2026;7:06 p. m.;cajero 1;Vendedor ;;Ventas Mostrador;QR Bancolombia;1721;SEMANARIO 14 PIEZAS;ROPA;30000;50000;1.00;50000
53247;viernes; 31 de julio de 2026;7:06 p. m.;cajero 1;Vendedor ;;Ventas Mostrador;QR Bancolombia;1379-1;VESTIDOS MEIQUITOS;ROPA;16000;30000;1.00;30000
53246;viernes; 31 de julio de 2026;6:46 p. m.;cajero 1;Vendedor ;;Ventas Mostrador;Efectivo;7701021114006;PAÑAL WINNY ULTRATRIM SEC 4X30;PAÑAL;38178;42600;1.00;40470
53246;viernes; 31 de julio de 2026;6:46 p. m.;cajero 1;Vendedor ;;Ventas Mostrador;Efectivo;2002;SEMANARIO 21 PIEZAS;ROPA;35000;53000;1.00;53000
53245;viernes; 31 de julio de 2026;6:40 p. m.;cajero 1;Vendedor ;;Ventas Mostrador;Nequi;1768;MEDIAS ESPAÑOLA MOÑO ANAVID;ROPA;7500;13500;1.00;13500
53244;viernes; 31 de julio de 2026;6:16 p. m.;Maria Barbosa Neuque;Vendedor ;;Ventas Mostrador;Efectivo;1003;PAPEL REGALO PLIEGO Y TARJETA;ACCESORIOS;310;1000;1.00;1000
53244;viernes; 31 de julio de 2026;6:16 p. m.;Maria Barbosa Neuque;Vendedor ;;Ventas Mostrador;Efectivo;1133-6;MEDIA TOBACO X 3 T 0 A 18 MESES;ROPA;7500;13000;1.00;13000
53244;viernes; 31 de julio de 2026;6:16 p. m.;Maria Barbosa Neuque;Vendedor ;;Ventas Mostrador;Efectivo;2155;ROPA INTERIOR NIÑO X UNIDAD;ROPA;2500;6200;1.00;6200
53244;viernes; 31 de julio de 2026;6:16 p. m.;Maria Barbosa Neuque;Vendedor ;;Ventas Mostrador;Efectivo;3211-7;CONJUNTO BEISBOLERO CUERO DYK;ROPA;55000;105000;1.00;105000
53243;viernes; 31 de julio de 2026;6:07 p. m.;Maria Barbosa Neuque;Vendedor ;;Ventas Mostrador;Efectivo;1726;ZAPATO NO TUERCE;CALZADO;15000;35000;1.00;35000
53242;viernes; 31 de julio de 2026;6:06 p. m.;Maria Barbosa Neuque;Vendedor ;;Ventas Mostrador;Nequi;9090;CORBATIN NIÑO;ACCESORIOS;3000;9000;1.00;9000
53242;viernes; 31 de julio de 2026;6:06 p. m.;Maria Barbosa Neuque;Vendedor ;;Ventas Mostrador;Nequi;1552;CAMISA CUELLO CORBATA NIÑO MANGA LARGA NIÑO;COLEGIO;20000;30000;1.00;28500
53242;viernes; 31 de julio de 2026;6:06 p. m.;Maria Barbosa Neuque;Vendedor ;;Ventas Mostrador;Nequi;1331-2;PANTALON DE NIÑO DRILL;ROPA;36000;63000;1.00;59850
53241;viernes; 31 de julio de 2026;5:50 p. m.;Maria Barbosa Neuque;Vendedor ;;Ventas Mostrador;Nequi;1420;MEDIAS ENCAJE MARATHON;ROPA;8500;14500;1.00;14500
53241;viernes; 31 de julio de 2026;5:50 p. m.;Maria Barbosa Neuque;Vendedor ;;Ventas Mostrador;Nequi;1726;ZAPATO NO TUERCE;CALZADO;15000;35000;1.00;35000
53241;viernes; 31 de julio de 2026;5:50 p. m.;Maria Barbosa Neuque;Vendedor ;;Ventas Mostrador;Nequi;1015-1;ZAPATO PILIN - PATILIN T: 18 A 22;ZAPATO;42000;70000;1.00;70000
53240;viernes; 31 de julio de 2026;5:23 p. m.;Maria Barbosa Neuque;Vendedor ;;Ventas Mostrador;QR Bancolombia;2124;PRIMER MUDA BABE DUBAO;ROPA;38000;65000;1.00;65000
53239;viernes; 31 de julio de 2026;5:20 p. m.;Maria Barbosa Neuque;Vendedor ;;Ventas Mostrador;Efectivo;2225-1;CONJUNTO DE PANA BEAR;ROPA;45000;80000;1.00;80000
53238;viernes; 31 de julio de 2026;5:16 p. m.;Maria Barbosa Neuque;Vendedor ;;Ventas Mostrador;Efectivo;1419-5;MEDIA CACHIMIR VARIOS COLORES NIÑA;ROPA;12000;16900;1.00;16900
53237;viernes; 31 de julio de 2026;5:07 p. m.;Maria Barbosa Neuque;Vendedor ;;Ventas Mostrador;Efectivo;1695;VESTIDO VELO ESTRELLAS;ROPA;38000;72000;1.00;72000
53237;viernes; 31 de julio de 2026;5:07 p. m.;Maria Barbosa Neuque;Vendedor ;;Ventas Mostrador;Efectivo;7701021118332;PAÑAL WINNY ULTRATRIM SEC 4X16;PAÑAL;21153;25600;1.00;25600
53236;viernes; 31 de julio de 2026;5:00 p. m.;Maria Barbosa Neuque;Vendedor ;;Ventas Mostrador;Efectivo;7702031318316;BAÑO LIQUIDO JOHNSON PIES A CABEZA X400ML;ASEO;19464;25000;1.00;25000
53235;viernes; 31 de julio de 2026;5:00 p. m.;Maria Barbosa Neuque;Vendedor ;;Ventas Mostrador;Nequi;221-14;VESTIDO KINTY AGU-GU;ROPA;27000;78000;1.00;78000
381;viernes; 31 de julio de 2026;4:57 p. m.;Maria Barbosa Neuque;Vendedor ;;Ventas Mostrador;Nequi;1379-1;VESTIDOS MEIQUITOS;ROPA;16000;30000;-1.00;-30000
53234;viernes; 31 de julio de 2026;4:18 p. m.;Maria Barbosa Neuque;Vendedor ;;Ventas Mostrador;Efectivo;71534232090;PATIN DE LANA CARTER;ROPA;15000;29000;1.00;26100
53233;viernes; 31 de julio de 2026;4:00 p. m.;Maria Barbosa Neuque;Vendedor ;;Ventas Mostrador;Tarjeta crédito;7701021115140;PAÑAL WINNY ULTRATRIM SEC 2X16;PAÑAL;14119;16000;1.00;16000
53233;viernes; 31 de julio de 2026;4:00 p. m.;Maria Barbosa Neuque;Vendedor ;;Ventas Mostrador;Tarjeta crédito;6977252935357;VAJILLA ONLY CAJA REF GJTZ;ACCESORIOS;35000;68000;1.00;68000
53232;viernes; 31 de julio de 2026;3:26 p. m.;Maria Barbosa Neuque;Vendedor ;;Ventas Mostrador;Nequi;2116;DUO ESQUELETO Y MANGA LARGA;ROPA;8500;13500;2.00;27000
53232;viernes; 31 de julio de 2026;3:26 p. m.;Maria Barbosa Neuque;Vendedor ;;Ventas Mostrador;Nequi;7891150036383;JABON LIQUIDO DOVE BABY HIPOALERGENICO;ASEO;18000;23500;1.00;23500
53232;viernes; 31 de julio de 2026;3:26 p. m.;Maria Barbosa Neuque;Vendedor ;;Ventas Mostrador;Nequi;OS002;CONEJA Y MONO MUSICAL GRANDE;ACCESORIOS;33000;61000;1.00;61000
53231;viernes; 31 de julio de 2026;2:55 p. m.;Maria Barbosa Neuque;Vendedor ;;Ventas Mostrador;Nequi;1003;PAPEL REGALO PLIEGO Y TARJETA;ACCESORIOS;310;1000;1.00;1000
53231;viernes; 31 de julio de 2026;2:55 p. m.;Maria Barbosa Neuque;Vendedor ;;Ventas Mostrador;Nequi;221-14;VESTIDO KINTY AGU-GU;ROPA;27000;78000;1.00;78000
53230;viernes; 31 de julio de 2026;2:49 p. m.;Maria Barbosa Neuque;Vendedor ;;Ventas Mostrador;Efectivo;7701021116581;PAÑAL WINNY ULTRATRIM SEC 2X50;PAÑAL;44000;49900;1.00;45908
53229;viernes; 31 de julio de 2026;2:48 p. m.;Maria Barbosa Neuque;Vendedor ;;Ventas Mostrador;Nequi;1577;SEMANARIO DE BLUSAS UNICOLOR;ROPA;19000;36000;1.00;36000
53228;viernes; 31 de julio de 2026;2:38 p. m.;Maria Barbosa Neuque;Vendedor ;;Ventas Mostrador;Efectivo;1003;PAPEL REGALO PLIEGO Y TARJETA;ACCESORIOS;310;1000;2.00;2000
53228;viernes; 31 de julio de 2026;2:38 p. m.;Maria Barbosa Neuque;Vendedor ;;Ventas Mostrador;Efectivo;7701021116499;PAÑAL WINNY ULTRATRIM SEC 1X30;PAÑAL;22500;25500;1.00;25500
53228;viernes; 31 de julio de 2026;2:38 p. m.;Maria Barbosa Neuque;Vendedor ;;Ventas Mostrador;Efectivo;1776;PRIMERA MUDA ALMOHADAS;ROPA;27000;48000;1.00;48000
53228;viernes; 31 de julio de 2026;2:38 p. m.;Maria Barbosa Neuque;Vendedor ;;Ventas Mostrador;Efectivo;7702026147631;PAÑITOS PEQUEÑIN ALMENDRA X 100 UND;ASEO;8600;10900;1.00;10900
53227;viernes; 31 de julio de 2026;1:38 p. m.;Maria Barbosa Neuque;Vendedor ;;Ventas Mostrador;QR Bancolombia;4359;CONJUNTO CHALOS CHAQUETA PANA Y JEAN;ROPA;60000;110000;1.00;99000
53226;viernes; 31 de julio de 2026;12:42 p. m.;Maria Barbosa Neuque;Vendedor ;;Ventas Mostrador;Tarjeta Débito;1003;PAPEL REGALO PLIEGO Y TARJETA;ACCESORIOS;310;1000;1.00;1000
53226;viernes; 31 de julio de 2026;12:42 p. m.;Maria Barbosa Neuque;Vendedor ;;Ventas Mostrador;Tarjeta Débito;263;CONJUNTO 3 PIEZAS OSO;ROPA;31000;72000;1.00;72000
53225;viernes; 31 de julio de 2026;11:37 a. m.;Maria Barbosa Neuque;Vendedor ;;Ventas Mostrador;Efectivo;1267;BLUSA MATERNA CHALIS MANGA LARGA;MATERNA;30000;63000;1.00;63000
53224;viernes; 31 de julio de 2026;11:36 a. m.;Maria Barbosa Neuque;Vendedor ;;Ventas Mostrador;Nequi;1718;ZAPATO TELA BEBE;CALZADO;10000;25000;1.00;25000
53224;viernes; 31 de julio de 2026;11:36 a. m.;Maria Barbosa Neuque;Vendedor ;;Ventas Mostrador;Nequi;7702277244271;COLONIA ARRURRU 30 ML ROSADA NVA PRESENTACION;ASEO;7556;9500;1.00;9500
53224;viernes; 31 de julio de 2026;11:36 a. m.;Maria Barbosa Neuque;Vendedor ;;Ventas Mostrador;Nequi;3211-1;CONJUNTO MYP SCO EN HILO;ROPA;53000;90000;1.00;90000
53224;viernes; 31 de julio de 2026;11:36 a. m.;Maria Barbosa Neuque;Vendedor ;;Ventas Mostrador;Nequi;1768-1;MEDIA ESPAÑOLA DE BOTON;ROPA;6500;13000;1.00;13000
53223;viernes; 31 de julio de 2026;11:00 a. m.;Maria Barbosa Neuque;Vendedor ;;Ventas Mostrador;Efectivo;IMP- 04;CHUPO REPUESTO BOQUILLA BLANDA;ACCESORIOS;1311;7000;1.00;7000
53222;viernes; 31 de julio de 2026;10:52 a. m.;Maria Barbosa Neuque;Vendedor ;;Ventas Mostrador;Nequi;7707199346249;PAÑAL VALENTINA 1PX50;PAÑAL;29800;37300;1.00;37300
53221;viernes; 31 de julio de 2026;10:33 a. m.;Maria Barbosa Neuque;Vendedor ;;Ventas Mostrador;Nequi;7701021145949;PAÑITOS WINNY ALOE X100;ASEO;9529;12500;1.00;12500
53221;viernes; 31 de julio de 2026;10:33 a. m.;Maria Barbosa Neuque;Vendedor ;;Ventas Mostrador;Nequi;7707233050354;TETERO CORCHITO PREMATURO 2 ONZ;ACCESORIOS;3867;9000;1.00;9000
53221;viernes; 31 de julio de 2026;10:33 a. m.;Maria Barbosa Neuque;Vendedor ;;Ventas Mostrador;Nequi;4298;COLONIA PARVULITOS DE 30 ML;ASEO;4400;7000;1.00;7000
53221;viernes; 31 de julio de 2026;10:33 a. m.;Maria Barbosa Neuque;Vendedor ;;Ventas Mostrador;Nequi;1943-2;BODY LEYENDA MATERNA;ROPA;17500;25000;1.00;25000
53220;viernes; 31 de julio de 2026;10:23 a. m.;Maria Barbosa Neuque;Vendedor ;;Ventas Mostrador;Nequi;263;CONJUNTO 3 PIEZAS OSO;ROPA;30000;72000;1.00;72000
53219;jueves; 30 de julio de 2026;8:25 p. m.;cajero 1;Vendedor ;;Ventas Mostrador;Efectivo;7702031878452;CREMA DE PEINAR EXTRA HUMECTANTE X 200 ML;ASEO;17120;21400;1.00;21400
53219;jueves; 30 de julio de 2026;8:25 p. m.;cajero 1;Vendedor ;;Ventas Mostrador;Efectivo;1133-5;MEDIA TOBACO X UNIDAD T 0 A 18 MESES;ROPA;2500;4500;1.00;4500
53218;jueves; 30 de julio de 2026;8:17 p. m.;cajero 1;Vendedor ;;Ventas Mostrador;QR Bancolombia;1003;PAPEL REGALO PLIEGO Y TARJETA;ACCESORIOS;310;1000;1.00;1000
53218;jueves; 30 de julio de 2026;8:17 p. m.;cajero 1;Vendedor ;;Ventas Mostrador;QR Bancolombia;3064;COBERTOR OVEJERO CON ESTAMPADO;LENCERIA;15000;39000;1.00;39000
53217;jueves; 30 de julio de 2026;7:27 p. m.;cajero 1;Vendedor ;;Ventas Mostrador;Efectivo;1003;PAPEL REGALO PLIEGO Y TARJETA;ACCESORIOS;310;1000;4.00;4000
53217;jueves; 30 de julio de 2026;7:27 p. m.;cajero 1;Vendedor ;;Ventas Mostrador;Efectivo;7701021111975;PAÑAL WINNY 0X50;PAÑAL;32517;34500;1.00;34500
53216;jueves; 30 de julio de 2026;7:07 p. m.;cajero 1;Vendedor ;;Ventas Mostrador;Efectivo;1726;ZAPATO NO TUERCE;CALZADO;15000;35000;1.00;35000
53216;jueves; 30 de julio de 2026;7:07 p. m.;cajero 1;Vendedor ;;Ventas Mostrador;Efectivo;1190;CIRIO SENCILLO;BAUTIZO;2500;8500;1.00;8500
53215;jueves; 30 de julio de 2026;7:00 p. m.;cajero 1;Vendedor ;;Ventas Mostrador;Nequi;7702057089290;YODORA X60+32 GRAMOS;ASEO;23307;29500;1.00;29500
53214;jueves; 30 de julio de 2026;6:57 p. m.;cajero 1;Vendedor ;;Ventas Mostrador;Nequi;1379-1;VESTIDOS MEIQUITOS;ROPA;16000;30000;1.00;30000
53213;jueves; 30 de julio de 2026;6:56 p. m.;cajero 1;Vendedor ;;Ventas Mostrador;Nequi;2224;TUTU POR UNIDAD;ROPA;13000;26900;1.00;26900
53212;jueves; 30 de julio de 2026;6:50 p. m.;cajero 1;Vendedor ;;Ventas Mostrador;Daviplata;1003;PAPEL REGALO PLIEGO Y TARJETA;ACCESORIOS;310;1000;1.00;1000
53212;jueves; 30 de julio de 2026;6:50 p. m.;cajero 1;Vendedor ;;Ventas Mostrador;Daviplata;1360;CHAQUETA CAPOTA ANIMALITO J&M;ROPA;30000;68000;1.00;65008
53211;jueves; 30 de julio de 2026;6:35 p. m.;cajero 1;Vendedor ;;Ventas Mostrador;Efectivo;1791;FORRO MEDIANO CALIBRE 4;ACCESORIOS;10000;17500;1.00;17500
53211;jueves; 30 de julio de 2026;6:35 p. m.;cajero 1;Vendedor ;;Ventas Mostrador;Efectivo;7701021116635;PAÑAL WINNY ULTRATRIM PANT 4X30;PAÑAL;38178;42600;1.00;40470
53210;jueves; 30 de julio de 2026;6:16 p. m.;cajero 1;Vendedor ;;Ventas Mostrador;QR Bancolombia;AK5210;ESTUCHE CUCHARA SILICONA X 2;ASEO;6500;13800;1.00;13800
53209;jueves; 30 de julio de 2026;6:10 p. m.;cajero 1;Vendedor ;;Ventas Mostrador;Efectivo;1379-1;VESTIDOS MEIQUITOS;ROPA;16000;30000;1.00;30000
53208;jueves; 30 de julio de 2026;6:07 p. m.;cajero 1;Vendedor ;;Ventas Mostrador;Efectivo;1420;MEDIAS ENCAJE MARATHON;ROPA;8500;14500;1.00;14500
53207;jueves; 30 de julio de 2026;5:16 p. m.;cajero 1;Vendedor ;;Ventas Mostrador;Daviplata;1420-1;MEDIA BAMBI - TOBILLERA OSO;ROPA;6000;13000;2.00;26000
53206;jueves; 30 de julio de 2026;5:09 p. m.;cajero 1;Vendedor ;;Ventas Mostrador;Efectivo;7707199344832;PAÑAL VALENTINA 4XG X30;PAÑAL;32600;40800;1.00;40800
53205;jueves; 30 de julio de 2026;4:39 p. m.;cajero 1;Vendedor ;;Ventas Mostrador;Tarjeta Débito;1196-2;SUDADERA PAULIS DOBLE PANTALONEST2 A T10;ROPA;32620;66000;1.00;66000
53205;jueves; 30 de julio de 2026;4:39 p. m.;cajero 1;Vendedor ;;Ventas Mostrador;Tarjeta Débito;1943-1;BODY SUNNOZY X UNIDAD;ROPA;10125;17000;1.00;17000
53204;jueves; 30 de julio de 2026;4:36 p. m.;cajero 1;Vendedor ;;Ventas Mostrador;Nequi;2147;CORTAUÑAS DE ANIMALITO;ASEO;1500;3600;1.00;3600
53204;jueves; 30 de julio de 2026;4:36 p. m.;cajero 1;Vendedor ;;Ventas Mostrador;Nequi;1351-3;FULAR NIÑA NIÑO;ACCESORIOS;32000;65000;1.00;65000
53203;jueves; 30 de julio de 2026;3:57 p. m.;cajero 1;Vendedor ;;Ventas Mostrador;Efectivo;7702277889106;COLONIA ARRURRU 120 ML AZUL + JABON NVA PREST;ASEO;22027;27600;1.00;27600
53202;jueves; 30 de julio de 2026;3:13 p. m.;cajero 1;Vendedor ;;Ventas Mostrador;Tarjeta Débito;15001;COBIJA TAMIRON BEBE;LENCERIA;42000;69000;2.00;138000
53201;jueves; 30 de julio de 2026;2:18 p. m.;cajero 1;Vendedor ;;Ventas Mostrador;Efectivo;1138-2;SUDADERA SAFARY PAULIS & CO;ROPA;32650;64000;1.00;64000
53201;jueves; 30 de julio de 2026;2:18 p. m.;cajero 1;Vendedor ;;Ventas Mostrador;Efectivo;1138-3;SUDADERA BUSO CERRADO CONEJA;ROPA;30500;63000;1.00;63000
380;jueves; 30 de julio de 2026;2:17 p. m.;cajero 1;Vendedor ;;Ventas Mostrador;Efectivo;3211-5;CONJUNTO MELODY CHAQUETA LEÑADOR NIÑO;ROPA;60000;110000;-1.00;-110000
53200;jueves; 30 de julio de 2026;1:26 p. m.;cajero 1;Vendedor ;;Ventas Mostrador;Efectivo;1726;ZAPATO NO TUERCE;CALZADO;15000;35000;1.00;35000
53199;jueves; 30 de julio de 2026;11:32 a. m.;cajero 1;Vendedor ;;Ventas Mostrador;Efectivo;9090;CORBATIN NIÑO;ACCESORIOS;3000;9000;3.00;27000
53198;jueves; 30 de julio de 2026;10:12 a. m.;cajero 1;Vendedor ;;Ventas Mostrador;Efectivo;1980;MEDIAS MICROFIBRA 2-4-6-8-10-12;ROPA;8500;17900;1.00;17900
53197;miércoles; 29 de julio de 2026;8:05 p. m.;cajero 1;Vendedor ;;Ventas Mostrador;Nequi;7701021111845;PAÑAL WINNY ULTRATRIM SEC 3X50;PAÑAL;50170;57900;1.00;53268
53196;miércoles; 29 de julio de 2026;7:04 p. m.;cajero 1;Vendedor ;;Ventas Mostrador;Efectivo;7701021143655;PAÑITOS WINNY ALOE X24;ASEO;3216;3900;1.00;3900
53195;miércoles; 29 de julio de 2026;3:47 p. m.;cajero 1;Vendedor ;;Ventas Mostrador;Nequi;6970817283337;PAÑITOS VALENTINA X 100;ASEO;5999;11600;3.00;29197
53194;miércoles; 29 de julio de 2026;1:41 p. m.;cajero 1;Vendedor ;;Ventas Mostrador;Efectivo;7707233050019;CHUPO CORCHITO MEDIADO NRO 2;ACCESORIOS;618;5000;1.00;5000
53193;miércoles; 29 de julio de 2026;1:07 p. m.;cajero 1;Vendedor ;;Ventas Mostrador;Nequi;1379-1;VESTIDOS MEIQUITOS;ROPA;16000;30000;1.00;30000
53192;miércoles; 29 de julio de 2026;12:38 p. m.;cajero 1;Vendedor ;;Ventas Mostrador;QR Bancolombia;6977252931915;RECOLECTORAS DE LECHE ONLY;ACCESORIOS;10000;21000;1.00;21000
53191;miércoles; 29 de julio de 2026;10:53 a. m.;cajero 1;Vendedor ;;Ventas Mostrador;Efectivo;2117-1;MEDIAS RECIEN NACIDO X UNIDAD;ROPA;875;2500;1.00;2500
53191;miércoles; 29 de julio de 2026;10:53 a. m.;cajero 1;Vendedor ;;Ventas Mostrador;Efectivo;1303-2;BALACA DE TELA NVO DISEÑO;ACCESORIOS;3000;7000;1.00;7000
53190;martes; 28 de julio de 2026;8:05 p. m.;cajero 1;Vendedor ;;Ventas Mostrador;Efectivo;7701021111845;PAÑAL WINNY ULTRATRIM SEC 3X50;PAÑAL;50170;57900;1.00;53268
53189;martes; 28 de julio de 2026;6:24 p. m.;cajero 1;Vendedor ;;Ventas Mostrador;Efectivo;2157;CONJUNTO DE JEANS CON BUSO CERRADO;ROPA;35500;70000;1.00;70000
379;martes; 28 de julio de 2026;6:21 p. m.;cajero 1;Vendedor ;;Ventas Mostrador;Efectivo;1695;VESTIDO VELO ESTRELLAS;ROPA;38000;72000;-1.00;-72000
53188;martes; 28 de julio de 2026;6:13 p. m.;cajero 1;Vendedor ;;Ventas Mostrador;Efectivo;1121;SONAJERO ANIMALITOS CHILLON;ACCESORIOS;14000;22500;1.00;22500
53188;martes; 28 de julio de 2026;6:13 p. m.;cajero 1;Vendedor ;;Ventas Mostrador;Efectivo;1133-5;MEDIA TOBACO X UNIDAD T 0 A 18 MESES;ROPA;2500;4500;3.00;13500
53187;martes; 28 de julio de 2026;4:53 p. m.;cajero 1;Vendedor ;;Ventas Mostrador;Efectivo;7701021147585;PAÑAL WINNY ULTRATRIM SEC 4X50;PAÑAL;61716;71300;2.00;131192
378;martes; 28 de julio de 2026;4:47 p. m.;cajero 1;Vendedor ;;Ventas Mostrador;Efectivo;7701021117786;PAÑAL WINNY PANTS 4X50;PAÑAL;63800;71300;-2.00;-131192
53186;martes; 28 de julio de 2026;4:43 p. m.;cajero 1;Vendedor ;;Ventas Mostrador;Nequi;1726;ZAPATO NO TUERCE;CALZADO;15000;35000;1.00;35000
53185;martes; 28 de julio de 2026;4:41 p. m.;cajero 1;Vendedor ;;Ventas Mostrador;Efectivo;1943-2;BODY LEYENDA MATERNA;ROPA;17500;25000;1.00;25000
53184;martes; 28 de julio de 2026;4:27 p. m.;cajero 1;Vendedor ;;Ventas Mostrador;Efectivo;1980;MEDIAS MICROFIBRA 2-4-6-8-10-12;ROPA;8500;17900;1.00;17900
53183;martes; 28 de julio de 2026;3:17 p. m.;cajero 1;Vendedor ;;Ventas Mostrador;Efectivo;7707199348427;PAÑAL VALENTINA 5XXG X30;PAÑAL;36600;42900;1.00;42900
53182;martes; 28 de julio de 2026;2:59 p. m.;cajero 1;Vendedor ;;Ventas Mostrador;Efectivo;1135;BATA LABORATORIO NIÑO;COLEGIO;14000;25000;1.00;25000
53181;martes; 28 de julio de 2026;2:40 p. m.;cajero 1;Vendedor ;;Ventas Mostrador;Efectivo;7701021116635;PAÑAL WINNY ULTRATRIM PANT 4X30;PAÑAL;38315;42600;1.00;40470
53180;martes; 28 de julio de 2026;2:38 p. m.;cajero 1;Vendedor ;;Ventas Mostrador;Efectivo;71534232090;PATIN DE LANA CARTER;ROPA;15000;29000;1.00;29000
53179;martes; 28 de julio de 2026;2:16 p. m.;cajero 1;Vendedor ;;Ventas Mostrador;Nequi;1295;CREMA VALENTINA ANTIPAÑALITIS X110;ASEO;17500;26000;2.00;52000
53178;martes; 28 de julio de 2026;2:14 p. m.;cajero 1;Vendedor ;;Ventas Mostrador;Efectivo;1295;CREMA VALENTINA ANTIPAÑALITIS X110;ASEO;17500;26000;1.00;26000
53178;martes; 28 de julio de 2026;2:14 p. m.;cajero 1;Vendedor ;;Ventas Mostrador;Efectivo;7701021117786;PAÑAL WINNY PANTS 4X50;PAÑAL;63800;71300;2.00;131192
53178;martes; 28 de julio de 2026;2:14 p. m.;cajero 1;Vendedor ;;Ventas Mostrador;Efectivo;6970175561962;PAÑITOS VALENTINA CUIDADO INTENSIVO 100 UND;ASEO;6800;11000;3.00;33000
53177;martes; 28 de julio de 2026;1:18 p. m.;cajero 1;Vendedor ;;Ventas Mostrador;Efectivo;125;BIBERON CORCHITO CORONA 15 ONZ;ACCESORIOS;12747;24500;1.00;24500
53176;martes; 28 de julio de 2026;12:06 p. m.;cajero 1;Vendedor ;;Ventas Mostrador;Efectivo;6970817283337;PAÑITOS VALENTINA X 100;ASEO;5999;11600;1.00;11600
53175;martes; 28 de julio de 2026;10:58 a. m.;cajero 1;Vendedor ;;Ventas Mostrador;Efectivo;2224;TUTU POR UNIDAD;ROPA;13000;26900;1.00;26900
53174;martes; 28 de julio de 2026;9:53 a. m.;cajero 1;Vendedor ;;Ventas Mostrador;Nequi;7701021111845;PAÑAL WINNY ULTRATRIM SEC 3X50;PAÑAL;50985;57900;2.00;104996
53173;lunes; 27 de julio de 2026;8:18 p. m.;Maria Barbosa Neuque;Vendedor ;;Ventas Mostrador;Nequi;7701021111845;PAÑAL WINNY ULTRATRIM SEC 3X50;PAÑAL;51800;57900;1.00;52110
53173;lunes; 27 de julio de 2026;8:18 p. m.;Maria Barbosa Neuque;Vendedor ;;Ventas Mostrador;Nequi;7701021116031;PAÑAL WINNY SEC 5X50;PAÑAL;67753;78000;1.00;70200
53172;lunes; 27 de julio de 2026;8:11 p. m.;Maria Barbosa Neuque;Vendedor ;;Ventas Mostrador;Efectivo;1745-1;TENNIS MAITOS COLORES T: 18 A 23;CALZADO;35000;62000;1.00;62000
53171;lunes; 27 de julio de 2026;8:05 p. m.;Maria Barbosa Neuque;Vendedor ;1001;OLIVER CLIENTE;Nequi;7707199346270;PAÑAL VALENTINA 4XG X50;PAÑAL;51200;57600;1.00;54720
53171;lunes; 27 de julio de 2026;8:05 p. m.;Maria Barbosa Neuque;Vendedor ;1001;OLIVER CLIENTE;Nequi;7708910757191;PAÑAL VALENTINA 5XXG X50;PAÑAL;56700;67355;1.00;63987
53170;lunes; 27 de julio de 2026;7:36 p. m.;Maria Barbosa Neuque;Vendedor ;1001;Ventas Mostrador;QR Bancolombia;2002;SEMANARIO 21 PIEZAS;ROPA;35000;53000;1.00;53000
53170;lunes; 27 de julio de 2026;7:36 p. m.;Maria Barbosa Neuque;Vendedor ;1001;Ventas Mostrador;QR Bancolombia;2124;PRIMER MUDA BABE DUBAO;ROPA;38000;65000;1.00;65000
53169;lunes; 27 de julio de 2026;7:17 p. m.;Maria Barbosa Neuque;Vendedor ;1001;Ventas Mostrador;Efectivo;1515;ZAPATO CHAROL VALETA;CALZADO;23000;45000;1.00;45000
53168;lunes; 27 de julio de 2026;6:49 p. m.;Maria Barbosa Neuque;Vendedor ;1001;Ventas Mostrador;QR Bancolombia;2117-1;MEDIAS RECIEN NACIDO X UNIDAD;ROPA;875;2500;1.00;2500
53168;lunes; 27 de julio de 2026;6:49 p. m.;Maria Barbosa Neuque;Vendedor ;1001;Ventas Mostrador;QR Bancolombia;7707233050354;TETERO CORCHITO PREMATURO 2 ONZ;ACCESORIOS;3867;9000;1.00;9000
53167;lunes; 27 de julio de 2026;6:00 p. m.;Maria Barbosa Neuque;Vendedor ;1001;Ventas Mostrador;Efectivo;1719;COBIJA APEGO;LENCERIA;20000;40000;1.00;40000
53167;lunes; 27 de julio de 2026;6:00 p. m.;Maria Barbosa Neuque;Vendedor ;1001;Ventas Mostrador;Efectivo;6940163300088;EXTRACTOR PORTATIL ELECTRICO;ACCESORIOS;40000;95000;1.00;95000
53166;lunes; 27 de julio de 2026;5:10 p. m.;Maria Barbosa Neuque;Vendedor ;1001;Ventas Mostrador;Nequi;2028;CAMINADOR PINPONG;CAMINADORES;59930;95000;1.00;95000
53165;lunes; 27 de julio de 2026;3:45 p. m.;Maria Barbosa Neuque;Vendedor ;1001;Ventas Mostrador;Efectivo;7701021116512;PAÑAL WINNY ULTRATRIM SEC 1X50;PAÑAL;37500;41500;1.00;39425
53165;lunes; 27 de julio de 2026;3:45 p. m.;Maria Barbosa Neuque;Vendedor ;1001;Ventas Mostrador;Efectivo;10010112;SEMANARIO UNICOLOR 14 PIEZAS;ROPA;42000;72000;1.00;72000
53164;lunes; 27 de julio de 2026;2:53 p. m.;Maria Barbosa Neuque;Vendedor ;1001;Ventas Mostrador;Efectivo;7701021116604;PAÑAL WINNY ULTRATRIM SEC 2X100;PAÑAL;83995;100000;1.00;90000
53163;lunes; 27 de julio de 2026;12:20 p. m.;Maria Barbosa Neuque;Vendedor ;1001;Ventas Mostrador;Nequi;1066;TOALLA BABY FRIENDS;LENCERIA;21000;39000;1.00;37830
53163;lunes; 27 de julio de 2026;12:20 p. m.;Maria Barbosa Neuque;Vendedor ;1001;Ventas Mostrador;Nequi;2002;SEMANARIO 21 PIEZAS;ROPA;33000;53000;1.00;51410
53163;lunes; 27 de julio de 2026;12:20 p. m.;Maria Barbosa Neuque;Vendedor ;1001;Ventas Mostrador;Nequi;1757;PAÑALERA CUNA UNICOLOR / CARTERS;PAÑALERA;65000;160000;1.00;156800
53163;lunes; 27 de julio de 2026;12:20 p. m.;Maria Barbosa Neuque;Vendedor ;1001;Ventas Mostrador;Nequi;2025;MEDIA PATIN;ROPA;2583;6500;1.00;6305
53163;lunes; 27 de julio de 2026;12:20 p. m.;Maria Barbosa Neuque;Vendedor ;1001;Ventas Mostrador;Nequi;2117-1;MEDIAS RECIEN NACIDO X UNIDAD;ROPA;875;2500;3.00;7125
53162;domingo; 26 de julio de 2026;8:03 p. m.;cajero 1;;1001;Ventas Mostrador;Nequi;7707199344832;PAÑAL VALENTINA 4XG X30;PAÑAL;32600;40800;1.00;40800
53161;domingo; 26 de julio de 2026;7:14 p. m.;cajero 1;;1001;Ventas Mostrador;Efectivo;1553-5;CAMISETA TIPO POLO BLANCA T: 4 A 16;COLEGIO;10000;18000;2.00;36000
53160;domingo; 26 de julio de 2026;7:12 p. m.;cajero 1;;1001;Ventas Mostrador;Efectivo;1351-1;FAJA MATERNA T: M L Y XL;ACCESORIOS;30000;75000;1.00;75000
53159;domingo; 26 de julio de 2026;6:28 p. m.;cajero 1;;1001;Ventas Mostrador;Efectivo;1917;BOLSA DE REGALO MEDIANA DECORADA NIÑOS;PAPELERIA;2416;4600;1.00;4600
53158;domingo; 26 de julio de 2026;6:01 p. m.;cajero 1;;1001;Ventas Mostrador;Efectivo;909090;BATA LABORATORIO TALLA S M Y L;COLEGIO;16000;28000;1.00;28000
377;domingo; 26 de julio de 2026;6:00 p. m.;cajero 1;;1001;Ventas Mostrador;Efectivo;1135;BATA LABORATORIO NIÑO;COLEGIO;14000;25000;-1.00;-25000
53157;domingo; 26 de julio de 2026;5:44 p. m.;cajero 1;;1001;Ventas Mostrador;Efectivo;7707199344832;PAÑAL VALENTINA 4XG X30;PAÑAL;32600;40800;1.00;40800
53156;domingo; 26 de julio de 2026;5:38 p. m.;cajero 1;;1001;Ventas Mostrador;Efectivo;1133-5;MEDIA TOBACO X UNIDAD T 0 A 18 MESES;ROPA;2500;4500;1.00;4500
53155;domingo; 26 de julio de 2026;5:27 p. m.;cajero 1;;1001;Ventas Mostrador;QR Bancolombia;1768;MEDIAS ESPAÑOLA MOÑO ANAVID;ROPA;7500;13500;1.00;13500
53154;domingo; 26 de julio de 2026;5:08 p. m.;cajero 1;;1001;Ventas Mostrador;QR Bancolombia;1003;PAPEL REGALO PLIEGO Y TARJETA;ACCESORIOS;310;1000;2.00;2000
53154;domingo; 26 de julio de 2026;5:08 p. m.;cajero 1;;1001;Ventas Mostrador;QR Bancolombia;7701021111821;PAÑAL WINNY ULTRATRIM 3X30;PAÑAL;32600;35800;1.00;35800
53154;domingo; 26 de julio de 2026;5:08 p. m.;cajero 1;;1001;Ventas Mostrador;QR Bancolombia;7702026147631;PAÑITOS PEQUEÑIN ALMENDRA X 100 UND;ASEO;8600;10900;1.00;10900
53154;domingo; 26 de julio de 2026;5:08 p. m.;cajero 1;;1001;Ventas Mostrador;QR Bancolombia;2925;JARDINERA PANA PUPPY;ROPA;40000;70000;1.00;70000
53153;domingo; 26 de julio de 2026;4:57 p. m.;cajero 1;;1001;Ventas Mostrador;Efectivo;1899;CEPILLO LAVA ENCIAS;ASEO;2400;7500;1.00;7500
53152;domingo; 26 de julio de 2026;4:56 p. m.;cajero 1;;1001;Ventas Mostrador;Efectivo;7701021118356;PAÑAL WINNY 5X16;PAÑAL;22117;28100;1.00;28100
53151;domingo; 26 de julio de 2026;4:33 p. m.;cajero 1;;1001;Ventas Mostrador;Efectivo;1726;ZAPATO NO TUERCE;CALZADO;15000;35000;1.00;35000
53151;domingo; 26 de julio de 2026;4:33 p. m.;cajero 1;;1001;Ventas Mostrador;Efectivo;2080-1;BODY BLANCO X UNIDAD;ROPA;5000;10000;1.00;10000
53150;domingo; 26 de julio de 2026;4:11 p. m.;cajero 1;;1001;Ventas Mostrador;Efectivo;909090;BATA LABORATORIO TALLA S M Y L;COLEGIO;16000;28000;1.00;28000
53149;domingo; 26 de julio de 2026;4:03 p. m.;cajero 1;;1001;Ventas Mostrador;Efectivo;3064;COBERTOR OVEJERO CON ESTAMPADO;LENCERIA;15000;39000;1.00;39000
53148;domingo; 26 de julio de 2026;3:58 p. m.;cajero 1;;1001;Ventas Mostrador;Efectivo;71534232090;PATIN DE LANA CARTER;ROPA;14750;29000;2.00;58000
53148;domingo; 26 de julio de 2026;3:58 p. m.;cajero 1;;1001;Ventas Mostrador;Efectivo;10657;SONAJERO MUSICAL OSO ELEFANTE GRANDE;ACCESORIOS;20000;49500;1.00;49500
53148;domingo; 26 de julio de 2026;3:58 p. m.;cajero 1;;1001;Ventas Mostrador;Efectivo;725-1;CONJUNTO GAB KIDS NIÑA /O T:2 A T:6;ROPA;43000;86000;1.00;86000
53148;domingo; 26 de julio de 2026;3:58 p. m.;cajero 1;;1001;Ventas Mostrador;Efectivo;2925;JARDINERA PANA PUPPY;ROPA;40000;70000;1.00;70000
53148;domingo; 26 de julio de 2026;3:58 p. m.;cajero 1;;1001;Ventas Mostrador;Efectivo;3211-4;CONJUNTO MELODY CHAQUETA BEISBOLERA NIÑA;ROPA;58000;105000;1.00;105000
53148;domingo; 26 de julio de 2026;3:58 p. m.;cajero 1;;1001;Ventas Mostrador;Efectivo;1943-1;BODY SUNNOZY X UNIDAD;ROPA;10125;17000;1.00;17000
53148;domingo; 26 de julio de 2026;3:58 p. m.;cajero 1;;1001;Ventas Mostrador;Efectivo;800610;SONAJERO PASTA OBSEQUIO;JUGUETES;2214;3500;1.00;0
53147;domingo; 26 de julio de 2026;3:50 p. m.;cajero 1;;1001;Ventas Mostrador;Efectivo;2117-1;MEDIAS RECIEN NACIDO X UNIDAD;ROPA;875;2500;1.00;2500
53147;domingo; 26 de julio de 2026;3:50 p. m.;cajero 1;;1001;Ventas Mostrador;Efectivo;1303-3;BALACA TELA DELGADA;ACCESORIOS;3000;7500;1.00;7500
53146;domingo; 26 de julio de 2026;3:28 p. m.;cajero 1;;1001;Ventas Mostrador;Efectivo;1135;BATA LABORATORIO NIÑO;COLEGIO;14000;25000;1.00;25000
53145;domingo; 26 de julio de 2026;3:20 p. m.;cajero 1;;1001;Ventas Mostrador;Efectivo;PTQ1167;CHUPO REPUESTO ONLY KTT-030;ACCESORIOS;1800;6500;1.00;6500
53144;domingo; 26 de julio de 2026;3:03 p. m.;cajero 1;;1001;Ventas Mostrador;Efectivo;1379;CONJUNTO MEIQUITOS BABY;ROPA;16000;30000;1.00;30000
53143;domingo; 26 de julio de 2026;2:33 p. m.;cajero 1;;1001;Ventas Mostrador;Efectivo;7701021116499;PAÑAL WINNY ULTRATRIM SEC 1X30;PAÑAL;22500;25500;2.00;51000
53142;domingo; 26 de julio de 2026;1:52 p. m.;cajero 1;;1001;Ventas Mostrador;Efectivo;7701021116499;PAÑAL WINNY ULTRATRIM SEC 1X30;PAÑAL;22500;25500;1.00;25500
53142;domingo; 26 de julio de 2026;1:52 p. m.;cajero 1;;1001;Ventas Mostrador;Efectivo;7701021145949;PAÑITOS WINNY ALOE X100;ASEO;9529;12500;1.00;12500
53141;domingo; 26 de julio de 2026;1:50 p. m.;cajero 1;;1001;Ventas Mostrador;Efectivo;1003;PAPEL REGALO PLIEGO Y TARJETA;ACCESORIOS;310;1000;1.00;1000
53141;domingo; 26 de julio de 2026;1:50 p. m.;cajero 1;;1001;Ventas Mostrador;Efectivo;7702277943150;ESTUCHE ARRURRU VIAJERO NIÑO;ASEO;20969;32200;1.00;32200
53141;domingo; 26 de julio de 2026;1:50 p. m.;cajero 1;;1001;Ventas Mostrador;Efectivo;7701021144829;PAÑAL WINNY ULTRATRIM SENSITIVE 0X30;PAÑAL;19512;23500;1.00;23500
53140;domingo; 26 de julio de 2026;1:45 p. m.;cajero 1;;1001;Ventas Mostrador;Efectivo;0202-1;CEPILLO MUSICAL + PEINILLA;ACCESORIOS;4900;11000;1.00;11000
53139;domingo; 26 de julio de 2026;1:23 p. m.;cajero 1;;1001;Ventas Mostrador;Efectivo;1726;ZAPATO NO TUERCE;CALZADO;15000;35000;1.00;35000
53138;domingo; 26 de julio de 2026;12:41 p. m.;cajero 1;;1001;Ventas Mostrador;Nequi;1420;MEDIAS ENCAJE MARATHON;ROPA;8500;14500;1.00;14500
53137;domingo; 26 de julio de 2026;10:48 a. m.;cajero 1;;1001;Ventas Mostrador;Nequi;2812;CAMISA MANGA CORTA;ROPA;20000;37000;1.00;37000
53136;domingo; 26 de julio de 2026;9:28 a. m.;cajero 1;;1001;Ventas Mostrador;Efectivo;1726;ZAPATO NO TUERCE;CALZADO;15000;35000;1.00;35000
53135;sábado; 25 de julio de 2026;8:11 p. m.;cajero 1;;1001;Ventas Mostrador;Efectivo;1917;BOLSA DE REGALO MEDIANA DECORADA NIÑOS;PAPELERIA;2416;4600;1.00;4600
53134;sábado; 25 de julio de 2026;8:07 p. m.;cajero 1;;1001;Ventas Mostrador;Efectivo;2227;PAÑAL ADULTO TALLA M X UNIDAD;PAÑAL;2157;3900;4.00;15600
53133;sábado; 25 de julio de 2026;7:53 p. m.;cajero 1;;1001;Ventas Mostrador;QR Bancolombia;1003;PAPEL REGALO PLIEGO Y TARJETA;ACCESORIOS;310;1000;1.00;1000
53133;sábado; 25 de julio de 2026;7:53 p. m.;cajero 1;;1001;Ventas Mostrador;QR Bancolombia;1559-1;TENNIS IMPORTADOS T: 18 A 24;ZAPATO;37000;70000;1.00;67998
53131;sábado; 25 de julio de 2026;6:09 p. m.;cajero 1;;1001;Ventas Mostrador;Efectivo;1515;ZAPATO CHAROL VALETA;CALZADO;23000;45000;1.00;45000
53130;sábado; 25 de julio de 2026;6:02 p. m.;cajero 1;;1001;Ventas Mostrador;Efectivo;1003;PAPEL REGALO PLIEGO Y TARJETA;ACCESORIOS;310;1000;2.00;1600
53129;sábado; 25 de julio de 2026;6:01 p. m.;cajero 1;;1001;Ventas Mostrador;Tarjeta crédito;1003;PAPEL REGALO PLIEGO Y TARJETA;ACCESORIOS;310;1000;2.00;2000
53129;sábado; 25 de julio de 2026;6:01 p. m.;cajero 1;;1001;Ventas Mostrador;Tarjeta crédito;1138-2;SUDADERA SAFARY PAULIS & CO;ROPA;32650;64000;1.00;64000
53129;sábado; 25 de julio de 2026;6:01 p. m.;cajero 1;;1001;Ventas Mostrador;Tarjeta crédito;1196-3;SUDADERA PAULIS & CO JUNIOR CREMALLERA T4 A T10;ROPA;36500;75000;1.00;75000
53128;sábado; 25 de julio de 2026;5:52 p. m.;cajero 1;;1001;Ventas Mostrador;Efectivo;1918;BOLSA DE REGALO GRANDE JUMBO DECORADA;PAPELERIA;3300;6000;1.00;6000
53127;sábado; 25 de julio de 2026;5:51 p. m.;cajero 1;;1001;Ventas Mostrador;Efectivo;7701021111821;PAÑAL WINNY ULTRATRIM 3X30;PAÑAL;32600;35800;1.00;34010
53127;sábado; 25 de julio de 2026;5:51 p. m.;cajero 1;;1001;Ventas Mostrador;Efectivo;7701021145949;PAÑITOS WINNY ALOE X100;ASEO;9529;12500;1.00;12500
53126;sábado; 25 de julio de 2026;5:49 p. m.;cajero 1;;1001;Ventas Mostrador;Efectivo;280;CONJUNTO CHIKIS BODY + VESTIDO;ROPA;42000;68000;1.00;68000
53126;sábado; 25 de julio de 2026;5:49 p. m.;cajero 1;;1001;Ventas Mostrador;Efectivo;2925;JARDINERA PANA PUPPY;ROPA;40000;70000;1.00;70000
53125;sábado; 25 de julio de 2026;5:44 p. m.;cajero 1;;1001;Ventas Mostrador;Efectivo;7701021116031;PAÑAL WINNY SEC 5X50;PAÑAL;67753;78000;1.00;70200
53124;sábado; 25 de julio de 2026;5:40 p. m.;cajero 1;;1001;Ventas Mostrador;Efectivo;AK3863;TETERO ONLY - AVEAT 4OZ CON OREJAS;ACCESORIOS;8384;16000;1.00;16000
53123;sábado; 25 de julio de 2026;4:51 p. m.;cajero 1;;1001;Ventas Mostrador;Efectivo;1003;PAPEL REGALO PLIEGO Y TARJETA;ACCESORIOS;310;1000;1.00;1000
53123;sábado; 25 de julio de 2026;4:51 p. m.;cajero 1;;1001;Ventas Mostrador;Efectivo;725-1;CONJUNTO GAB KIDS NIÑA /O T:2 A T:6;ROPA;43000;86000;1.00;86000
53122;sábado; 25 de julio de 2026;4:32 p. m.;cajero 1;;1001;Ventas Mostrador;Nequi;1768;MEDIAS ESPAÑOLA MOÑO ANAVID;ROPA;7500;13500;1.00;13500
53121;sábado; 25 de julio de 2026;4:08 p. m.;cajero 1;;1001;Ventas Mostrador;QR Bancolombia;1174;BUSO CUELLO REDONDO COLORES;ROPA;11000;16000;1.00;16000
53120;sábado; 25 de julio de 2026;3:46 p. m.;cajero 1;;1001;Ventas Mostrador;Efectivo;1003;PAPEL REGALO PLIEGO Y TARJETA;ACCESORIOS;310;1000;1.00;1000
53120;sábado; 25 de julio de 2026;3:46 p. m.;cajero 1;;1001;Ventas Mostrador;Efectivo;2157;CONJUNTO DE JEANS CON BUSO CERRADO;ROPA;35500;70000;1.00;70000
53119;sábado; 25 de julio de 2026;3:44 p. m.;cajero 1;;1001;Ventas Mostrador;Nequi;7701021115140;PAÑAL WINNY ULTRATRIM SEC 2X16;PAÑAL;14800;16000;1.00;16000
53118;sábado; 25 de julio de 2026;3:08 p. m.;cajero 1;;1001;Ventas Mostrador;QR Bancolombia;7702277943150;ESTUCHE ARRURRU VIAJERO NIÑO;ASEO;20969;32200;1.00;32200
53118;sábado; 25 de julio de 2026;3:08 p. m.;cajero 1;;1001;Ventas Mostrador;QR Bancolombia;1917;BOLSA DE REGALO MEDIANA DECORADA NIÑOS;PAPELERIA;2416;4600;1.00;4600
53117;sábado; 25 de julio de 2026;3:02 p. m.;cajero 1;;1001;Ventas Mostrador;Efectivo;1695;VESTIDO VELO ESTRELLAS;ROPA;38000;72000;1.00;72000
53117;sábado; 25 de julio de 2026;3:02 p. m.;cajero 1;;1001;Ventas Mostrador;Efectivo;1980;MEDIAS MICROFIBRA 2-4-6-8-10-12;ROPA;8500;17900;1.00;17900
53116;sábado; 25 de julio de 2026;11:42 a. m.;cajero 1;;1001;Ventas Mostrador;Nequi;1003;PAPEL REGALO PLIEGO Y TARJETA;ACCESORIOS;310;1000;1.00;1000
53116;sábado; 25 de julio de 2026;11:42 a. m.;cajero 1;;1001;Ventas Mostrador;Nequi;1722;PIJAMA TERMICA 2 PIEZAS T8;ROPA;14000;35000;1.00;35000
53116;sábado; 25 de julio de 2026;11:42 a. m.;cajero 1;;1001;Ventas Mostrador;Nequi;0031-2;PIJAMA 2 PIEZAS BUSO CERRADO;ROPA;22000;40000;1.00;40000
53115;sábado; 25 de julio de 2026;11:24 a. m.;cajero 1;;1001;Ventas Mostrador;Nequi;7701021111975;PAÑAL WINNY 0X50;PAÑAL;32517;34500;1.00;34500
53115;sábado; 25 de julio de 2026;11:24 a. m.;cajero 1;;1001;Ventas Mostrador;Nequi;7702277910435;ESTUCHE ARRURRU ABUELITA NIÑO NVA PRESENTACION;ASEO;60350;90000;1.00;90000
53115;sábado; 25 de julio de 2026;11:24 a. m.;cajero 1;;1001;Ventas Mostrador;Nequi;10010112;SEMANARIO UNICOLOR 14 PIEZAS;ROPA;42000;72000;1.00;72000
53114;sábado; 25 de julio de 2026;11:20 a. m.;cajero 1;;1001;Ventas Mostrador;Nequi;7701021118356;PAÑAL WINNY 5X16;PAÑAL;22117;28100;1.00;28100
53113;sábado; 25 de julio de 2026;10:23 a. m.;cajero 1;;1001;Ventas Mostrador;Nequi;1003;PAPEL REGALO PLIEGO Y TARJETA;ACCESORIOS;310;1000;3.00;3000
53113;sábado; 25 de julio de 2026;10:23 a. m.;cajero 1;;1001;Ventas Mostrador;Nequi;725-1;CONJUNTO GAB KIDS NIÑA /O T:2 A T:6;ROPA;42000;86000;1.00;86000
53112;sábado; 25 de julio de 2026;10:21 a. m.;cajero 1;;1001;Ventas Mostrador;Tarjeta crédito;1003;PAPEL REGALO PLIEGO Y TARJETA;ACCESORIOS;310;1000;1.00;1000
53112;sábado; 25 de julio de 2026;10:21 a. m.;cajero 1;;1001;Ventas Mostrador;Tarjeta crédito;3211-6;CONJUNTO MYP CHALECO PANA;ROPA;50000;97000;1.00;97000
53111;viernes; 24 de julio de 2026;8:13 p. m.;cajero 1;Vendedor ;1001;Ventas Mostrador;Nequi;1419-1;MEDIA CACHIMIR BLANCA NIÑO T:2 - T:12;COLEGIO;9500;16900;1.00;16900
53110;viernes; 24 de julio de 2026;7:40 p. m.;cajero 1;Vendedor ;1001;Ventas Mostrador;Efectivo;1003;PAPEL REGALO PLIEGO Y TARJETA;ACCESORIOS;310;1000;1.00;1000
53109;viernes; 24 de julio de 2026;7:38 p. m.;cajero 1;Vendedor ;1001;Ventas Mostrador;Nequi;2025;MEDIA PATIN;ROPA;2583;6500;1.00;6500
53109;viernes; 24 de julio de 2026;7:38 p. m.;cajero 1;Vendedor ;1001;Ventas Mostrador;Nequi;10010112;SEMANARIO UNICOLOR 14 PIEZAS;ROPA;42000;72000;1.00;72000
376;viernes; 24 de julio de 2026;7:20 p. m.;cajero 1;Vendedor ;1001;Ventas Mostrador;Nequi;1980;MEDIAS MICROFIBRA 2-4-6-8-10-12;ROPA;8500;17900;-1.00;-17900
53108;viernes; 24 de julio de 2026;7:15 p. m.;cajero 1;Vendedor ;1001;Ventas Mostrador;Nequi;1980;MEDIAS MICROFIBRA 2-4-6-8-10-12;ROPA;8500;17900;1.00;17900
53108;viernes; 24 de julio de 2026;7:15 p. m.;cajero 1;Vendedor ;1001;Ventas Mostrador;Nequi;1998;TORERO DE HILO;ROPA;20000;40000;1.00;40000
53107;viernes; 24 de julio de 2026;6:13 p. m.;cajero 1;Vendedor ;1001;Ventas Mostrador;QR Bancolombia;3211-6;CONJUNTO MYP CHALECO PANA;ROPA;50000;97000;1.00;97000
375;viernes; 24 de julio de 2026;6:12 p. m.;cajero 1;Vendedor ;1001;Ventas Mostrador;QR Bancolombia;3211-3;CONJUNTO MELODY CHAQUETA BEISBOLERA NIÑO;ROPA;55000;100000;-1.00;-97000
53106;viernes; 24 de julio de 2026;5:58 p. m.;cajero 1;Vendedor ;1001;Ventas Mostrador;Nequi;1133-5;MEDIA TOBACO X UNIDAD T 0 A 18 MESES;ROPA;2500;4500;2.00;9000
53105;viernes; 24 de julio de 2026;2:48 p. m.;cajero 1;Vendedor ;1001;Ventas Mostrador;Efectivo;2080-1;BODY BLANCO X UNIDAD;ROPA;5000;10000;1.00;10000
53104;viernes; 24 de julio de 2026;11:26 a. m.;cajero 1;Vendedor ;1001;Ventas Mostrador;Efectivo;3211-5;CONJUNTO MELODY CHAQUETA LEÑADOR NIÑO;ROPA;60000;110000;1.00;110000
53103;jueves; 23 de julio de 2026;8:10 p. m.;cajero 1;Vendedor ;1001;Ventas Mostrador;Nequi;7701021111821;PAÑAL WINNY ULTRATRIM 3X30;PAÑAL;32600;35800;1.00;34010
53102;jueves; 23 de julio de 2026;8:04 p. m.;cajero 1;Vendedor ;1001;Ventas Mostrador;QR Bancolombia;1420;MEDIAS ENCAJE MARATHON;ROPA;8500;14500;2.00;28130
53102;jueves; 23 de julio de 2026;8:04 p. m.;cajero 1;Vendedor ;1001;Ventas Mostrador;QR Bancolombia;6464;TERMOMETRO DIGITAL;ACCESORIOS;6661;18000;1.00;18000
53102;jueves; 23 de julio de 2026;8:04 p. m.;cajero 1;Vendedor ;1001;Ventas Mostrador;QR Bancolombia;7702277375838;ESTUCHE ARRURRU VIAJERO ROSADO NVA PRESENTACION;ASEO;24954;32200;1.00;32200
53102;jueves; 23 de julio de 2026;8:04 p. m.;cajero 1;Vendedor ;1001;Ventas Mostrador;QR Bancolombia;2084;COBIJA VICTORIA;LENCERIA;39000;65000;1.00;62985
53102;jueves; 23 de julio de 2026;8:04 p. m.;cajero 1;Vendedor ;1001;Ventas Mostrador;QR Bancolombia;7702191662977;JABON DOVE BABY EN BARRA;ASEO;3966;5800;1.00;5800
53102;jueves; 23 de julio de 2026;8:04 p. m.;cajero 1;Vendedor ;1001;Ventas Mostrador;QR Bancolombia;1998;TORERO DE HILO;ROPA;20000;40000;1.00;38800
53102;jueves; 23 de julio de 2026;8:04 p. m.;cajero 1;Vendedor ;1001;Ventas Mostrador;QR Bancolombia;1162;PRIMERA MUDA DE BOLSA MAJU BABY;ROPA;22000;38000;1.00;37240
53102;jueves; 23 de julio de 2026;8:04 p. m.;cajero 1;Vendedor ;1001;Ventas Mostrador;QR Bancolombia;1719;COBIJA APEGO;LENCERIA;20000;40000;1.00;38800
53102;jueves; 23 de julio de 2026;8:04 p. m.;cajero 1;Vendedor ;1001;Ventas Mostrador;QR Bancolombia;7702277395256;PAÑITOS ARRURRU AVENA X100;ASEO;8333;14500;1.00;14500
53102;jueves; 23 de julio de 2026;8:04 p. m.;cajero 1;Vendedor ;1001;Ventas Mostrador;QR Bancolombia;7891150025981;JABON LIQUIDO DOVE BABY HIPOALERGENICO AZUL;ASEO;18000;23500;1.00;23500
53101;jueves; 23 de julio de 2026;7:36 p. m.;cajero 1;Vendedor ;1001;Ventas Mostrador;QR Bancolombia;1267;BLUSA MATERNA CHALIS MANGA LARGA;MATERNA;30000;63000;1.00;63000
53100;jueves; 23 de julio de 2026;7:35 p. m.;cajero 1;Vendedor ;1001;Ventas Mostrador;Efectivo;7701021144829;PAÑAL WINNY ULTRATRIM SENSITIVE 0X30;PAÑAL;19512;23500;1.00;23500
53099;jueves; 23 de julio de 2026;6:59 p. m.;cajero 1;Vendedor ;1001;Ventas Mostrador;Efectivo;8919A;LONCHERA COCINA;SOCIEDAD CL-MF;25000;53000;1.00;53000
53099;jueves; 23 de julio de 2026;6:59 p. m.;cajero 1;Vendedor ;1001;Ventas Mostrador;Efectivo;1168-3;CHAQUETA IMPORTADA T: 4 A LA 12;ROPA;65000;120000;1.00;120000
53099;jueves; 23 de julio de 2026;6:59 p. m.;cajero 1;Vendedor ;1001;Ventas Mostrador;Efectivo;2025031186019;MALETIN FASHION STYLE;JUGUETES;28000;55000;1.00;55000
53098;jueves; 23 de julio de 2026;6:26 p. m.;cajero 1;Vendedor ;1001;Ventas Mostrador;QR Bancolombia;1003;PAPEL REGALO PLIEGO Y TARJETA;ACCESORIOS;310;1000;2.00;2000
53098;jueves; 23 de julio de 2026;6:26 p. m.;cajero 1;Vendedor ;1001;Ventas Mostrador;QR Bancolombia;7707199344818;PAÑAL VALENTINA 2MX30;PAÑAL;23518;29400;1.00;29400
53098;jueves; 23 de julio de 2026;6:26 p. m.;cajero 1;Vendedor ;1001;Ventas Mostrador;QR Bancolombia;2002;SEMANARIO 21 PIEZAS;ROPA;33000;53000;1.00;53000
53097;jueves; 23 de julio de 2026;6:10 p. m.;cajero 1;Vendedor ;1001;Ventas Mostrador;Efectivo;2157;CONJUNTO DE JEANS CON BUSO CERRADO;ROPA;35500;70000;1.00;70000
374;jueves; 23 de julio de 2026;6:07 p. m.;cajero 1;Vendedor ;1001;Ventas Mostrador;Efectivo;1363;GABAN NIÑA T: 2 - T: 4;ROPA;35000;70000;-1.00;-70000
53096;jueves; 23 de julio de 2026;5:53 p. m.;cajero 1;Vendedor ;1001;Ventas Mostrador;QR Bancolombia;7701021119087;PAÑAL WINNY ULTRATRIM SEC 4X100;PAÑAL;122164;144000;1.00;129600
53095;jueves; 23 de julio de 2026;4:48 p. m.;cajero 1;Vendedor ;1001;Ventas Mostrador;Efectivo;1344;FORRO EXTRA GRANDE CALIBRE 4;ACCESORIOS;11714;19500;1.00;19500
53094;jueves; 23 de julio de 2026;4:32 p. m.;cajero 1;Vendedor ;1001;Ventas Mostrador;Efectivo;7701021117786;PAÑAL WINNY PANTS 4X50;PAÑAL;63800;71300;1.00;65596
53093;jueves; 23 de julio de 2026;3:55 p. m.;cajero 1;Vendedor ;1001;Ventas Mostrador;Daviplata;1186;BAYETILLA CAMISA ROJA X3;ROPA;8600;14500;1.00;14500
53092;jueves; 23 de julio de 2026;3:42 p. m.;cajero 1;Vendedor ;1001;Ventas Mostrador;Efectivo;1003;PAPEL REGALO PLIEGO Y TARJETA;ACCESORIOS;310;1000;1.00;1000
53092;jueves; 23 de julio de 2026;3:42 p. m.;cajero 1;Vendedor ;1001;Ventas Mostrador;Efectivo;1726;ZAPATO NO TUERCE;CALZADO;15000;35000;1.00;35000
53092;jueves; 23 de julio de 2026;3:42 p. m.;cajero 1;Vendedor ;1001;Ventas Mostrador;Efectivo;3211-6;CONJUNTO MYP CHALECO PANA;ROPA;50000;97000;1.00;92926
53091;jueves; 23 de julio de 2026;2:43 p. m.;cajero 1;Vendedor ;1001;Ventas Mostrador;Efectivo;1737;PAÑAL PISCINA VALENTINA X UND T M - L;ASEO;1982;3400;3.00;10200
53090;jueves; 23 de julio de 2026;2:33 p. m.;cajero 1;Vendedor ;1001;Ventas Mostrador;Efectivo;1329;JEAN - PANTALON DRILL BEBE T:2 A T:;ROPA;24833;55000;1.00;55000
53090;jueves; 23 de julio de 2026;2:33 p. m.;cajero 1;Vendedor ;1001;Ventas Mostrador;Efectivo;2812;CAMISA MANGA CORTA;ROPA;20000;37000;1.00;37000
53089;jueves; 23 de julio de 2026;1:38 p. m.;cajero 1;Vendedor ;1001;Ventas Mostrador;Efectivo;1768;MEDIAS ESPAÑOLA MOÑO ANAVID;ROPA;7973;13500;1.00;13500
53088;jueves; 23 de julio de 2026;1:33 p. m.;cajero 1;Vendedor ;1001;Ventas Mostrador;Efectivo;1462;NIDO GRANDE BEBE;ACCESORIOS;52000;83000;1.00;83000
53087;jueves; 23 de julio de 2026;1:30 p. m.;cajero 1;Vendedor ;1001;Ventas Mostrador;Efectivo;1782;FORRO PASEADOR CALIBRE 4;ACCESORIOS;9000;14500;1.00;14500
53086;jueves; 23 de julio de 2026;1:29 p. m.;cajero 1;Vendedor ;1001;Ventas Mostrador;Nequi;1208;COBERTOR HILO - OVEJERO;LENCERIA;22000;43000;1.00;43000
53086;jueves; 23 de julio de 2026;1:29 p. m.;cajero 1;Vendedor ;1001;Ventas Mostrador;Nequi;7750253000069;PROTECTOR DE LACTANCIA VALENTINA X40;ASEO;11900;19500;1.00;19500
53086;jueves; 23 de julio de 2026;1:29 p. m.;cajero 1;Vendedor ;1001;Ventas Mostrador;Nequi;6939287459086;TETERO IMITACION AVEAT 4 ONZ SIN MANIJA;ACCESORIOS;7000;15000;1.00;15000
53085;miércoles; 22 de julio de 2026;7:51 p. m.;Maria Barbosa Neuque;Vendedor ;1001;Ventas Mostrador;Efectivo;7707199344832;PAÑAL VALENTINA 4XG X30;PAÑAL;32600;40800;2.00;81600
53084;miércoles; 22 de julio de 2026;7:36 p. m.;Maria Barbosa Neuque;Vendedor ;1001;Ventas Mostrador;Nequi;2116;DUO ESQUELETO Y MANGA LARGA;ROPA;8500;13500;2.00;27000
53084;miércoles; 22 de julio de 2026;7:36 p. m.;Maria Barbosa Neuque;Vendedor ;1001;Ventas Mostrador;Nequi;3064;COBERTOR OVEJERO CON ESTAMPADO;LENCERIA;15000;39000;1.00;39000
53083;miércoles; 22 de julio de 2026;7:05 p. m.;Maria Barbosa Neuque;Vendedor ;1001;Ventas Mostrador;Daviplata;2M878;JARDINERA MAJU LILA - ROSADA CONEJO;ROPA;35000;75000;1.00;75000
53083;miércoles; 22 de julio de 2026;7:05 p. m.;Maria Barbosa Neuque;Vendedor ;1001;Ventas Mostrador;Daviplata;1768-1;MEDIA ESPAÑOLA DE BOTON;ROPA;6500;13000;1.00;13000
53083;miércoles; 22 de julio de 2026;7:05 p. m.;Maria Barbosa Neuque;Vendedor ;1001;Ventas Mostrador;Daviplata;6952533112719;CHUPO DE ENTRETENCION CON CADENA DORADO;ACCESORIOS;10000;20000;1.00;20000
53082;miércoles; 22 de julio de 2026;6:54 p. m.;Maria Barbosa Neuque;Vendedor ;1001;Ventas Mostrador;Nequi;3211-6;CONJUNTO MYP CHALECO PANA;ROPA;50000;97000;1.00;97000
53081;miércoles; 22 de julio de 2026;6:32 p. m.;Maria Barbosa Neuque;Vendedor ;1001;Ventas Mostrador;Nequi;2224;TUTU POR UNIDAD;ROPA;13000;26900;1.00;26900
53080;miércoles; 22 de julio de 2026;5:59 p. m.;Maria Barbosa Neuque;Vendedor ;1001;Ventas Mostrador;Efectivo;0031-3;PIJAMA BOTON BURBUJA;ROPA;21000;40000;1.00;40000
53079;miércoles; 22 de julio de 2026;5:43 p. m.;Maria Barbosa Neuque;Vendedor ;1001;Ventas Mostrador;Nequi;1420-1;MEDIA BAMBI - TOBILLERA OSO;ROPA;6000;13000;1.00;13000
53078;miércoles; 22 de julio de 2026;5:32 p. m.;Maria Barbosa Neuque;Vendedor ;1001;Ventas Mostrador;Daviplata;1015-1;ZAPATO PILIN - PATILIN T: 18 A 22;ZAPATO;42000;70000;1.00;70000
53077;miércoles; 22 de julio de 2026;4:21 p. m.;Maria Barbosa Neuque;Vendedor ;1001;Ventas Mostrador;Daviplata;7701021147585;PAÑAL WINNY ULTRATRIM SEC 4X50;PAÑAL;61716;71300;1.00;65596
53076;miércoles; 22 de julio de 2026;3:05 p. m.;Maria Barbosa Neuque;Vendedor ;1001;Ventas Mostrador;Efectivo;7707199346263;PAÑAL VALENTINA 3GX50;PAÑAL;40900;51200;1.00;51200
53075;miércoles; 22 de julio de 2026;1:36 p. m.;Maria Barbosa Neuque;Vendedor ;1001;Ventas Mostrador;Nequi;1695;VESTIDO VELO ESTRELLAS;ROPA;38000;72000;1.00;70344
53075;miércoles; 22 de julio de 2026;1:36 p. m.;Maria Barbosa Neuque;Vendedor ;1001;Ventas Mostrador;Nequi;1980;MEDIAS MICROFIBRA 2-4-6-8-10-12;ROPA;8500;17900;1.00;17900
53074;miércoles; 22 de julio de 2026;1:02 p. m.;Maria Barbosa Neuque;Vendedor ;1001;Ventas Mostrador;Nequi;7701021116123;PAÑAL WINNY ULTRATRIM SEC 3X100;PAÑAL;101700;117000;1.00;105300
53074;miércoles; 22 de julio de 2026;1:02 p. m.;Maria Barbosa Neuque;Vendedor ;1001;Ventas Mostrador;Nequi;1138-2;SUDADERA SAFARY PAULIS & CO;ROPA;32650;64000;1.00;64000
53073;miércoles; 22 de julio de 2026;12:36 p. m.;Maria Barbosa Neuque;Vendedor ;1001;Ventas Mostrador;Efectivo;1677;PAÑAL ETAPA 4 X UNIDAD;PAÑAL;1036;1900;2.00;3800
53072;miércoles; 22 de julio de 2026;11:40 a. m.;Maria Barbosa Neuque;Vendedor ;1001;Ventas Mostrador;Efectivo;7701021147585;PAÑAL WINNY ULTRATRIM SEC 4X50;PAÑAL;61716;71300;1.00;65596
53071;miércoles; 22 de julio de 2026;10:40 a. m.;Maria Barbosa Neuque;Vendedor ;1001;Ventas Mostrador;Nequi;1718;ZAPATO TELA BEBE;CALZADO;10000;25000;1.00;25000
53071;miércoles; 22 de julio de 2026;10:40 a. m.;Maria Barbosa Neuque;Vendedor ;1001;Ventas Mostrador;Nequi;1998-1;CONJUNTO DE LANA IMPORTADO;ROPA;55000;90000;1.00;90000
53070;martes; 21 de julio de 2026;7:27 p. m.;cajero 1;Vendedor ;1001;Ventas Mostrador;Efectivo;825;TETERO CORCHITO CORONA 15 ONZ CON BALBULA;ACCESORIOS;17336;26000;1.00;26000
53069;martes; 21 de julio de 2026;6:36 p. m.;cajero 1;Vendedor ;1001;Ventas Mostrador;Nequi;7707199346270;PAÑAL VALENTINA 4XG X50;PAÑAL;51200;64000;1.00;64000
53069;martes; 21 de julio de 2026;6:36 p. m.;cajero 1;Vendedor ;1001;Ventas Mostrador;Nequi;6970175561962;PAÑITOS VALENTINA CUIDADO INTENSIVO 100 UND;ASEO;6800;11000;1.00;11000
53068;martes; 21 de julio de 2026;5:59 p. m.;cajero 1;Vendedor ;1001;Ventas Mostrador;Efectivo;111111;GANCHOS X 10;ACCESORIOS;0;4000;1.00;4000
53067;martes; 21 de julio de 2026;5:36 p. m.;cajero 1;Vendedor ;1001;Ventas Mostrador;Efectivo;7702277943150;ESTUCHE ARRURRU VIAJERO NIÑO;ASEO;20969;32200;1.00;32200
53066;martes; 21 de julio de 2026;5:31 p. m.;cajero 1;Vendedor ;1001;Ventas Mostrador;Efectivo;2232;JEAN AMERICANO;ROPA;35000;67000;1.00;67000
53065;martes; 21 de julio de 2026;4:14 p. m.;cajero 1;Vendedor ;1001;Ventas Mostrador;Efectivo;AK3863;TETERO ONLY - AVEAT 4OZ CON OREJAS;ACCESORIOS;8384;16000;1.00;16000
53064;martes; 21 de julio de 2026;4:12 p. m.;cajero 1;Vendedor ;1001;Ventas Mostrador;Efectivo;2066;CAMBIADOR + TOALLA CREACIONES RUSSI;ACCESORIOS;10000;25000;1.00;25000
53064;martes; 21 de julio de 2026;4:12 p. m.;cajero 1;Vendedor ;1001;Ventas Mostrador;Efectivo;3064;COBERTOR OVEJERO CON ESTAMPADO;LENCERIA;15000;39000;1.00;39000
53063;martes; 21 de julio de 2026;3:44 p. m.;cajero 1;Vendedor ;1001;Ventas Mostrador;Efectivo;1133-2;PAQUETE MEDIA FASHION X 3 TALLA ESTAMPADA;ROPA;7000;18000;1.00;18000
53062;martes; 21 de julio de 2026;3:07 p. m.;cajero 1;Vendedor ;1001;Ventas Mostrador;Efectivo;7702031169536;CREMA AVENA JOHNSON X400ML;ASEO;27966;37200;1.00;37200
53062;martes; 21 de julio de 2026;3:07 p. m.;cajero 1;Vendedor ;1001;Ventas Mostrador;Efectivo;7701021145949;PAÑITOS WINNY ALOE X100;ASEO;9529;12500;1.00;12500
53061;martes; 21 de julio de 2026;1:45 p. m.;cajero 1;Vendedor ;1001;Ventas Mostrador;Efectivo;2151;PIJAMA TERMICA 2 PIEZAS T 10 Y T 12;ROPA;15000;35000;1.00;32025
53060;martes; 21 de julio de 2026;12:54 p. m.;cajero 1;Vendedor ;1001;Ventas Mostrador;Nequi;7701021119087;PAÑAL WINNY ULTRATRIM SEC 4X100;PAÑAL;122164;144000;1.00;129600
53059;martes; 21 de julio de 2026;12:03 p. m.;cajero 1;Vendedor ;1001;Ventas Mostrador;Efectivo;1333;PAÑALERA CHIKITOS;PAÑALERA;70000;125000;1.00;110000
53058;martes; 21 de julio de 2026;11:23 a. m.;cajero 1;Vendedor ;1001;Ventas Mostrador;Nequi;1559-1;TENNIS IMPORTADOS T: 18 A 24;ZAPATO;37000;70000;1.00;70000
53058;martes; 21 de julio de 2026;11:23 a. m.;cajero 1;Vendedor ;1001;Ventas Mostrador;Nequi;879674014114;SONAJERO CHILLON ANIMALITOS;ACCESORIOS;9500;18000;1.00;18000
53057;lunes; 20 de julio de 2026;6:43 p. m.;cajero 1;Vendedor ;1001;Ventas Mostrador;Nequi;9709;CONJUNTO 3 PIEZAS NIÑAS CHIKIS;ROPA;40000;75000;1.00;75000
53057;lunes; 20 de julio de 2026;6:43 p. m.;cajero 1;Vendedor ;1001;Ventas Mostrador;Nequi;3211-1;CONJUNTO MYP SCO EN HILO;ROPA;53000;90000;1.00;90000
53056;lunes; 20 de julio de 2026;6:37 p. m.;cajero 1;Vendedor ;1001;Ventas Mostrador;QR Bancolombia;1726;ZAPATO NO TUERCE;CALZADO;15000;35000;1.00;35000
53055;lunes; 20 de julio de 2026;6:36 p. m.;cajero 1;Vendedor ;1001;Ventas Mostrador;Efectivo;1980;MEDIAS MICROFIBRA 2-4-6-8-10-12;ROPA;8500;17900;1.00;17900
53054;lunes; 20 de julio de 2026;6:32 p. m.;cajero 1;Vendedor ;1001;Ventas Mostrador;Nequi;4863;GORRA Y PAVA PANA DECORADA OSO;ACCESORIOS;12700;26500;1.00;26500
53053;lunes; 20 de julio de 2026;6:27 p. m.;cajero 1;Vendedor ;1001;Ventas Mostrador;Efectivo;7702277375838;ESTUCHE ARRURRU VIAJERO ROSADO NVA PRESENTACION;ASEO;24954;32200;1.00;32200
53052;lunes; 20 de julio de 2026;5:56 p. m.;cajero 1;Vendedor ;1001;Ventas Mostrador;Nequi;1174;BUSO CUELLO REDONDO COLORES;ROPA;9000;16000;1.00;16000
53052;lunes; 20 de julio de 2026;5:56 p. m.;cajero 1;Vendedor ;1001;Ventas Mostrador;Nequi;2203;ESQUELETO POR UNIDAD DISEÑO TALLA 4;ROPA;3666;6000;1.00;6000
53051;lunes; 20 de julio de 2026;5:55 p. m.;cajero 1;Vendedor ;1001;Ventas Mostrador;Efectivo;1061-1;SET 6 PIEZAS PANTALONETA Y ESQUELETO;ROPA;23000;41000;1.00;41000
53050;lunes; 20 de julio de 2026;5:49 p. m.;cajero 1;Vendedor ;1001;Ventas Mostrador;Tarjeta crédito;1776;PRIMERA MUDA ALMOHADAS;ROPA;29000;48000;1.00;48000
53050;lunes; 20 de julio de 2026;5:49 p. m.;cajero 1;Vendedor ;1001;Ventas Mostrador;Tarjeta crédito;1917;BOLSA DE REGALO MEDIANA DECORADA NIÑOS;PAPELERIA;2416;4600;1.00;4600
53049;lunes; 20 de julio de 2026;4:43 p. m.;cajero 1;Vendedor ;1001;Ventas Mostrador;QR Bancolombia;8005;LLAMADIENTES DE AGUA / ANIMALITOS - FRUTA;ACCESORIOS;3000;11000;1.00;11000
53048;lunes; 20 de julio de 2026;4:32 p. m.;cajero 1;Vendedor ;1001;Ventas Mostrador;Tarjeta Débito;7708379271016;BOLSAS RECOLECTORAS MOBY;ACCESORIOS;13907;32000;1.00;32000
53047;lunes; 20 de julio de 2026;4:22 p. m.;cajero 1;Vendedor ;1001;Ventas Mostrador;Efectivo;1951;PIJAMA ALGODON 2 PIEZAS PEGOTICOS;ROPA;19250;39000;1.00;39000
53046;lunes; 20 de julio de 2026;3:45 p. m.;cajero 1;Vendedor ;1001;Ventas Mostrador;QR Bancolombia;7701021116635;PAÑAL WINNY ULTRATRIM PANT 4X30;PAÑAL;38177;42600;1.00;40470
53046;lunes; 20 de julio de 2026;3:45 p. m.;cajero 1;Vendedor ;1001;Ventas Mostrador;QR Bancolombia;1992-1;SANDALIA ANATOMICA;CALZADO;20000;40000;1.00;40000
53045;lunes; 20 de julio de 2026;3:22 p. m.;cajero 1;Vendedor ;1001;Ventas Mostrador;Efectivo;7707199346249;PAÑAL VALENTINA 1PX50;PAÑAL;29800;37300;1.00;37300
53044;lunes; 20 de julio de 2026;2:40 p. m.;cajero 1;Vendedor ;1001;Ventas Mostrador;Tarjeta Débito;1363;GABAN NIÑA T: 2 - T: 4;ROPA;35000;70000;1.00;70000
53043;lunes; 20 de julio de 2026;2:13 p. m.;cajero 1;Vendedor ;1001;Ventas Mostrador;Efectivo;1965;PRIMERA MUDA MAITOS TERMICA;ROPA;33000;55000;1.00;55000
53043;lunes; 20 de julio de 2026;2:13 p. m.;cajero 1;Vendedor ;1001;Ventas Mostrador;Efectivo;2117-1;MEDIAS RECIEN NACIDO X UNIDAD;ROPA;875;2500;6.00;15000
53042;lunes; 20 de julio de 2026;1:27 p. m.;cajero 1;Vendedor ;1001;Ventas Mostrador;Efectivo;138055651561;COPITOS VALENTINA X300 UN;ASEO;3416;6900;1.00;6900
53041;lunes; 20 de julio de 2026;1:10 p. m.;cajero 1;Vendedor ;1001;Ventas Mostrador;Efectivo;2224;TUTU POR UNIDAD;ROPA;13000;26900;1.00;26900
53040;lunes; 20 de julio de 2026;12:44 p. m.;cajero 1;Vendedor ;1001;Ventas Mostrador;Efectivo;1419-2;MEDIA CACHIMIR AZUL NIÑA T:2 - T:12;COLEGIO;8015;16900;1.00;16900
53039;lunes; 20 de julio de 2026;12:14 p. m.;cajero 1;Vendedor ;1001;Ventas Mostrador;Tarjeta Débito;1965;PRIMERA MUDA MAITOS TERMICA;ROPA;33000;55000;1.00;55000
53039;lunes; 20 de julio de 2026;12:14 p. m.;cajero 1;Vendedor ;1001;Ventas Mostrador;Tarjeta Débito;221-4;VESTIDO KINTY NIÑA T: 3 A 24 MESES;ROPA;16000;55000;1.00;55000
53038;lunes; 20 de julio de 2026;12:07 p. m.;cajero 1;Vendedor ;1001;Ventas Mostrador;Nequi;328;BODY FABI 3 -4 UND;ROPA;23000;42000;1.00;42000
53038;lunes; 20 de julio de 2026;12:07 p. m.;cajero 1;Vendedor ;1001;Ventas Mostrador;Nequi;2117-1;MEDIAS RECIEN NACIDO X UNIDAD;ROPA;875;2500;4.00;10000
53038;lunes; 20 de julio de 2026;12:07 p. m.;cajero 1;Vendedor ;1001;Ventas Mostrador;Nequi;7702277617112;COLONIA ARRURRU 800 ML ROSADA NVA PRESENT;ASEO;45200;69900;1.00;69900
53038;lunes; 20 de julio de 2026;12:07 p. m.;cajero 1;Vendedor ;1001;Ventas Mostrador;Nequi;1998-3;PRIMERA MUDA DE HILO IMPORTADA;ROPA;33000;80000;1.00;80000
53038;lunes; 20 de julio de 2026;12:07 p. m.;cajero 1;Vendedor ;1001;Ventas Mostrador;Nequi;800610;SONAJERO PASTA OBSEQUIO;JUGUETES;2214;3500;1.00;0
53038;lunes; 20 de julio de 2026;12:07 p. m.;cajero 1;Vendedor ;1001;Ventas Mostrador;Nequi;221-4;VESTIDO KINTY NIÑA T: 3 A 24 MESES;ROPA;16000;55000;2.00;110000
53037;lunes; 20 de julio de 2026;11:22 a. m.;cajero 1;Vendedor ;1001;Ventas Mostrador;Efectivo;1769;MARACA SONAJERO PASTA;ACCESORIOS;2500;3500;1.00;3500
53036;domingo; 19 de julio de 2026;7:55 p. m.;cajero 1;;1001;Ventas Mostrador;Efectivo;2036;SOBRE LLUVIA SOBRES;ACCESORIOS;500;2000;1.00;2000
53035;domingo; 19 de julio de 2026;7:22 p. m.;cajero 1;;1001;Ventas Mostrador;Efectivo;1003;PAPEL REGALO PLIEGO Y TARJETA;ACCESORIOS;310;1000;2.00;2000
53035;domingo; 19 de julio de 2026;7:22 p. m.;cajero 1;;1001;Ventas Mostrador;Efectivo;7701021116499;PAÑAL WINNY ULTRATRIM SEC 1X30;PAÑAL;22500;25500;2.00;51000
53035;domingo; 19 de julio de 2026;7:22 p. m.;cajero 1;;1001;Ventas Mostrador;Efectivo;1299;TURBANTE CON MEDIAS + TURBANTE;ACCESORIOS;17000;28000;1.00;28000
53035;domingo; 19 de julio de 2026;7:22 p. m.;cajero 1;;1001;Ventas Mostrador;Efectivo;1379-1;VESTIDOS MEIQUITOS;ROPA;16000;30000;1.00;30000
53034;domingo; 19 de julio de 2026;6:54 p. m.;cajero 1;;1001;Ventas Mostrador;Efectivo;1752;MEDIAS CARTER 0-12;ROPA;6500;17000;1.00;17000
53034;domingo; 19 de julio de 2026;6:54 p. m.;cajero 1;;1001;Ventas Mostrador;Efectivo;6977252930161;TETERO ONLY 8ONZ AVK9 REPLICA;ACCESORIOS;10000;17000;1.00;17000
53033;domingo; 19 de julio de 2026;6:52 p. m.;cajero 1;;1001;Ventas Mostrador;Efectivo;1902;GORRO ESTUCHE X3;ROPA;7000;18000;1.00;18000
53032;domingo; 19 de julio de 2026;6:51 p. m.;cajero 1;;1001;Ventas Mostrador;Efectivo;1003;PAPEL REGALO PLIEGO Y TARJETA;ACCESORIOS;310;1000;1.00;1000
53032;domingo; 19 de julio de 2026;6:51 p. m.;cajero 1;;1001;Ventas Mostrador;Efectivo;7701021116499;PAÑAL WINNY ULTRATRIM SEC 1X30;PAÑAL;22500;25500;1.00;25500
53032;domingo; 19 de julio de 2026;6:51 p. m.;cajero 1;;1001;Ventas Mostrador;Efectivo;7701021145949;PAÑITOS WINNY ALOE X100;ASEO;9529;12500;1.00;12500
53032;domingo; 19 de julio de 2026;6:51 p. m.;cajero 1;;1001;Ventas Mostrador;Efectivo;1379;CONJUNTO MEIQUITOS BABY;ROPA;16000;30000;1.00;30000
53032;domingo; 19 de julio de 2026;6:51 p. m.;cajero 1;;1001;Ventas Mostrador;Efectivo;1133-4;MEDIAS FASHION TALLA 2 A 4;ROPA;2721;3500;2.00;7000
53031;domingo; 19 de julio de 2026;6:42 p. m.;cajero 1;;1001;Ventas Mostrador;Efectivo;1726;ZAPATO NO TUERCE;CALZADO;15000;35000;1.00;35000
53030;domingo; 19 de julio de 2026;5:29 p. m.;cajero 1;;1001;Ventas Mostrador;QR Bancolombia;1111;TRIO KIT MATERNO PIJAMA+PANTUFLAS;ROPA;31000;55000;1.00;55000
53030;domingo; 19 de julio de 2026;5:29 p. m.;cajero 1;;1001;Ventas Mostrador;QR Bancolombia;1791;FORRO MEDIANO CALIBRE 4;ACCESORIOS;10000;17500;1.00;17500
53029;domingo; 19 de julio de 2026;5:19 p. m.;cajero 1;;1001;Ventas Mostrador;QR Bancolombia;1003;PAPEL REGALO PLIEGO Y TARJETA;ACCESORIOS;310;1000;2.00;2000
53029;domingo; 19 de julio de 2026;5:19 p. m.;cajero 1;;1001;Ventas Mostrador;QR Bancolombia;7701021116499;PAÑAL WINNY ULTRATRIM SEC 1X30;PAÑAL;22500;25500;1.00;25500
53029;domingo; 19 de julio de 2026;5:19 p. m.;cajero 1;;1001;Ventas Mostrador;QR Bancolombia;2124;PRIMER MUDA BABE DUBAO;ROPA;38000;65000;1.00;65000
53029;domingo; 19 de julio de 2026;5:19 p. m.;cajero 1;;1001;Ventas Mostrador;QR Bancolombia;328;BODY FABI 3 -4 UND;ROPA;23000;42000;1.00;42000
53029;domingo; 19 de julio de 2026;5:19 p. m.;cajero 1;;1001;Ventas Mostrador;QR Bancolombia;1942;ESQUIMAL KINTY / MIMITOS;ROPA;21500;40000;1.00;40000
53029;domingo; 19 de julio de 2026;5:19 p. m.;cajero 1;;1001;Ventas Mostrador;QR Bancolombia;7701021115140;PAÑAL WINNY ULTRATRIM SEC 2X16;PAÑAL;14800;16000;1.00;16000
53028;domingo; 19 de julio de 2026;5:12 p. m.;cajero 1;;1001;Ventas Mostrador;QR Bancolombia;1377-1;TAPETE PLEGABLE 2 X 2 MTRS;ACCESORIOS;65000;98000;1.00;98000
53027;domingo; 19 de julio de 2026;4:59 p. m.;cajero 1;;1001;Ventas Mostrador;Nequi;7701021118295;PAÑAL WINNY ULTRATRIM SEC 1X16;PAÑAL;11820;15000;1.00;15000
53026;domingo; 19 de julio de 2026;4:24 p. m.;cajero 1;;1001;Ventas Mostrador;Efectivo;1196-2;SUDADERA PAULIS DOBLE PANTALONEST2 A T10;ROPA;32620;66000;1.00;66000
53026;domingo; 19 de julio de 2026;4:24 p. m.;cajero 1;;1001;Ventas Mostrador;Efectivo;1996-1;ESQUELETO POR UNIDAD CON DISEÑO T:2 A T:10;ROPA;4000;6500;1.00;6500
53025;domingo; 19 de julio de 2026;4:23 p. m.;cajero 1;;1001;Ventas Mostrador;Nequi;2224;TUTU POR UNIDAD;ROPA;13000;26900;1.00;26900
53024;domingo; 19 de julio de 2026;4:11 p. m.;cajero 1;;1001;Ventas Mostrador;Nequi;1003;PAPEL REGALO PLIEGO Y TARJETA;ACCESORIOS;310;1000;1.00;1000
53024;domingo; 19 de julio de 2026;4:11 p. m.;cajero 1;;1001;Ventas Mostrador;Nequi;7701021116536;PAÑAL WINNY ULTRATRIM SEC 2X30;PAÑAL;25979;29700;1.00;29700
53024;domingo; 19 de julio de 2026;4:11 p. m.;cajero 1;;1001;Ventas Mostrador;Nequi;2002;SEMANARIO 21 PIEZAS;ROPA;33000;53000;1.00;53000
53023;domingo; 19 de julio de 2026;4:05 p. m.;cajero 1;;1001;Ventas Mostrador;Nequi;1630;LEGIS MATERNO ALGODON L-XL;MATERNA;20000;45000;1.00;45000
53022;domingo; 19 de julio de 2026;3:59 p. m.;cajero 1;;1001;Ventas Mostrador;Efectivo;1003;PAPEL REGALO PLIEGO Y TARJETA;ACCESORIOS;310;1000;1.00;1000
53022;domingo; 19 de julio de 2026;3:59 p. m.;cajero 1;;1001;Ventas Mostrador;Efectivo;2002;SEMANARIO 21 PIEZAS;ROPA;33000;53000;1.00;53000
53021;domingo; 19 de julio de 2026;3:51 p. m.;cajero 1;;1001;Ventas Mostrador;Efectivo;1904;FAJEROS;ROPA;1666;4000;8.00;32000
53020;domingo; 19 de julio de 2026;3:29 p. m.;cajero 1;;1001;Ventas Mostrador;Efectivo;6952533112719;CHUPO DE ENTRETENCION CON CADENA DORADO;ACCESORIOS;10000;20000;1.00;20000
53019;domingo; 19 de julio de 2026;3:21 p. m.;cajero 1;;1001;Ventas Mostrador;Efectivo;1003;PAPEL REGALO PLIEGO Y TARJETA;ACCESORIOS;310;1000;1.00;1000
53018;domingo; 19 de julio de 2026;2:55 p. m.;cajero 1;;1001;Ventas Mostrador;Tarjeta crédito;1196-2;SUDADERA PAULIS DOBLE PANTALONEST2 A T10;ROPA;32620;66000;1.00;66000
53017;domingo; 19 de julio de 2026;2:47 p. m.;cajero 1;;1001;Ventas Mostrador;Efectivo;2025;MEDIA PATIN;ROPA;2500;6500;1.00;6500
53016;domingo; 19 de julio de 2026;2:29 p. m.;cajero 1;;1001;Ventas Mostrador;Efectivo;1779;PASEADOR SOLEADOR 4 RUEDAS GRIS Y VERDE;COCHES - PASEADOR;135000;180000;1.00;180000
53016;domingo; 19 de julio de 2026;2:29 p. m.;cajero 1;;1001;Ventas Mostrador;Efectivo;1782;FORRO PASEADOR CALIBRE 4;ACCESORIOS;9000;14500;1.00;10001
53015;domingo; 19 de julio de 2026;2:12 p. m.;cajero 1;;1001;Ventas Mostrador;Efectivo;7701021116512;PAÑAL WINNY ULTRATRIM SEC 1X50;PAÑAL;36237;41500;1.00;41500
53015;domingo; 19 de julio de 2026;2:12 p. m.;cajero 1;;1001;Ventas Mostrador;Efectivo;1918;BOLSA DE REGALO GRANDE JUMBO DECORADA;PAPELERIA;3300;6000;1.00;6000
53014;domingo; 19 de julio de 2026;2:08 p. m.;cajero 1;;1001;Ventas Mostrador;Efectivo;1196-2;SUDADERA PAULIS DOBLE PANTALONEST2 A T10;ROPA;32620;66000;1.00;66000
53013;domingo; 19 de julio de 2026;2:06 p. m.;cajero 1;;1001;Ventas Mostrador;Efectivo;1634-1;JEANS BOTA CAMPANA BEBE T:2 Y T4;ROPA;28000;55000;1.00;55000
53012;domingo; 19 de julio de 2026;2:05 p. m.;cajero 1;;1001;Ventas Mostrador;Efectivo;1917;BOLSA DE REGALO MEDIANA DECORADA NIÑOS;PAPELERIA;2416;4600;1.00;4600
53012;domingo; 19 de julio de 2026;2:05 p. m.;cajero 1;;1001;Ventas Mostrador;Efectivo;1624-1;CHAQUETA TOMMY T:2 A LA 8;ROPA;33000;68000;1.00;68000
53011;domingo; 19 de julio de 2026;2:01 p. m.;cajero 1;;1001;Ventas Mostrador;Nequi;1917;BOLSA DE REGALO MEDIANA DECORADA NIÑOS;PAPELERIA;2416;4600;1.00;4600
53011;domingo; 19 de julio de 2026;2:01 p. m.;cajero 1;;1001;Ventas Mostrador;Nequi;3211;CONJUNTO TERMICO NIÑO - STIMPY;ROPA;40000;87000;1.00;87000
53010;domingo; 19 de julio de 2026;2:00 p. m.;cajero 1;;1001;Ventas Mostrador;Nequi;1917;BOLSA DE REGALO MEDIANA DECORADA NIÑOS;PAPELERIA;2416;4600;1.00;4600
53010;domingo; 19 de julio de 2026;2:00 p. m.;cajero 1;;1001;Ventas Mostrador;Nequi;3211-7;CONJUNTO BEISBOLERO CUERO DYK;ROPA;55000;105000;1.00;105000
53009;domingo; 19 de julio de 2026;1:50 p. m.;cajero 1;;1001;Ventas Mostrador;Efectivo;1918;BOLSA DE REGALO GRANDE JUMBO DECORADA;PAPELERIA;3300;6000;1.00;6000
53008;domingo; 19 de julio de 2026;1:50 p. m.;cajero 1;;1001;Ventas Mostrador;Tarjeta Débito;1379;CONJUNTO MEIQUITOS BABY;ROPA;16000;30000;1.00;30000
53007;domingo; 19 de julio de 2026;1:44 p. m.;cajero 1;;1001;Ventas Mostrador;Efectivo;1559-1;TENNIS IMPORTADOS T: 18 A 24;ZAPATO;37000;70000;1.00;70000
53006;domingo; 19 de julio de 2026;1:40 p. m.;cajero 1;;1001;Ventas Mostrador;Efectivo;1003;PAPEL REGALO PLIEGO Y TARJETA;ACCESORIOS;310;1000;1.00;1000
53006;domingo; 19 de julio de 2026;1:40 p. m.;cajero 1;;1001;Ventas Mostrador;Efectivo;3211-6;CONJUNTO MYP CHALECO PANA;ROPA;50000;97000;1.00;97000
53005;domingo; 19 de julio de 2026;1:31 p. m.;cajero 1;;1001;Ventas Mostrador;Nequi;1003;PAPEL REGALO PLIEGO Y TARJETA;ACCESORIOS;310;1000;1.00;1000
53005;domingo; 19 de julio de 2026;1:31 p. m.;cajero 1;;1001;Ventas Mostrador;Nequi;1386;JARDINERA JEANS NIÑA CORAZONES T:2 A T:6;ROPA;38000;72000;1.00;72000
53004;domingo; 19 de julio de 2026;1:25 p. m.;cajero 1;;1001;Ventas Mostrador;Tarjeta crédito;1003;PAPEL REGALO PLIEGO Y TARJETA;ACCESORIOS;310;1000;1.00;1000
53004;domingo; 19 de julio de 2026;1:25 p. m.;cajero 1;;1001;Ventas Mostrador;Tarjeta crédito;1196-2;SUDADERA PAULIS DOBLE PANTALONEST2 A T10;ROPA;32620;66000;1.00;66000
53003;domingo; 19 de julio de 2026;1:12 p. m.;cajero 1;;1001;Ventas Mostrador;Nequi;2025;MEDIA PATIN;ROPA;2500;6500;1.00;6500
53003;domingo; 19 de julio de 2026;1:12 p. m.;cajero 1;;1001;Ventas Mostrador;Nequi;2201;COBIJA DOBLE ALMOHADA;LENCERIA;32000;65000;1.00;65000
53003;domingo; 19 de julio de 2026;1:12 p. m.;cajero 1;;1001;Ventas Mostrador;Nequi;7701021115140;PAÑAL WINNY ULTRATRIM SEC 2X16;PAÑAL;14800;16000;1.00;16000
53002;domingo; 19 de julio de 2026;1:06 p. m.;cajero 1;;1001;Ventas Mostrador;Efectivo;7701021116581;PAÑAL WINNY ULTRATRIM SEC 2X50;PAÑAL;42430;49900;1.00;45908
53002;domingo; 19 de julio de 2026;1:06 p. m.;cajero 1;;1001;Ventas Mostrador;Efectivo;1918;BOLSA DE REGALO GRANDE JUMBO DECORADA;PAPELERIA;3300;6000;1.00;6000
53002;domingo; 19 de julio de 2026;1:06 p. m.;cajero 1;;1001;Ventas Mostrador;Efectivo;1572;PRIMERA MUDA IMPORTADA HONOR BABY;ROPA;40000;80000;1.00;80000
53001;domingo; 19 de julio de 2026;1:02 p. m.;cajero 1;;1001;Ventas Mostrador;Efectivo;2099-1;SOLEADOR CHIKIS;ROPA;32000;52000;1.00;52000
53000;domingo; 19 de julio de 2026;12:57 p. m.;cajero 1;;1001;Ventas Mostrador;Nequi;1196-3;SUDADERA PAULIS & CO JUNIOR CREMALLERA T4 A T10;ROPA;36500;75000;1.00;75000
52999;domingo; 19 de julio de 2026;12:48 p. m.;cajero 1;;1001;Ventas Mostrador;Tarjeta Débito;7701021119087;PAÑAL WINNY ULTRATRIM SEC 4X100;PAÑAL;126500;144000;1.00;129600
52998;domingo; 19 de julio de 2026;12:25 p. m.;cajero 1;;1001;Ventas Mostrador;Efectivo;1930-8;GORRO HILO RECIEN NACIDO;ROPA;3500;12000;1.00;12000
52997;domingo; 19 de julio de 2026;11:18 a. m.;cajero 1;;1001;Ventas Mostrador;Efectivo;1003;PAPEL REGALO PLIEGO Y TARJETA;ACCESORIOS;310;1000;1.00;1000
52997;domingo; 19 de julio de 2026;11:18 a. m.;cajero 1;;1001;Ventas Mostrador;Efectivo;7701021115140;PAÑAL WINNY ULTRATRIM SEC 2X16;PAÑAL;14800;16000;1.00;16000
52997;domingo; 19 de julio de 2026;11:18 a. m.;cajero 1;;1001;Ventas Mostrador;Efectivo;0031-3;PIJAMA BOTON BURBUJA;ROPA;21000;40000;1.00;40000
52996;domingo; 19 de julio de 2026;11:12 a. m.;cajero 1;;1001;Ventas Mostrador;Efectivo;1565;PIJAMA FINA TERMICA NIÑO - NIÑA;ROPA;20000;44000;1.00;44000
52995;domingo; 19 de julio de 2026;10:52 a. m.;cajero 1;;1001;Ventas Mostrador;Nequi;1344;FORRO EXTRA GRANDE CALIBRE 4;ACCESORIOS;11714;19500;1.00;19252
52995;domingo; 19 de julio de 2026;10:52 a. m.;cajero 1;;1001;Ventas Mostrador;Nequi;A8035;CHUPO FRUTA MOBY;ACCESORIOS;5500;20000;1.00;19748
52994;domingo; 19 de julio de 2026;10:32 a. m.;cajero 1;;1001;Ventas Mostrador;Nequi;1726;ZAPATO NO TUERCE;CALZADO;15000;35000;1.00;35000
52994;domingo; 19 de julio de 2026;10:32 a. m.;cajero 1;;1001;Ventas Mostrador;Nequi;288-3;JARDINERA PANA DYK;ACCESORIOS;30000;72000;1.00;72000
52993;domingo; 19 de julio de 2026;10:14 a. m.;cajero 1;;1001;Ventas Mostrador;Nequi;1133-5;MEDIA TOBACO X UNIDAD T 0 A 18 MESES;ROPA;2500;4500;1.00;4500
52993;domingo; 19 de julio de 2026;10:14 a. m.;cajero 1;;1001;Ventas Mostrador;Nequi;1807;CAMISETA CAPOTA MODANITA;ROPA;16000;32000;1.00;32000
52992;sábado; 18 de julio de 2026;8:23 p. m.;cajero 1;;1001;Ventas Mostrador;QR Bancolombia;2117-1;MEDIAS RECIEN NACIDO X UNIDAD;ROPA;875;2500;1.00;2500
52992;sábado; 18 de julio de 2026;8:23 p. m.;cajero 1;;1001;Ventas Mostrador;QR Bancolombia;1943-2;BODY LEYENDA MATERNA;ROPA;17500;25000;1.00;25000
52991;sábado; 18 de julio de 2026;7:51 p. m.;cajero 1;;1001;Ventas Mostrador;Nequi;7701021116536;PAÑAL WINNY ULTRATRIM SEC 2X30;PAÑAL;25979;29700;1.00;29700
52991;sábado; 18 de julio de 2026;7:51 p. m.;cajero 1;;1001;Ventas Mostrador;Nequi;1768;MEDIAS ESPAÑOLA MOÑO ANAVID;ROPA;7973;13500;1.00;13500
52991;sábado; 18 de julio de 2026;7:51 p. m.;cajero 1;;1001;Ventas Mostrador;Nequi;1918;BOLSA DE REGALO GRANDE JUMBO DECORADA;PAPELERIA;3300;6000;1.00;6000
52991;sábado; 18 de julio de 2026;7:51 p. m.;cajero 1;;1001;Ventas Mostrador;Nequi;1379-1;VESTIDOS MEIQUITOS;ROPA;16000;30000;1.00;30000
52990;sábado; 18 de julio de 2026;7:43 p. m.;cajero 1;;1001;Ventas Mostrador;Efectivo;1003;PAPEL REGALO PLIEGO Y TARJETA;ACCESORIOS;310;1000;1.00;1000
52990;sábado; 18 de julio de 2026;7:43 p. m.;cajero 1;;1001;Ventas Mostrador;Efectivo;7701021118295;PAÑAL WINNY ULTRATRIM SEC 1X16;PAÑAL;11820;15000;1.00;15000
52990;sábado; 18 de julio de 2026;7:43 p. m.;cajero 1;;1001;Ventas Mostrador;Efectivo;1379;CONJUNTO MEIQUITOS BABY;ROPA;16000;30000;1.00;30000
52989;sábado; 18 de julio de 2026;7:40 p. m.;cajero 1;;1001;Ventas Mostrador;Nequi;7701021119087;PAÑAL WINNY ULTRATRIM SEC 4X100;PAÑAL;126500;144000;1.00;129600
52988;sábado; 18 de julio de 2026;6:53 p. m.;cajero 1;;1001;Ventas Mostrador;Tarjeta crédito;1003;PAPEL REGALO PLIEGO Y TARJETA;ACCESORIOS;310;1000;4.00;4000
52988;sábado; 18 de julio de 2026;6:53 p. m.;cajero 1;;1001;Ventas Mostrador;Tarjeta crédito;7708903144403;KIT ERES MAGIA TRENDY;ACCESORIOS;20000;28000;1.00;28000
52987;sábado; 18 de julio de 2026;6:50 p. m.;cajero 1;;1001;Ventas Mostrador;Nequi;1196-3;SUDADERA PAULIS & CO JUNIOR CREMALLERA T4 A T10;ROPA;36500;75000;1.00;75000
52986;sábado; 18 de julio de 2026;6:37 p. m.;cajero 1;;1001;Ventas Mostrador;Tarjeta crédito;1718;ZAPATO TELA BEBE;CALZADO;10000;25000;1.00;25000
52986;sábado; 18 de julio de 2026;6:37 p. m.;cajero 1;;1001;Ventas Mostrador;Tarjeta crédito;2025;MEDIA PATIN;ROPA;2500;6500;3.00;19500
52986;sábado; 18 de julio de 2026;6:37 p. m.;cajero 1;;1001;Ventas Mostrador;Tarjeta crédito;2201;COBIJA DOBLE ALMOHADA;LENCERIA;32000;65000;1.00;65000
52986;sábado; 18 de julio de 2026;6:37 p. m.;cajero 1;;1001;Ventas Mostrador;Tarjeta crédito;280;CONJUNTO CHIKIS BODY + VESTIDO;ROPA;42000;68000;1.00;68000
52986;sábado; 18 de julio de 2026;6:37 p. m.;cajero 1;;1001;Ventas Mostrador;Tarjeta crédito;1379-1;VESTIDOS MEIQUITOS;ROPA;17000;30000;1.00;30000
52986;sábado; 18 de julio de 2026;6:37 p. m.;cajero 1;;1001;Ventas Mostrador;Tarjeta crédito;1998-3;PRIMERA MUDA DE HILO IMPORTADA;ROPA;33000;80000;1.00;80000
52985;sábado; 18 de julio de 2026;6:37 p. m.;cajero 1;;1001;Ventas Mostrador;Efectivo;1726;ZAPATO NO TUERCE;CALZADO;15000;35000;1.00;35000
52985;sábado; 18 de julio de 2026;6:37 p. m.;cajero 1;;1001;Ventas Mostrador;Efectivo;1899;CEPILLO LAVA ENCIAS;ASEO;2400;7500;1.00;7500
52984;sábado; 18 de julio de 2026;6:16 p. m.;cajero 1;;1001;Ventas Mostrador;Nequi;1133-6;MEDIA TOBACO X 3 T 0 A 18 MESES;ROPA;7500;13000;1.00;13000
52983;sábado; 18 de julio de 2026;6:11 p. m.;cajero 1;;1001;Ventas Mostrador;Efectivo;2025;MEDIA PATIN;ROPA;2500;6500;2.00;13000
52983;sábado; 18 de julio de 2026;6:11 p. m.;cajero 1;;1001;Ventas Mostrador;Efectivo;1379-1;VESTIDOS MEIQUITOS;ROPA;16500;30000;2.00;60000
52982;sábado; 18 de julio de 2026;6:08 p. m.;cajero 1;;1001;Ventas Mostrador;Efectivo;328;BODY FABI 3 -4 UND;ROPA;23000;42000;1.00;42000
52981;sábado; 18 de julio de 2026;6:02 p. m.;cajero 1;;1001;Ventas Mostrador;Efectivo;1196-2;SUDADERA PAULIS DOBLE PANTALONEST2 A T10;ROPA;32620;66000;2.00;132000
52980;sábado; 18 de julio de 2026;6:00 p. m.;cajero 1;;1001;Ventas Mostrador;Efectivo;7701021116512;PAÑAL WINNY ULTRATRIM SEC 1X50;PAÑAL;36237;41500;1.00;39176
52980;sábado; 18 de julio de 2026;6:00 p. m.;cajero 1;;1001;Ventas Mostrador;Efectivo;15001;COBIJA TAMIRON BEBE;LENCERIA;42000;69000;1.00;69000
52979;sábado; 18 de julio de 2026;5:23 p. m.;cajero 1;;1001;Ventas Mostrador;Efectivo;7701021118295;PAÑAL WINNY ULTRATRIM SEC 1X16;PAÑAL;11820;15000;1.00;15000
52978;sábado; 18 de julio de 2026;5:22 p. m.;cajero 1;;1001;Ventas Mostrador;Efectivo;1721;SEMANARIO 14 PIEZAS;ROPA;30000;50000;1.00;50000
52978;sábado; 18 de julio de 2026;5:22 p. m.;cajero 1;;1001;Ventas Mostrador;Efectivo;1918;BOLSA DE REGALO GRANDE JUMBO DECORADA;PAPELERIA;3300;6000;1.00;6000
52977;sábado; 18 de julio de 2026;5:11 p. m.;cajero 1;;1001;Ventas Mostrador;QR Bancolombia;2002;SEMANARIO 21 PIEZAS;ROPA;33000;53000;1.00;53000
52977;sábado; 18 de julio de 2026;5:11 p. m.;cajero 1;;1001;Ventas Mostrador;QR Bancolombia;7701021118295;PAÑAL WINNY ULTRATRIM SEC 1X16;PAÑAL;11820;15000;1.00;15000
52976;sábado; 18 de julio de 2026;4:44 p. m.;cajero 1;;1001;Ventas Mostrador;Efectivo;2025;MEDIA PATIN;ROPA;2500;6500;1.00;6500
52976;sábado; 18 de julio de 2026;4:44 p. m.;cajero 1;;1001;Ventas Mostrador;Efectivo;1917;BOLSA DE REGALO MEDIANA DECORADA NIÑOS;PAPELERIA;2416;4600;1.00;4600
52976;sábado; 18 de julio de 2026;4:44 p. m.;cajero 1;;1001;Ventas Mostrador;Efectivo;2124;PRIMER MUDA BABE DUBAO;ROPA;38000;65000;1.00;65000
52976;sábado; 18 de julio de 2026;4:44 p. m.;cajero 1;;1001;Ventas Mostrador;Efectivo;2144;PRIMERA MUDA TERMICA ECONOMICA;ROPA;12000;28000;1.00;28000
52976;sábado; 18 de julio de 2026;4:44 p. m.;cajero 1;;1001;Ventas Mostrador;Efectivo;1718-1;TENNI Y/O PANTUFLA BEBE;ZAPATO;10000;30000;1.00;30000
52975;sábado; 18 de julio de 2026;4:38 p. m.;cajero 1;;1001;Ventas Mostrador;QR Bancolombia;1003;PAPEL REGALO PLIEGO Y TARJETA;ACCESORIOS;310;1000;1.00;1000
52975;sábado; 18 de julio de 2026;4:38 p. m.;cajero 1;;1001;Ventas Mostrador;QR Bancolombia;7701021118295;PAÑAL WINNY ULTRATRIM SEC 1X16;PAÑAL;11820;15000;1.00;15000
52975;sábado; 18 de julio de 2026;4:38 p. m.;cajero 1;;1001;Ventas Mostrador;QR Bancolombia;7701021145949;PAÑITOS WINNY ALOE X100;ASEO;9529;12500;1.00;12500
52975;sábado; 18 de julio de 2026;4:38 p. m.;cajero 1;;1001;Ventas Mostrador;QR Bancolombia;1061-1;SET 6 PIEZAS PANTALONETA Y ESQUELETO;ROPA;23000;41000;1.00;41000
52974;sábado; 18 de julio de 2026;4:37 p. m.;cajero 1;;1001;Ventas Mostrador;Efectivo;2132;BOLSA DE REGALO PEQUEÑA DECORADA;PAPELERIA;1750;3200;1.00;3200
52974;sábado; 18 de julio de 2026;4:37 p. m.;cajero 1;;1001;Ventas Mostrador;Efectivo;1998-7;PRIMERA MUHDA TEJIDA;ROPA;17500;36000;1.00;36000
52973;sábado; 18 de julio de 2026;4:28 p. m.;cajero 1;;1001;Ventas Mostrador;Efectivo;2132;BOLSA DE REGALO PEQUEÑA DECORADA;PAPELERIA;1750;3200;1.00;3200
52972;sábado; 18 de julio de 2026;4:27 p. m.;cajero 1;;1001;Ventas Mostrador;Nequi;1379-1;VESTIDOS MEIQUITOS;ROPA;16000;30000;1.00;30000
52971;sábado; 18 de julio de 2026;4:23 p. m.;cajero 1;;1001;Ventas Mostrador;QR Bancolombia;1463;NIDO GRANDE TRENZADO;ACCESORIOS;75000;110000;1.00;104500
52970;sábado; 18 de julio de 2026;4:17 p. m.;cajero 1;;1001;Ventas Mostrador;QR Bancolombia;7701021118295;PAÑAL WINNY ULTRATRIM SEC 1X16;PAÑAL;11820;15000;1.00;15000
52970;sábado; 18 de julio de 2026;4:17 p. m.;cajero 1;;1001;Ventas Mostrador;QR Bancolombia;2115;BABERO SEMANARIO X7;ACCESORIOS;7500;14000;1.00;14000
52969;sábado; 18 de julio de 2026;4:13 p. m.;cajero 1;;1001;Ventas Mostrador;QR Bancolombia;1782;FORRO PASEADOR CALIBRE 4;ACCESORIOS;9000;14500;1.00;14500
52968;sábado; 18 de julio de 2026;4:02 p. m.;cajero 1;;1001;Ventas Mostrador;Nequi;1003;PAPEL REGALO PLIEGO Y TARJETA;ACCESORIOS;310;1000;2.00;2000
52968;sábado; 18 de julio de 2026;4:02 p. m.;cajero 1;;1001;Ventas Mostrador;Nequi;7701021116581;PAÑAL WINNY ULTRATRIM SEC 2X50;PAÑAL;42430;49900;1.00;45908
52968;sábado; 18 de julio de 2026;4:02 p. m.;cajero 1;;1001;Ventas Mostrador;Nequi;7701021145949;PAÑITOS WINNY ALOE X100;ASEO;9529;12500;1.00;12500
52968;sábado; 18 de julio de 2026;4:02 p. m.;cajero 1;;1001;Ventas Mostrador;Nequi;15001;COBIJA TAMIRON BEBE;LENCERIA;42000;69000;1.00;69000
52968;sábado; 18 de julio de 2026;4:02 p. m.;cajero 1;;1001;Ventas Mostrador;Nequi;1299;TURBANTE CON MEDIAS + TURBANTE;ACCESORIOS;17000;28000;1.00;28000
52967;sábado; 18 de julio de 2026;3:48 p. m.;cajero 1;;1001;Ventas Mostrador;Efectivo;10279;CHUPO DE ENTRETENCION CORCHITO CON CADENA;ACCESORIOS;8867;18000;1.00;18000
52966;sábado; 18 de julio de 2026;3:47 p. m.;cajero 1;;1001;Ventas Mostrador;QR Bancolombia;2223-1;SANDALIA NO TUERCE;CALZADO;15000;37000;1.00;37000
52966;sábado; 18 de julio de 2026;3:47 p. m.;cajero 1;;1001;Ventas Mostrador;QR Bancolombia;1383-1;CONJUNTO IMPORTADO FASHION NIÑA / O;ROPA;55000;110000;1.00;110000
52965;sábado; 18 de julio de 2026;3:45 p. m.;cajero 1;;1001;Ventas Mostrador;Nequi;1726;ZAPATO NO TUERCE;CALZADO;15000;35000;1.00;35000
52965;sábado; 18 de julio de 2026;3:45 p. m.;cajero 1;;1001;Ventas Mostrador;Nequi;1768;MEDIAS ESPAÑOLA MOÑO ANAVID;ROPA;8500;13500;1.00;13500
52964;sábado; 18 de julio de 2026;3:37 p. m.;cajero 1;;1001;Ventas Mostrador;Efectivo;7702277244271;COLONIA ARRURRU 30 ML ROSADA NVA PRESENTACION;ASEO;7556;9500;1.00;9500
52963;sábado; 18 de julio de 2026;3:30 p. m.;cajero 1;;1001;Ventas Mostrador;Efectivo;3211-2;CONJUNTO MELODY NIÑA - PANA;ROPA;57000;100000;1.00;100000
52962;sábado; 18 de julio de 2026;3:22 p. m.;cajero 1;;1001;Ventas Mostrador;QR Bancolombia;1726;ZAPATO NO TUERCE;CALZADO;15000;35000;1.00;35000
52961;sábado; 18 de julio de 2026;3:12 p. m.;cajero 1;;1001;Ventas Mostrador;Nequi;1726;ZAPATO NO TUERCE;CALZADO;15000;35000;1.00;35000
52960;sábado; 18 de julio de 2026;2:45 p. m.;cajero 1;;1001;Ventas Mostrador;Efectivo;1980;MEDIAS MICROFIBRA 2-4-6-8-10-12;ROPA;8500;17900;1.00;17900
52959;sábado; 18 de julio de 2026;2:11 p. m.;cajero 1;;1001;Ventas Mostrador;Efectivo;1303-2;BALACA DE TELA NVO DISEÑO;ACCESORIOS;2857;7000;1.00;7000
52958;sábado; 18 de julio de 2026;2:02 p. m.;cajero 1;;1001;Ventas Mostrador;Nequi;1269;JEAN MATERNO PLUS 16 A 20;MATERNA;40000;76000;1.00;76000
52957;sábado; 18 de julio de 2026;1:20 p. m.;cajero 1;;1001;Ventas Mostrador;Efectivo;1515;ZAPATO CHAROL VALETA;CALZADO;23000;45000;1.00;45000
52956;sábado; 18 de julio de 2026;1:18 p. m.;cajero 1;;1001;Ventas Mostrador;Efectivo;1695;VESTIDO VELO ESTRELLAS;ROPA;38000;72000;1.00;72000
52955;sábado; 18 de julio de 2026;1:16 p. m.;cajero 1;;1001;Ventas Mostrador;Efectivo;7701021111845;PAÑAL WINNY ULTRATRIM SEC 3X50;PAÑAL;51800;57900;1.00;53268
52955;sábado; 18 de julio de 2026;1:16 p. m.;cajero 1;;1001;Ventas Mostrador;Efectivo;7702277563808;ESTUCHE ARRURRU BABY SHOWER NIÑO NVA PRESENTACION;ASEO;42600;67400;1.00;67400
52954;sábado; 18 de julio de 2026;1:13 p. m.;cajero 1;;1001;Ventas Mostrador;Tarjeta crédito;1066;TOALLA BABY FRIENDS;LENCERIA;21000;39000;1.00;39000
52954;sábado; 18 de julio de 2026;1:13 p. m.;cajero 1;;1001;Ventas Mostrador;Tarjeta crédito;7701021118318;PAñAL WINNY ULTRATRIM SEC 3X16;PAÑAL;17222;22300;1.00;22300
52954;sábado; 18 de julio de 2026;1:13 p. m.;cajero 1;;1001;Ventas Mostrador;Tarjeta crédito;2201;COBIJA DOBLE ALMOHADA;LENCERIA;32000;65000;1.00;65000
52954;sábado; 18 de julio de 2026;1:13 p. m.;cajero 1;;1001;Ventas Mostrador;Tarjeta crédito;2211;CONJUNTO SHORT NIÑA CHIKIS;ROPA;32000;62000;1.00;62000
52954;sábado; 18 de julio de 2026;1:13 p. m.;cajero 1;;1001;Ventas Mostrador;Tarjeta crédito;219;SONAJERO DONA BLANCO Y NEGRO;ACCESORIOS;15000;32000;1.00;32000
52953;sábado; 18 de julio de 2026;1:08 p. m.;cajero 1;;1001;Ventas Mostrador;Nequi;7701021116536;PAÑAL WINNY ULTRATRIM SEC 2X30;PAÑAL;25979;29700;1.00;29700
52953;sábado; 18 de julio de 2026;1:08 p. m.;cajero 1;;1001;Ventas Mostrador;Nequi;1918;BOLSA DE REGALO GRANDE JUMBO DECORADA;PAPELERIA;3300;6000;1.00;6000
52953;sábado; 18 de julio de 2026;1:08 p. m.;cajero 1;;1001;Ventas Mostrador;Nequi;2099-1;SOLEADOR CHIKIS;ROPA;32000;52000;1.00;51792
52953;sábado; 18 de julio de 2026;1:08 p. m.;cajero 1;;1001;Ventas Mostrador;Nequi;6972815420042;MUNECO DE APEGO;ACCESORIOS;15000;28000;1.00;28000
52952;sábado; 18 de julio de 2026;12:57 p. m.;cajero 1;;1001;Ventas Mostrador;Efectivo;7702277943150;ESTUCHE ARRURRU VIAJERO NIÑO;ASEO;20969;32200;1.00;32200
52952;sábado; 18 de julio de 2026;12:57 p. m.;cajero 1;;1001;Ventas Mostrador;Efectivo;1917;BOLSA DE REGALO MEDIANA DECORADA NIÑOS;PAPELERIA;2416;4600;1.00;4600
52951;sábado; 18 de julio de 2026;12:46 p. m.;cajero 1;;1001;Ventas Mostrador;QR Bancolombia;1980;MEDIAS MICROFIBRA 2-4-6-8-10-12;ROPA;8500;17900;1.00;17900
52950;sábado; 18 de julio de 2026;12:37 p. m.;cajero 1;;1001;Ventas Mostrador;Efectivo;7707199344801;PAÑAL VALENTINA 1PX30;PAÑAL;17377;27300;1.00;27300
52950;sábado; 18 de julio de 2026;12:37 p. m.;cajero 1;;1001;Ventas Mostrador;Efectivo;6970175561962;PAÑITOS VALENTINA CUIDADO INTENSIVO 100 UND;ASEO;6800;11000;1.00;11000
52949;sábado; 18 de julio de 2026;12:27 p. m.;cajero 1;;1001;Ventas Mostrador;Efectivo;1010;PAÑALERA DE LADO ECONOMICA;PAÑALERA;39000;75000;1.00;75000
52949;sábado; 18 de julio de 2026;12:27 p. m.;cajero 1;;1001;Ventas Mostrador;Efectivo;3939;MEDIA PATIN HILO;ACCESORIOS;6000;22000;1.00;22000
52948;sábado; 18 de julio de 2026;12:17 p. m.;cajero 1;;1001;Ventas Mostrador;Efectivo;7708379271016;BOLSAS RECOLECTORAS MOBY;ACCESORIOS;13756;32000;1.00;32000
52947;sábado; 18 de julio de 2026;12:10 p. m.;cajero 1;;1001;Ventas Mostrador;QR Bancolombia;1376-1;TINA PLEGABLE CON ACCESORIOS;ACCESORIOS;125000;185000;1.00;185000
52946;sábado; 18 de julio de 2026;11:22 a. m.;cajero 1;;1001;Ventas Mostrador;QR Bancolombia;1918;BOLSA DE REGALO GRANDE JUMBO DECORADA;PAPELERIA;3300;6000;1.00;6000
52945;sábado; 18 de julio de 2026;11:18 a. m.;cajero 1;;1001;Ventas Mostrador;QR Bancolombia;7701021111975;PAÑAL WINNY 0X50;PAÑAL;32517;34500;2.00;69000
52944;sábado; 18 de julio de 2026;10:14 a. m.;cajero 1;;1001;Ventas Mostrador;Efectivo;2002;SEMANARIO 21 PIEZAS;ROPA;33000;53000;1.00;53000
52944;sábado; 18 de julio de 2026;10:14 a. m.;cajero 1;;1001;Ventas Mostrador;Efectivo;1917;BOLSA DE REGALO MEDIANA DECORADA NIÑOS;PAPELERIA;2416;4600;1.00;4600
52943;viernes; 17 de julio de 2026;8:32 p. m.;cajero 1;Vendedor ;1001;Ventas Mostrador;Tarjeta Débito;1376-1;TINA PLEGABLE CON ACCESORIOS;ACCESORIOS;125000;185000;1.00;185000
52942;viernes; 17 de julio de 2026;7:36 p. m.;cajero 1;Vendedor ;1001;Ventas Mostrador;Efectivo;7701021111975;PAÑAL WINNY 0X50;PAÑAL;32517;34500;1.00;34500
52941;viernes; 17 de julio de 2026;7:20 p. m.;cajero 1;Vendedor ;1001;Ventas Mostrador;Efectivo;1420;MEDIAS ENCAJE MARATHON;ROPA;8500;14500;1.00;14500
52940;viernes; 17 de julio de 2026;6:55 p. m.;cajero 1;Vendedor ;1001;Ventas Mostrador;Efectivo;1980;MEDIAS MICROFIBRA 2-4-6-8-10-12;ROPA;8500;17900;1.00;17721
52939;viernes; 17 de julio de 2026;6:34 p. m.;cajero 1;Vendedor ;1001;Ventas Mostrador;QR Bancolombia;2925;JARDINERA PANA PUPPY;ROPA;40000;70000;1.00;70000
52938;viernes; 17 de julio de 2026;6:20 p. m.;cajero 1;Vendedor ;1001;Ventas Mostrador;Efectivo;1980;MEDIAS MICROFIBRA 2-4-6-8-10-12;ROPA;8500;17900;1.00;17846
52937;viernes; 17 de julio de 2026;6:16 p. m.;cajero 1;Vendedor ;1001;Ventas Mostrador;QR Bancolombia;71534232090;PATIN DE LANA CARTER;ROPA;14500;29000;1.00;29000
52936;viernes; 17 de julio de 2026;6:10 p. m.;cajero 1;Vendedor ;1001;Ventas Mostrador;Efectivo;1752;MEDIAS CARTER 0-12;ROPA;6500;17000;1.00;17000
52936;viernes; 17 de julio de 2026;6:10 p. m.;cajero 1;Vendedor ;1001;Ventas Mostrador;Efectivo;1935;CHUPO ENTRETENCION SUPER HEROES / ANIMALITOS;ACCESORIOS;5000;13100;1.00;13100
52935;viernes; 17 de julio de 2026;6:10 p. m.;cajero 1;Vendedor ;1001;Ventas Mostrador;QR Bancolombia;1003;PAPEL REGALO PLIEGO Y TARJETA;ACCESORIOS;310;1000;1.00;1000
52935;viernes; 17 de julio de 2026;6:10 p. m.;cajero 1;Vendedor ;1001;Ventas Mostrador;QR Bancolombia;14060;BABERO TRES COMIDAS + 2BABITAS;ACCESORIOS;7500;15300;1.00;15300
52935;viernes; 17 de julio de 2026;6:10 p. m.;cajero 1;Vendedor ;1001;Ventas Mostrador;QR Bancolombia;PTQ1023;KIT VIAJERO - CON LINTERNA Y LIMA DE AGUA;ASEO;20000;42000;1.00;42000
52934;viernes; 17 de julio de 2026;5:22 p. m.;cajero 1;Vendedor ;1001;Ventas Mostrador;Efectivo;7708910757191;PAÑAL VALENTINA 5XXG X50;PAÑAL;56700;70900;1.00;70900
52934;viernes; 17 de julio de 2026;5:22 p. m.;cajero 1;Vendedor ;1001;Ventas Mostrador;Efectivo;4174;PAÑAL WINNY ETAPA 5 X UNIDAD;PAÑAL;1273;1800;4.00;7200
52934;viernes; 17 de julio de 2026;5:22 p. m.;cajero 1;Vendedor ;1001;Ventas Mostrador;Efectivo;7701021118356;PAÑAL WINNY 5X16;PAÑAL;22117;28100;1.00;28100
52933;viernes; 17 de julio de 2026;5:01 p. m.;cajero 1;Vendedor ;1001;Ventas Mostrador;Nequi;1722;PIJAMA TERMICA 2 PIEZAS T8;ROPA;14000;35000;1.00;35000
52933;viernes; 17 de julio de 2026;5:01 p. m.;cajero 1;Vendedor ;1001;Ventas Mostrador;Nequi;2222;JARDINERA NISAM + BALACA;ROPA;34000;64000;1.00;64000
52933;viernes; 17 de julio de 2026;5:01 p. m.;cajero 1;Vendedor ;1001;Ventas Mostrador;Nequi;7702277892861;ESTUCHE ARRURRU ABUELITA NIÑA NVA PRESENTACION;ASEO;60350;90000;1.00;90000
52932;viernes; 17 de julio de 2026;4:55 p. m.;cajero 1;Vendedor ;1001;Ventas Mostrador;Nequi;7707199346249;PAÑAL VALENTINA 1PX50;PAÑAL;29800;37300;1.00;37300
52931;viernes; 17 de julio de 2026;4:39 p. m.;cajero 1;Vendedor ;1001;Ventas Mostrador;Nequi;2274-2;PANTALON MAITOS X UNIDAD;ROPA;5700;9900;1.00;9603
52930;viernes; 17 de julio de 2026;4:35 p. m.;cajero 1;Vendedor ;1001;Ventas Mostrador;Efectivo;3211-6;CONJUNTO MYP CHALECO PANA;ROPA;50000;97000;1.00;92053
52929;viernes; 17 de julio de 2026;3:46 p. m.;cajero 1;Vendedor ;1001;Ventas Mostrador;QR Bancolombia;1928;VESTIDO DE BAÑO NIÑO - NIÑA;PISCINA;28000;48000;1.00;48000
52928;viernes; 17 de julio de 2026;3:45 p. m.;cajero 1;Vendedor ;1001;Ventas Mostrador;Nequi;7707199346263;PAÑAL VALENTINA 3GX50;PAÑAL;40900;51200;2.00;102400
52928;viernes; 17 de julio de 2026;3:45 p. m.;cajero 1;Vendedor ;1001;Ventas Mostrador;Nequi;7707199344818;PAÑAL VALENTINA 2MX30;PAÑAL;21800;29400;1.00;29400
52928;viernes; 17 de julio de 2026;3:45 p. m.;cajero 1;Vendedor ;1001;Ventas Mostrador;Nequi;7707199346256;PAÑAL VALENTINA 2MX50;PAÑAL;34217;44200;1.00;44200
52928;viernes; 17 de julio de 2026;3:45 p. m.;cajero 1;Vendedor ;1001;Ventas Mostrador;Nequi;6970817283337;PAÑITOS VALENTINA X 100;ASEO;5999;11600;1.00;11600
52927;viernes; 17 de julio de 2026;3:40 p. m.;cajero 1;Vendedor ;1001;Ventas Mostrador;Efectivo;PTQ1060;CHUPO REPUESTO X2 ONLY;ACCESORIOS;2742;15000;1.00;15000
52926;viernes; 17 de julio de 2026;3:22 p. m.;cajero 1;Vendedor ;1001;Ventas Mostrador;Efectivo;7701021145949;PAÑITOS WINNY ALOE X100;ASEO;9529;12500;1.00;12500
52926;viernes; 17 de julio de 2026;3:22 p. m.;cajero 1;Vendedor ;1001;Ventas Mostrador;Efectivo;2117-1;MEDIAS RECIEN NACIDO X UNIDAD;ROPA;875;2500;3.00;7500
52925;viernes; 17 de julio de 2026;3:19 p. m.;cajero 1;Vendedor ;1001;Ventas Mostrador;Nequi;7701021144829;PAÑAL WINNY ULTRATRIM SENSITIVE 0X30;PAÑAL;19512;23500;1.00;23500
52925;viernes; 17 de julio de 2026;3:19 p. m.;cajero 1;Vendedor ;1001;Ventas Mostrador;Nequi;3064;COBERTOR OVEJERO CON ESTAMPADO;LENCERIA;15000;39000;1.00;39000
52924;viernes; 17 de julio de 2026;3:01 p. m.;cajero 1;Vendedor ;1001;Ventas Mostrador;Efectivo;2028;CAMINADOR PINPONG;CAMINADORES;59930;95000;1.00;95000
52923;viernes; 17 de julio de 2026;1:42 p. m.;cajero 1;Vendedor ;1001;Ventas Mostrador;Nequi;1003;PAPEL REGALO PLIEGO Y TARJETA;ACCESORIOS;310;1000;1.00;1000
52923;viernes; 17 de julio de 2026;1:42 p. m.;cajero 1;Vendedor ;1001;Ventas Mostrador;Nequi;1111;TRIO KIT MATERNO PIJAMA+PANTUFLAS;ROPA;31000;55000;1.00;55000
52922;viernes; 17 de julio de 2026;1:27 p. m.;cajero 1;Vendedor ;1001;Ventas Mostrador;Efectivo;1003;PAPEL REGALO PLIEGO Y TARJETA;ACCESORIOS;310;1000;1.00;1000
52922;viernes; 17 de julio de 2026;1:27 p. m.;cajero 1;Vendedor ;1001;Ventas Mostrador;Efectivo;2025;MEDIA PATIN;ROPA;2500;6500;2.00;13000
52922;viernes; 17 de julio de 2026;1:27 p. m.;cajero 1;Vendedor ;1001;Ventas Mostrador;Efectivo;1061-1;SET 6 PIEZAS PANTALONETA Y ESQUELETO;ROPA;23000;41000;1.00;41000
52921;viernes; 17 de julio de 2026;11:09 a. m.;cajero 1;Vendedor ;1001;Ventas Mostrador;Efectivo;1917;BOLSA DE REGALO MEDIANA DECORADA NIÑOS;PAPELERIA;2416;4600;1.00;4600
52920;viernes; 17 de julio de 2026;11:01 a. m.;cajero 1;Vendedor ;1001;Ventas Mostrador;Efectivo;1379-1;VESTIDOS MEIQUITOS;ROPA;16000;30000;1.00;30000
52919;viernes; 17 de julio de 2026;10:01 a. m.;cajero 1;Vendedor ;1001;Ventas Mostrador;Efectivo;4175;PAÑAL ETAPA 3 X UNIDAD;PAÑAL;773;1800;1.00;1800
52919;viernes; 17 de julio de 2026;10:01 a. m.;cajero 1;Vendedor ;1001;Ventas Mostrador;Efectivo;1677;PAÑAL ETAPA 4 X UNIDAD;PAÑAL;1036;1900;1.00;1900
52918;jueves; 16 de julio de 2026;7:51 p. m.;Maria Barbosa Neuque;Vendedor ;1001;Ventas Mostrador;Efectivo;1003;PAPEL REGALO PLIEGO Y TARJETA;ACCESORIOS;310;1000;1.00;1000
52918;jueves; 16 de julio de 2026;7:51 p. m.;Maria Barbosa Neuque;Vendedor ;1001;Ventas Mostrador;Efectivo;7702277563808;ESTUCHE ARRURRU BABY SHOWER NIÑO NVA PRESENTACION;ASEO;42600;67400;1.00;67400
52917;jueves; 16 de julio de 2026;7:29 p. m.;Maria Barbosa Neuque;Vendedor ;1001;Ventas Mostrador;Nequi;7701021111845;PAÑAL WINNY ULTRATRIM SEC 3X50;PAÑAL;51800;57900;1.00;53268
52916;jueves; 16 de julio de 2026;7:22 p. m.;Maria Barbosa Neuque;Vendedor ;1001;Ventas Mostrador;Tarjeta Débito;1133-2;PAQUETE MEDIA FASHION X 3 TALLA ESTAMPADA;ROPA;7000;18000;3.00;54000
52915;jueves; 16 de julio de 2026;6:05 p. m.;Maria Barbosa Neuque;Vendedor ;1001;Ventas Mostrador;Efectivo;7701021116581;PAÑAL WINNY ULTRATRIM SEC 2X50;PAÑAL;42430;49900;1.00;45908
52914;jueves; 16 de julio de 2026;6:04 p. m.;Maria Barbosa Neuque;Vendedor ;1001;Ventas Mostrador;Efectivo;2099-1;SOLEADOR CHIKIS;ROPA;32000;52000;1.00;52000
52914;jueves; 16 de julio de 2026;6:04 p. m.;Maria Barbosa Neuque;Vendedor ;1001;Ventas Mostrador;Efectivo;221-4;VESTIDO KINTY NIÑA T: 3 A 24 MESES;ROPA;16000;55000;1.00;55000
52913;jueves; 16 de julio de 2026;5:41 p. m.;Maria Barbosa Neuque;Vendedor ;1001;Ventas Mostrador;Efectivo;7707199344818;PAÑAL VALENTINA 2MX30;PAÑAL;21800;29400;1.00;29400
52912;jueves; 16 de julio de 2026;5:39 p. m.;Maria Barbosa Neuque;Vendedor ;1001;Ventas Mostrador;Efectivo;PTQ1059;BOLSAS RECOLECTORAS ONLY * 30;ACCESORIOS;15000;35000;1.00;35000
52912;jueves; 16 de julio de 2026;5:39 p. m.;Maria Barbosa Neuque;Vendedor ;1001;Ventas Mostrador;Efectivo;7708379271016;BOLSAS RECOLECTORAS MOBY;ACCESORIOS;13756;32000;1.00;32000
52911;jueves; 16 de julio de 2026;5:15 p. m.;Maria Barbosa Neuque;Vendedor ;1001;Ventas Mostrador;Nequi;2025;MEDIA PATIN;ROPA;2500;6500;1.00;6500
52910;jueves; 16 de julio de 2026;4:09 p. m.;Maria Barbosa Neuque;Vendedor ;1001;Ventas Mostrador;Efectivo;1922;TETERO POPMAX 8 ONZ;ACCESORIOS;10567;15000;1.00;15000
52909;jueves; 16 de julio de 2026;3:59 p. m.;Maria Barbosa Neuque;Vendedor ;1001;Ventas Mostrador;Nequi;7750253000069;PROTECTOR DE LACTANCIA VALENTINA X40;ASEO;13600;19500;1.00;19500
52908;jueves; 16 de julio de 2026;3:25 p. m.;Maria Barbosa Neuque;Vendedor ;1001;Ventas Mostrador;Nequi;3211-6;CONJUNTO MYP CHALECO PANA;ROPA;50000;97000;1.00;97000
52907;jueves; 16 de julio de 2026;2:47 p. m.;Maria Barbosa Neuque;Vendedor ;1001;Ventas Mostrador;Efectivo;7701021116581;PAÑAL WINNY ULTRATRIM SEC 2X50;PAÑAL;42430;49900;1.00;45908
52906;jueves; 16 de julio de 2026;2:25 p. m.;Maria Barbosa Neuque;Vendedor ;1001;Ventas Mostrador;Efectivo;1928;VESTIDO DE BAÑO NIÑO - NIÑA;PISCINA;28000;48000;1.00;48000
52905;jueves; 16 de julio de 2026;2:15 p. m.;Maria Barbosa Neuque;Vendedor ;1001;Ventas Mostrador;Efectivo;6970175561962;PAÑITOS VALENTINA CUIDADO INTENSIVO 100 UND;ASEO;6800;11000;2.00;22000
52904;jueves; 16 de julio de 2026;2:09 p. m.;Maria Barbosa Neuque;Vendedor ;1001;Ventas Mostrador;Efectivo;1600;PAÑAL ADULTO L X UNIDAD;PAÑAL;2433;4000;4.00;16000
52903;jueves; 16 de julio de 2026;1:51 p. m.;Maria Barbosa Neuque;Vendedor ;1001;Ventas Mostrador;Efectivo;1174;BUSO CUELLO REDONDO COLORES;ROPA;9000;16000;3.00;48000
52902;jueves; 16 de julio de 2026;1:14 p. m.;Maria Barbosa Neuque;Vendedor ;1001;Ventas Mostrador;Efectivo;1917;BOLSA DE REGALO MEDIANA DECORADA NIÑOS;PAPELERIA;2416;4600;1.00;4600
52902;jueves; 16 de julio de 2026;1:14 p. m.;Maria Barbosa Neuque;Vendedor ;1001;Ventas Mostrador;Efectivo;1323-2;CONJUNTO M&P CON OREJAS;ROPA;32000;72000;1.00;72000
52901;jueves; 16 de julio de 2026;12:42 p. m.;Maria Barbosa Neuque;Vendedor ;1001;Ventas Mostrador;Tarjeta Débito;1721;SEMANARIO 14 PIEZAS;ROPA;30000;50000;1.00;50000
52901;jueves; 16 de julio de 2026;12:42 p. m.;Maria Barbosa Neuque;Vendedor ;1001;Ventas Mostrador;Tarjeta Débito;1918;BOLSA DE REGALO GRANDE JUMBO DECORADA;PAPELERIA;3300;6000;1.00;6000
52901;jueves; 16 de julio de 2026;12:42 p. m.;Maria Barbosa Neuque;Vendedor ;1001;Ventas Mostrador;Tarjeta Débito;7701021115140;PAÑAL WINNY ULTRATRIM SEC 2X16;PAÑAL;14800;16000;1.00;16000
52901;jueves; 16 de julio de 2026;12:42 p. m.;Maria Barbosa Neuque;Vendedor ;1001;Ventas Mostrador;Tarjeta Débito;2925;JARDINERA PANA PUPPY;ROPA;40000;70000;1.00;70000
52901;jueves; 16 de julio de 2026;12:42 p. m.;Maria Barbosa Neuque;Vendedor ;1001;Ventas Mostrador;Tarjeta Débito;0103-1;SONAJERO GRANDE ELEFANTE MUSICAL;ACCESORIOS;30000;52000;1.00;52000
52900;jueves; 16 de julio de 2026;12:36 p. m.;Maria Barbosa Neuque;Vendedor ;1001;Ventas Mostrador;Nequi;2115;BABERO SEMANARIO X7;ACCESORIOS;7500;14000;1.00;14000
52900;jueves; 16 de julio de 2026;12:36 p. m.;Maria Barbosa Neuque;Vendedor ;1001;Ventas Mostrador;Nequi;2146;PAÑAL DE TELA CON DISEÑO X UNIDAD;PAÑAL;3666;6100;1.00;6100
52899;jueves; 16 de julio de 2026;12:27 p. m.;Maria Barbosa Neuque;Vendedor ;1001;Ventas Mostrador;Nequi;1226;COJIN DE LACTANCIA NIÑA/NIÑO;LACTANCIA;31000;68000;1.00;68000
52899;jueves; 16 de julio de 2026;12:27 p. m.;Maria Barbosa Neuque;Vendedor ;1001;Ventas Mostrador;Nequi;7701021144829;PAÑAL WINNY ULTRATRIM SENSITIVE 0X30;PAÑAL;19512;23500;1.00;23500
52898;jueves; 16 de julio de 2026;11:48 a. m.;Maria Barbosa Neuque;Vendedor ;1001;Ventas Mostrador;Efectivo;3019;VESTIDO DE BAÑO NIÑA DESCOTE ESPALDA;PISCINA;35000;56000;1.00;56000
52897;jueves; 16 de julio de 2026;10:58 a. m.;Maria Barbosa Neuque;Vendedor ;1001;Ventas Mostrador;QR Bancolombia;1003;PAPEL REGALO PLIEGO Y TARJETA;ACCESORIOS;310;1000;1.00;1000
52897;jueves; 16 de julio de 2026;10:58 a. m.;Maria Barbosa Neuque;Vendedor ;1001;Ventas Mostrador;QR Bancolombia;1768;MEDIAS ESPAÑOLA MOÑO ANAVID;ROPA;8500;13500;1.00;13500
52897;jueves; 16 de julio de 2026;10:58 a. m.;Maria Barbosa Neuque;Vendedor ;1001;Ventas Mostrador;QR Bancolombia;7702277375838;ESTUCHE ARRURRU VIAJERO ROSADO NVA PRESENTACION;ASEO;24954;32200;1.00;32200
52897;jueves; 16 de julio de 2026;10:58 a. m.;Maria Barbosa Neuque;Vendedor ;1001;Ventas Mostrador;QR Bancolombia;2116;DUO ESQUELETO Y MANGA LARGA;ROPA;8500;13500;1.00;13500
52897;jueves; 16 de julio de 2026;10:58 a. m.;Maria Barbosa Neuque;Vendedor ;1001;Ventas Mostrador;QR Bancolombia;2925;JARDINERA PANA PUPPY;ROPA;40000;70000;1.00;70000
52896;jueves; 16 de julio de 2026;10:40 a. m.;Maria Barbosa Neuque;Vendedor ;1001;Ventas Mostrador;Nequi;1174;BUSO CUELLO REDONDO COLORES;ROPA;9000;16000;2.00;32000
52896;jueves; 16 de julio de 2026;10:40 a. m.;Maria Barbosa Neuque;Vendedor ;1001;Ventas Mostrador;Nequi;2116;DUO ESQUELETO Y MANGA LARGA;ROPA;8500;13500;1.00;13500
52896;jueves; 16 de julio de 2026;10:40 a. m.;Maria Barbosa Neuque;Vendedor ;1001;Ventas Mostrador;Nequi;3070-2;ROPA INTERIOR NIÑA X 3;ROPA;9000;17000;1.00;17000
52895;jueves; 16 de julio de 2026;10:39 a. m.;Maria Barbosa Neuque;Vendedor ;1001;Ventas Mostrador;Efectivo;2224;TUTU POR UNIDAD;ROPA;13000;26900;1.00;26900
52894;miércoles; 15 de julio de 2026;8:07 p. m.;cajero 1;Vendedor ;1001;Ventas Mostrador;Efectivo;12345678912;PASEADOR TRES RUEDAS 31100;COCHES - PASEADOR;130000;190000;1.00;190000
52894;miércoles; 15 de julio de 2026;8:07 p. m.;cajero 1;Vendedor ;1001;Ventas Mostrador;Efectivo;1782;FORRO PASEADOR CALIBRE 4;ACCESORIOS;9000;14500;1.00;0
52893;miércoles; 15 de julio de 2026;7:53 p. m.;cajero 1;Vendedor ;1001;Ventas Mostrador;QR Bancolombia;1135;BATA LABORATORIO NIÑO;COLEGIO;14000;25000;1.00;25000
52892;miércoles; 15 de julio de 2026;7:52 p. m.;cajero 1;Vendedor ;1001;Ventas Mostrador;QR Bancolombia;4863;GORRA Y PAVA PANA DECORADA OSO;ACCESORIOS;12000;26500;1.00;26500
52891;miércoles; 15 de julio de 2026;7:51 p. m.;cajero 1;Vendedor ;1001;Ventas Mostrador;QR Bancolombia;7701021116123;PAÑAL WINNY ULTRATRIM SEC 3X100;PAÑAL;101700;117000;1.00;105300
52890;miércoles; 15 de julio de 2026;7:25 p. m.;cajero 1;Vendedor ;1001;Ventas Mostrador;Efectivo;2002;SEMANARIO 21 PIEZAS;ROPA;33000;53000;1.00;53000
52889;miércoles; 15 de julio de 2026;6:54 p. m.;cajero 1;Vendedor ;1001;Ventas Mostrador;Efectivo;PTQ1167;CHUPO REPUESTO ONLY KTT-030;ACCESORIOS;1800;6500;1.00;6500
52889;miércoles; 15 de julio de 2026;6:54 p. m.;cajero 1;Vendedor ;1001;Ventas Mostrador;Efectivo;8020-8;LLAMADIENTES DE AGUA BOOGY;ACCESORIOS;5500;12000;1.00;12000
52889;miércoles; 15 de julio de 2026;6:54 p. m.;cajero 1;Vendedor ;1001;Ventas Mostrador;Efectivo;6977252934060;BOLSA RECOLECTORA ONLY X60;ACCESORIOS;22000;45000;1.00;45000
52888;miércoles; 15 de julio de 2026;6:49 p. m.;cajero 1;Vendedor ;1001;Ventas Mostrador;QR Bancolombia;2078;TETERO COMBO MULTIUSOS;ACCESORIOS;23000;41000;1.00;41000
52887;miércoles; 15 de julio de 2026;6:41 p. m.;cajero 1;Vendedor ;1001;Ventas Mostrador;QR Bancolombia;1174;BUSO CUELLO REDONDO COLORES;ROPA;9000;16000;2.00;32000
52886;miércoles; 15 de julio de 2026;6:33 p. m.;cajero 1;Vendedor ;1001;Ventas Mostrador;Efectivo;7702277461265;COLONIA ARRURRU 400 ML ROSADA NVA PRESENTACION;ASEO;41500;51900;1.00;51900
52885;miércoles; 15 de julio de 2026;6:10 p. m.;cajero 1;Vendedor ;1001;Ventas Mostrador;Efectivo;1695;VESTIDO VELO ESTRELLAS;ROPA;35000;72000;1.00;72000
52884;miércoles; 15 de julio de 2026;5:40 p. m.;cajero 1;Vendedor ;1001;Ventas Mostrador;Daviplata;1768;MEDIAS ESPAÑOLA MOÑO ANAVID;ROPA;8500;13500;1.00;13500
52884;miércoles; 15 de julio de 2026;5:40 p. m.;cajero 1;Vendedor ;1001;Ventas Mostrador;Daviplata;0031-3;PIJAMA BOTON BURBUJA;ROPA;21000;40000;1.00;40000
52883;miércoles; 15 de julio de 2026;5:21 p. m.;cajero 1;Vendedor ;1001;Ventas Mostrador;Efectivo;221-4;VESTIDO KINTY NIÑA T: 3 A 24 MESES;ROPA;27000;55000;1.00;55000
52882;miércoles; 15 de julio de 2026;5:09 p. m.;cajero 1;Vendedor ;1001;Ventas Mostrador;Efectivo;1196-2;SUDADERA PAULIS DOBLE PANTALONEST2 A T10;ROPA;32620;66000;1.00;66000
52881;miércoles; 15 de julio de 2026;4:44 p. m.;cajero 1;Vendedor ;1001;Ventas Mostrador;QR Bancolombia;2088;BABUCHA BEBE;CALZADO;12000;28000;2.00;53995
52880;miércoles; 15 de julio de 2026;4:22 p. m.;cajero 1;Vendedor ;1001;Ventas Mostrador;QR Bancolombia;1943-2;BODY LEYENDA MATERNA;ROPA;17500;25000;1.00;25000
52879;miércoles; 15 de julio de 2026;3:50 p. m.;cajero 1;Vendedor ;1001;Ventas Mostrador;Nequi;1135;BATA LABORATORIO NIÑO;COLEGIO;14000;25000;1.00;25000
52878;miércoles; 15 de julio de 2026;3:21 p. m.;cajero 1;Vendedor ;1001;Ventas Mostrador;Efectivo;7702031293620;SHAMPOO FUERZA Y VITAMINA 400ML;ASEO;26430;33100;1.00;33100
52878;miércoles; 15 de julio de 2026;3:21 p. m.;cajero 1;Vendedor ;1001;Ventas Mostrador;Efectivo;7702277461265;COLONIA ARRURRU 400 ML ROSADA NVA PRESENTACION;ASEO;41500;51900;1.00;51900
52877;miércoles; 15 de julio de 2026;3:19 p. m.;cajero 1;Vendedor ;1001;Ventas Mostrador;Nequi;1186;BAYETILLA CAMISA ROJA X3;ROPA;8600;14500;1.00;14500
52877;miércoles; 15 de julio de 2026;3:19 p. m.;cajero 1;Vendedor ;1001;Ventas Mostrador;Nequi;3070-1;BRASIER MATERNO T:34 A T:40;MATERNA;38000;48000;1.00;48000
52876;miércoles; 15 de julio de 2026;2:32 p. m.;cajero 1;Vendedor ;1001;Ventas Mostrador;QR Bancolombia;1196-1;SUDADERA B. CERRADO PAULIS & CO JUNIOR T4 A T10;ROPA;32000;72000;1.00;72000
52876;miércoles; 15 de julio de 2026;2:32 p. m.;cajero 1;Vendedor ;1001;Ventas Mostrador;QR Bancolombia;2152-1;CONJUNTO 3 PIEZAS T:2 A T:8 PAULIS;ROPA;35000;72000;1.00;50400
52875;miércoles; 15 de julio de 2026;2:11 p. m.;cajero 1;Vendedor ;1001;Ventas Mostrador;Efectivo;71534232090;PATIN DE LANA CARTER;ROPA;14500;29000;1.00;29000
52874;miércoles; 15 de julio de 2026;1:27 p. m.;cajero 1;Vendedor ;1001;Ventas Mostrador;Efectivo;1135;BATA LABORATORIO NIÑO;COLEGIO;14000;25000;1.00;25000
52873;miércoles; 15 de julio de 2026;11:51 a. m.;cajero 1;Vendedor ;1001;Ventas Mostrador;Nequi;1419-2;MEDIA CACHIMIR AZUL NIÑA T:2 - T:12;COLEGIO;8015;16900;1.00;16900
52872;martes; 14 de julio de 2026;8:14 p. m.;cajero 1;Vendedor ;1001;Ventas Mostrador;Efectivo;6970175561962;PAÑITOS VALENTINA CUIDADO INTENSIVO 100 UND;ASEO;6800;11000;1.00;11000
52871;martes; 14 de julio de 2026;7:37 p. m.;cajero 1;Vendedor ;1001;Ventas Mostrador;Nequi;2132;BOLSA DE REGALO PEQUEÑA DECORADA;PAPELERIA;1750;3200;1.00;3200
52871;martes; 14 de julio de 2026;7:37 p. m.;cajero 1;Vendedor ;1001;Ventas Mostrador;Nequi;2152-1;CONJUNTO 3 PIEZAS T:2 A T:8 PAULIS;ROPA;35000;72000;1.00;50400
52870;martes; 14 de julio de 2026;7:20 p. m.;cajero 1;Vendedor ;1001;Ventas Mostrador;Efectivo;1980;MEDIAS MICROFIBRA 2-4-6-8-10-12;ROPA;8500;17900;1.00;17900
52869;martes; 14 de julio de 2026;7:16 p. m.;cajero 1;Vendedor ;1001;Ventas Mostrador;Nequi;286;CONJUNTO MAKKI PANTALON HILO;ROPA;48000;96000;1.00;96000
52868;martes; 14 de julio de 2026;7:01 p. m.;cajero 1;Vendedor ;1001;Ventas Mostrador;Nequi;2115;BABERO SEMANARIO X7;ACCESORIOS;8000;14000;1.00;14000
52868;martes; 14 de julio de 2026;7:01 p. m.;cajero 1;Vendedor ;1001;Ventas Mostrador;Nequi;1057;PRIMERA MUDA PREMATURO;ROPA;18000;36000;1.00;36000
52868;martes; 14 de julio de 2026;7:01 p. m.;cajero 1;Vendedor ;1001;Ventas Mostrador;Nequi;2117-1;MEDIAS RECIEN NACIDO X UNIDAD;ROPA;875;2500;5.00;12500
52867;martes; 14 de julio de 2026;6:02 p. m.;cajero 1;Vendedor ;1001;Ventas Mostrador;Efectivo;1917;BOLSA DE REGALO MEDIANA DECORADA NIÑOS;PAPELERIA;2416;4600;1.00;4600
52867;martes; 14 de julio de 2026;6:02 p. m.;cajero 1;Vendedor ;1001;Ventas Mostrador;Efectivo;2124;PRIMER MUDA BABE DUBAO;ROPA;38000;65000;1.00;65000
52866;martes; 14 de julio de 2026;4:51 p. m.;cajero 1;Vendedor ;1001;Ventas Mostrador;Efectivo;7701021116635;PAÑAL WINNY ULTRATRIM PANT 4X30;PAÑAL;38177;42600;1.00;40470
52865;martes; 14 de julio de 2026;4:14 p. m.;cajero 1;Vendedor ;1001;Ventas Mostrador;Efectivo;7702277395256;PAÑITOS ARRURRU AVENA X100;ASEO;8333;14500;1.00;14500
52864;martes; 14 de julio de 2026;4:13 p. m.;cajero 1;Vendedor ;1001;Ventas Mostrador;Efectivo;7701021144829;PAÑAL WINNY ULTRATRIM SENSITIVE 0X30;PAÑAL;19512;23500;1.00;23500
52863;martes; 14 de julio de 2026;2:41 p. m.;cajero 1;Vendedor ;1001;Ventas Mostrador;Efectivo;2229;BABERO MANGAS PLASTIFICADO;ACCESORIOS;5000;14500;1.00;14500
52862;martes; 14 de julio de 2026;2:27 p. m.;cajero 1;Vendedor ;1001;Ventas Mostrador;Tarjeta Débito;1226;COJIN DE LACTANCIA NIÑA/NIÑO;LACTANCIA;31000;68000;1.00;68000
52862;martes; 14 de julio de 2026;2:27 p. m.;cajero 1;Vendedor ;1001;Ventas Mostrador;Tarjeta Débito;2146;PAÑAL DE TELA CON DISEÑO X UNIDAD;PAÑAL;2444;6100;3.00;18300
52861;martes; 14 de julio de 2026;2:21 p. m.;cajero 1;Vendedor ;1001;Ventas Mostrador;Efectivo;6970817283337;PAÑITOS VALENTINA X 100;ASEO;5999;11600;2.00;23200
373;martes; 14 de julio de 2026;2:12 p. m.;cajero 1;Vendedor ;1001;Ventas Mostrador;QR Bancolombia;1226;COJIN DE LACTANCIA NIÑA/NIÑO;LACTANCIA;31000;68000;-1.00;-68000
52860;martes; 14 de julio de 2026;2:11 p. m.;cajero 1;Vendedor ;1001;Ventas Mostrador;Nequi;15001;COBIJA TAMIRON BEBE;LENCERIA;42000;69000;1.00;69000
52859;martes; 14 de julio de 2026;2:08 p. m.;cajero 1;Vendedor ;1001;Ventas Mostrador;Efectivo;4174;PAÑAL WINNY ETAPA 5 X UNIDAD;PAÑAL;1273;1800;2.00;3600
52858;martes; 14 de julio de 2026;1:47 p. m.;cajero 1;Vendedor ;1001;Ventas Mostrador;Efectivo;1261;LEGIS MATERNO SUPLEX FINO 8-14;MATERNA;25000;53000;1.00;53000
52857;martes; 14 de julio de 2026;12:59 p. m.;cajero 1;Vendedor ;1001;Ventas Mostrador;Efectivo;2112;BUSO CUELLO TORTUGA T - 2 A 16;COLEGIO;9000;15000;1.00;15000
52856;martes; 14 de julio de 2026;11:08 a. m.;cajero 1;Vendedor ;1001;Ventas Mostrador;Efectivo;7701021144829;PAÑAL WINNY ULTRATRIM SENSITIVE 0X30;PAÑAL;19512;23500;1.00;23500
52855;martes; 14 de julio de 2026;9:56 a. m.;cajero 1;Vendedor ;1001;Ventas Mostrador;Efectivo;1719;COBIJA APEGO;LENCERIA;20000;40000;1.00;34400
52855;martes; 14 de julio de 2026;9:56 a. m.;cajero 1;Vendedor ;1001;Ventas Mostrador;Efectivo;4863;GORRA Y PAVA PANA DECORADA OSO;ACCESORIOS;12000;26500;1.00;23585
52855;martes; 14 de julio de 2026;9:56 a. m.;cajero 1;Vendedor ;1001;Ventas Mostrador;Efectivo;4863;GORRA Y PAVA PANA DECORADA OSO;ACCESORIOS;12000;26500;1.00;26235
52854;martes; 14 de julio de 2026;9:48 a. m.;cajero 1;Vendedor ;1001;Ventas Mostrador;QR Bancolombia;4043;CONJUNTO MOSTER;ROPA;26000;48000;1.00;48000
52854;martes; 14 de julio de 2026;9:48 a. m.;cajero 1;Vendedor ;1001;Ventas Mostrador;QR Bancolombia;1133-4;MEDIAS FASHION TALLA 2 A 4;ROPA;2721;3500;1.00;3500
52854;martes; 14 de julio de 2026;9:48 a. m.;cajero 1;Vendedor ;1001;Ventas Mostrador;QR Bancolombia;1943-1;BODY SUNNOZY X UNIDAD;ROPA;10125;17000;1.00;17000
52853;lunes; 13 de julio de 2026;6:18 p. m.;cajero 1;Vendedor ;1001;Ventas Mostrador;Efectivo;1726;ZAPATO NO TUERCE;CALZADO;15000;35000;1.00;35000
52852;lunes; 13 de julio de 2026;5:44 p. m.;cajero 1;Vendedor ;1001;Ventas Mostrador;Efectivo;TT22-89;TETERO PREMATURO BABY LUCK;ACCESORIOS;5000;8000;1.00;8000
52851;lunes; 13 de julio de 2026;5:06 p. m.;cajero 1;Vendedor ;1001;Ventas Mostrador;Nequi;1189;GUANTE BLANCO;ROPA;3000;6500;1.00;6500
52850;lunes; 13 de julio de 2026;4:47 p. m.;cajero 1;Vendedor ;1001;Ventas Mostrador;Nequi;1400;PAÑAL ETAPA 2 X UNIDAD;PAÑAL;825;1600;1.00;1600
52849;lunes; 13 de julio de 2026;3:07 p. m.;cajero 1;Vendedor ;1001;Ventas Mostrador;Efectivo;1344;FORRO EXTRA GRANDE CALIBRE 4;ACCESORIOS;12000;19500;1.00;19500
52849;lunes; 13 de julio de 2026;3:07 p. m.;cajero 1;Vendedor ;1001;Ventas Mostrador;Efectivo;2140;RUANA TERMICA ESTAMPADA;LENCERIA;31000;47000;1.00;47000
52848;lunes; 13 de julio de 2026;2:55 p. m.;cajero 1;Vendedor ;1001;Ventas Mostrador;Tarjeta Débito;1726;ZAPATO NO TUERCE;CALZADO;15000;35000;2.00;70000
52848;lunes; 13 de julio de 2026;2:55 p. m.;cajero 1;Vendedor ;1001;Ventas Mostrador;Tarjeta Débito;1133-2;PAQUETE MEDIA FASHION X 3 TALLA ESTAMPADA;ROPA;7000;18000;1.00;18000
52847;lunes; 13 de julio de 2026;2:41 p. m.;cajero 1;Vendedor ;1001;Ventas Mostrador;Nequi;1917;BOLSA DE REGALO MEDIANA DECORADA NIÑOS;PAPELERIA;2416;4600;1.00;4600
52847;lunes; 13 de julio de 2026;2:41 p. m.;cajero 1;Vendedor ;1001;Ventas Mostrador;Nequi;1942;ESQUIMAL KINTY / MIMITOS;ROPA;20500;40000;1.00;40000
52847;lunes; 13 de julio de 2026;2:41 p. m.;cajero 1;Vendedor ;1001;Ventas Mostrador;Nequi;2117-1;MEDIAS RECIEN NACIDO X UNIDAD;ROPA;875;2500;2.00;5000
52847;lunes; 13 de julio de 2026;2:41 p. m.;cajero 1;Vendedor ;1001;Ventas Mostrador;Nequi;1379;CONJUNTO MEIQUITOS BABY;ROPA;16000;30000;1.00;30000
52847;lunes; 13 de julio de 2026;2:41 p. m.;cajero 1;Vendedor ;1001;Ventas Mostrador;Nequi;1943-1;BODY SUNNOZY X UNIDAD;ROPA;10125;17000;2.00;34000
52846;lunes; 13 de julio de 2026;2:01 p. m.;cajero 1;Vendedor ;1001;Ventas Mostrador;Efectivo;1056;ESQUELETO POR UNIDAD DISEÑO T2;ROPA;3666;6000;3.00;18000
52846;lunes; 13 de julio de 2026;2:01 p. m.;cajero 1;Vendedor ;1001;Ventas Mostrador;Efectivo;1943-1;BODY SUNNOZY X UNIDAD;ROPA;10143;17000;2.00;34000
52845;lunes; 13 de julio de 2026;1:46 p. m.;cajero 1;Vendedor ;1001;Ventas Mostrador;QR Bancolombia;0202-1;CEPILLO MUSICAL + PEINILLA;ACCESORIOS;6000;11000;1.00;11000
52844;lunes; 13 de julio de 2026;1:44 p. m.;cajero 1;Vendedor ;1001;Ventas Mostrador;Efectivo;1726;ZAPATO NO TUERCE;CALZADO;15000;35000;1.00;35000
52844;lunes; 13 de julio de 2026;1:44 p. m.;cajero 1;Vendedor ;1001;Ventas Mostrador;Efectivo;1133-6;MEDIA TOBACO X 3 T 0 A 18 MESES;ROPA;7500;13000;1.00;13000
52843;lunes; 13 de julio de 2026;1:42 p. m.;cajero 1;Vendedor ;1001;Ventas Mostrador;QR Bancolombia;1318;PIJAMA CARTER NB A 36 MESES;ROPA;35000;47000;1.00;46530
52843;lunes; 13 de julio de 2026;1:42 p. m.;cajero 1;Vendedor ;1001;Ventas Mostrador;QR Bancolombia;7701021116581;PAÑAL WINNY ULTRATRIM SEC 2X50;PAÑAL;42430;49900;1.00;45908
52843;lunes; 13 de julio de 2026;1:42 p. m.;cajero 1;Vendedor ;1001;Ventas Mostrador;QR Bancolombia;2274;PANTALON MAITOS X5;ROPA;28500;49500;1.00;48510
52843;lunes; 13 de julio de 2026;1:42 p. m.;cajero 1;Vendedor ;1001;Ventas Mostrador;QR Bancolombia;1133-6;MEDIA TOBACO X 3 T 0 A 18 MESES;ROPA;7500;13000;2.00;25740
52843;lunes; 13 de julio de 2026;1:42 p. m.;cajero 1;Vendedor ;1001;Ventas Mostrador;QR Bancolombia;0031-3;PIJAMA BOTON BURBUJA;ROPA;21000;40000;1.00;39600
52842;lunes; 13 de julio de 2026;1:29 p. m.;cajero 1;Vendedor ;1001;Ventas Mostrador;Nequi;9401-2;CONJUNTO CHIKIS PANTALON + TIRANTAS;ROPA;63000;96000;1.00;96000
52841;lunes; 13 de julio de 2026;1:21 p. m.;cajero 1;Vendedor ;1001;Ventas Mostrador;Nequi;1552;CAMISA CUELLO CORBATA NIÑO MANGA LARGA NIÑO;COLEGIO;20000;30000;1.00;30000
52840;lunes; 13 de julio de 2026;12:37 p. m.;cajero 1;Vendedor ;1001;Ventas Mostrador;QR Bancolombia;1718;ZAPATO TELA BEBE;CALZADO;10000;25000;1.00;25000
52840;lunes; 13 de julio de 2026;12:37 p. m.;cajero 1;Vendedor ;1001;Ventas Mostrador;QR Bancolombia;1299;TURBANTE CON MEDIAS + TURBANTE;ACCESORIOS;18000;28000;1.00;28000
52839;lunes; 13 de julio de 2026;12:21 p. m.;cajero 1;Vendedor ;1001;Ventas Mostrador;Efectivo;2026-3;GORRO LANA BABY KIDS;ROPA;10000;20000;1.00;20000
52838;lunes; 13 de julio de 2026;12:17 p. m.;cajero 1;Vendedor ;1001;Ventas Mostrador;Nequi;1111;TRIO KIT MATERNO PIJAMA+PANTUFLAS;ROPA;31000;55000;1.00;55000
52837;lunes; 13 de julio de 2026;11:52 a. m.;cajero 1;Vendedor ;1001;Ventas Mostrador;Nequi;2274;PANTALON MAITOS X5;ROPA;28500;49500;1.00;49500
52837;lunes; 13 de julio de 2026;11:52 a. m.;cajero 1;Vendedor ;1001;Ventas Mostrador;Nequi;1133-6;MEDIA TOBACO X 3 T 0 A 18 MESES;ROPA;7500;13000;1.00;13000
52836;lunes; 13 de julio de 2026;11:34 a. m.;cajero 1;Vendedor ;1001;Ventas Mostrador;Efectivo;1400;PAÑAL ETAPA 2 X UNIDAD;PAÑAL;825;1600;2.00;3200
52836;lunes; 13 de julio de 2026;11:34 a. m.;cajero 1;Vendedor ;1001;Ventas Mostrador;Efectivo;4175;PAÑAL ETAPA 3 X UNIDAD;PAÑAL;773;1700;2.00;3400
52835;domingo; 12 de julio de 2026;7:53 p. m.;cajero 1;;1001;Ventas Mostrador;QR Bancolombia;7701021147585;PAÑAL WINNY ULTRATRIM SEC 4X50;PAÑAL;61716;71300;1.00;65596
52834;domingo; 12 de julio de 2026;7:20 p. m.;cajero 1;;1001;Ventas Mostrador;QR Bancolombia;288-3;JARDINERA PANA DYK;ACCESORIOS;30000;72000;1.00;69998
52833;domingo; 12 de julio de 2026;6:49 p. m.;cajero 1;;1001;Ventas Mostrador;QR Bancolombia;L023;SUDADERA IMPORTADA ADIDAS T: 2 - T:6;ROPA;55000;115000;1.00;115000
52833;domingo; 12 de julio de 2026;6:49 p. m.;cajero 1;;1001;Ventas Mostrador;QR Bancolombia;2266;CAMISETA PERSONAJES;ROPA;7000;15000;1.00;15000
52833;domingo; 12 de julio de 2026;6:49 p. m.;cajero 1;;1001;Ventas Mostrador;QR Bancolombia;1634;JEANS NIÑA BOTA CAMPANA;ROPA;47750;68000;1.00;68000
52832;domingo; 12 de julio de 2026;6:43 p. m.;cajero 1;;1001;Ventas Mostrador;QR Bancolombia;1726;ZAPATO NO TUERCE;CALZADO;15000;35000;1.00;35000
52831;domingo; 12 de julio de 2026;6:11 p. m.;cajero 1;;1001;Ventas Mostrador;Efectivo;1376;TINA PLEGABLE UNISEX;BAÑERAS;85000;155000;1.00;155000
52830;domingo; 12 de julio de 2026;4:53 p. m.;cajero 1;;1001;Ventas Mostrador;Efectivo;7701021116536;PAÑAL WINNY ULTRATRIM SEC 2X30;PAÑAL;25979;29700;1.00;29700
52829;domingo; 12 de julio de 2026;4:43 p. m.;cajero 1;;1001;Ventas Mostrador;Efectivo;1917;BOLSA DE REGALO MEDIANA DECORADA NIÑOS;PAPELERIA;2416;4600;1.00;4600
52829;domingo; 12 de julio de 2026;4:43 p. m.;cajero 1;;1001;Ventas Mostrador;Efectivo;221-4;VESTIDO KINTY NIÑA T: 3 A 24 MESES;ROPA;27000;55000;1.00;55000
52828;domingo; 12 de julio de 2026;4:39 p. m.;cajero 1;;1001;Ventas Mostrador;Nequi;1754;MEDIAS CARTER 12-24;ROPA;9000;17000;1.00;17000
52828;domingo; 12 de julio de 2026;4:39 p. m.;cajero 1;;1001;Ventas Mostrador;Nequi;1133-5;MEDIA TOBACO X UNIDAD T 0 A 18 MESES;ROPA;2500;4500;3.00;13500
52827;domingo; 12 de julio de 2026;4:15 p. m.;cajero 1;;1001;Ventas Mostrador;QR Bancolombia;2046;PRIMERA MUDA COFRE CANASTA;ROPA;40000;66000;1.00;66000
52827;domingo; 12 de julio de 2026;4:15 p. m.;cajero 1;;1001;Ventas Mostrador;QR Bancolombia;1917;BOLSA DE REGALO MEDIANA DECORADA NIÑOS;PAPELERIA;2416;4600;1.00;4600
52827;domingo; 12 de julio de 2026;4:15 p. m.;cajero 1;;1001;Ventas Mostrador;QR Bancolombia;7702026147631;PAÑITOS PEQUEÑIN ALMENDRA X 100 UND;ASEO;8600;10900;1.00;10900
52826;domingo; 12 de julio de 2026;4:12 p. m.;cajero 1;;1001;Ventas Mostrador;Nequi;1630;LEGIS MATERNO ALGODON L-XL;MATERNA;20000;45000;1.00;45000
52825;domingo; 12 de julio de 2026;3:57 p. m.;cajero 1;;1001;Ventas Mostrador;Tarjeta crédito;7453117603894;EXTRACTOR ELECTRICO 2 TETEROS;ASEO;66000;120000;1.00;120000
52824;domingo; 12 de julio de 2026;3:48 p. m.;cajero 1;;1001;Ventas Mostrador;Nequi;2088;BABUCHA BEBE;CALZADO;12000;28000;1.00;28000
52822;domingo; 12 de julio de 2026;3:45 p. m.;cajero 1;;1001;Ventas Mostrador;Nequi;1133-5;MEDIA TOBACO X UNIDAD T 0 A 18 MESES;ROPA;2500;4500;1.00;4500
52822;domingo; 12 de julio de 2026;3:45 p. m.;cajero 1;;1001;Ventas Mostrador;Nequi;3016-2;CONJUNTO MYP CHALECO PELUDO;ROPA;50000;90000;1.00;90000
52821;domingo; 12 de julio de 2026;2:22 p. m.;cajero 1;;1001;Ventas Mostrador;Tarjeta Débito;2132;BOLSA DE REGALO PEQUEÑA DECORADA;PAPELERIA;1750;3200;1.00;3200
52821;domingo; 12 de julio de 2026;2:22 p. m.;cajero 1;;1001;Ventas Mostrador;Tarjeta Débito;1196-2;SUDADERA PAULIS DOBLE PANTALONEST2 A T10;ROPA;32620;66000;1.00;66000
52820;domingo; 12 de julio de 2026;2:08 p. m.;cajero 1;;1001;Ventas Mostrador;Efectivo;1980;MEDIAS MICROFIBRA 2-4-6-8-10-12;ROPA;8500;17900;1.00;17900
52819;domingo; 12 de julio de 2026;2:03 p. m.;cajero 1;;1001;Ventas Mostrador;Efectivo;7702026147631;PAÑITOS PEQUEÑIN ALMENDRA X 100 UND;ASEO;8600;10900;1.00;10900
52818;domingo; 12 de julio de 2026;1:57 p. m.;cajero 1;;1001;Ventas Mostrador;Nequi;1003;PAPEL REGALO PLIEGO Y TARJETA;ACCESORIOS;310;1000;1.00;1000
52818;domingo; 12 de julio de 2026;1:57 p. m.;cajero 1;;1001;Ventas Mostrador;Nequi;1998-3;PRIMERA MUDA DE HILO IMPORTADA;ROPA;33000;80000;1.00;80000
52817;domingo; 12 de julio de 2026;1:53 p. m.;cajero 1;;1001;Ventas Mostrador;Efectivo;1917;BOLSA DE REGALO MEDIANA DECORADA NIÑOS;PAPELERIA;2416;4600;1.00;4600
52817;domingo; 12 de julio de 2026;1:53 p. m.;cajero 1;;1001;Ventas Mostrador;Efectivo;1133-5;MEDIA TOBACO X UNIDAD T 0 A 18 MESES;ROPA;2500;4500;2.00;9000
52817;domingo; 12 de julio de 2026;1:53 p. m.;cajero 1;;1001;Ventas Mostrador;Efectivo;1624-1;CHAQUETA TOMMY T:2 A LA 8;ROPA;33000;68000;1.00;68000
52816;domingo; 12 de julio de 2026;1:38 p. m.;cajero 1;;1001;Ventas Mostrador;Tarjeta Débito;1726;ZAPATO NO TUERCE;CALZADO;15000;35000;2.00;70000
52815;domingo; 12 de julio de 2026;1:33 p. m.;cajero 1;;1001;Ventas Mostrador;Efectivo;7702277084198;COLONIA ARRURRU NIÑO NVA PRESENTACION 30 ML;ASEO;6600;8300;1.00;8300
52814;domingo; 12 de julio de 2026;1:32 p. m.;cajero 1;;1001;Ventas Mostrador;Nequi;1419-2;MEDIA CACHIMIR AZUL NIÑA T:2 - T:12;COLEGIO;8015;16900;2.00;33800
52813;domingo; 12 de julio de 2026;1:21 p. m.;cajero 1;;1001;Ventas Mostrador;QR Bancolombia;4298-1;COLONIA PARVULITOS DE 60 ML;ASEO;8600;12600;1.00;12600
52812;domingo; 12 de julio de 2026;1:14 p. m.;cajero 1;;1001;Ventas Mostrador;Efectivo;0031-1;PIJAMA PIEL DURAZNO BOTON 2 PIEZAS;ROPA;15000;36000;1.00;36000
52811;domingo; 12 de julio de 2026;1:02 p. m.;cajero 1;;1001;Ventas Mostrador;QR Bancolombia;0031-3;PIJAMA BOTON BURBUJA;ROPA;21000;40000;1.00;40000
52810;domingo; 12 de julio de 2026;12:30 p. m.;cajero 1;;1001;Ventas Mostrador;Efectivo;221-4;VESTIDO KINTY NIÑA T: 3 A 24 MESES;ROPA;27000;55000;1.00;55000
52809;domingo; 12 de julio de 2026;12:16 p. m.;cajero 1;;1001;Ventas Mostrador;QR Bancolombia;1718;ZAPATO TELA BEBE;CALZADO;10000;25000;1.00;25000
52809;domingo; 12 de julio de 2026;12:16 p. m.;cajero 1;;1001;Ventas Mostrador;QR Bancolombia;1726;ZAPATO NO TUERCE;CALZADO;15000;35000;1.00;35000
52809;domingo; 12 de julio de 2026;12:16 p. m.;cajero 1;;1001;Ventas Mostrador;QR Bancolombia;2028;CAMINADOR PINPONG;CAMINADORES;59930;95000;1.00;95000
52809;domingo; 12 de julio de 2026;12:16 p. m.;cajero 1;;1001;Ventas Mostrador;QR Bancolombia;1133-4;MEDIAS FASHION TALLA 2 A 4;ROPA;2500;3500;3.00;10500
52808;domingo; 12 de julio de 2026;12:11 p. m.;cajero 1;;1001;Ventas Mostrador;Tarjeta Débito;1917;BOLSA DE REGALO MEDIANA DECORADA NIÑOS;PAPELERIA;2416;4600;1.00;4600
52807;domingo; 12 de julio de 2026;12:08 p. m.;cajero 1;;1001;Ventas Mostrador;Tarjeta Débito;1196-2;SUDADERA PAULIS DOBLE PANTALONEST2 A T10;ROPA;32620;66000;1.00;66000
52807;domingo; 12 de julio de 2026;12:08 p. m.;cajero 1;;1001;Ventas Mostrador;Tarjeta Débito;AK3863;TETERO ONLY - AVEAT 4OZ CON OREJAS;ACCESORIOS;8384;16000;1.00;16000
52807;domingo; 12 de julio de 2026;12:08 p. m.;cajero 1;;1001;Ventas Mostrador;Tarjeta Débito;AT054;SONAJERO SUNNOZY GRANDE CONEJA - MONO;JUGUETES;16000;45000;1.00;45000
52807;domingo; 12 de julio de 2026;12:08 p. m.;cajero 1;;1001;Ventas Mostrador;Tarjeta Débito;1379-1;VESTIDOS MEIQUITOS;ROPA;16000;30000;1.00;30000
52807;domingo; 12 de julio de 2026;12:08 p. m.;cajero 1;;1001;Ventas Mostrador;Tarjeta Débito;1943-1;BODY SUNNOZY X UNIDAD;ROPA;10160;17000;1.00;17000
52806;domingo; 12 de julio de 2026;10:25 a. m.;cajero 1;;1001;Ventas Mostrador;Efectivo;1133-5;MEDIA TOBACO X UNIDAD T 0 A 18 MESES;ROPA;2500;4500;2.00;9000
52805;sábado; 11 de julio de 2026;8:05 p. m.;Maria Barbosa Neuque;;1001;Ventas Mostrador;Efectivo;1943-1;BODY SUNNOZY X UNIDAD;ROPA;10747;17000;2.00;34000
52804;sábado; 11 de julio de 2026;7:39 p. m.;Maria Barbosa Neuque;;1001;Ventas Mostrador;Tarjeta crédito;6972644576125;CARGADOR CON SILLA;ACCESORIOS;74900;110000;1.00;110000
52803;sábado; 11 de julio de 2026;7:33 p. m.;Maria Barbosa Neuque;;1001;Ventas Mostrador;Efectivo;2140;RUANA TERMICA ESTAMPADA;LENCERIA;31000;47000;1.00;47000
52803;sábado; 11 de julio de 2026;7:33 p. m.;Maria Barbosa Neuque;;1001;Ventas Mostrador;Efectivo;7702277084198;COLONIA ARRURRU NIÑO NVA PRESENTACION 30 ML;ASEO;6600;8300;1.00;8300
52802;sábado; 11 de julio de 2026;7:21 p. m.;Maria Barbosa Neuque;;1001;Ventas Mostrador;Nequi;2224;TUTU POR UNIDAD;ROPA;13000;26900;1.00;26900
52801;sábado; 11 de julio de 2026;7:03 p. m.;Maria Barbosa Neuque;;1001;Ventas Mostrador;QR Bancolombia;2025;MEDIA PATIN;ROPA;2500;6500;1.00;6500
52800;sábado; 11 de julio de 2026;7:01 p. m.;Maria Barbosa Neuque;;1001;Ventas Mostrador;Efectivo;1726;ZAPATO NO TUERCE;CALZADO;15000;35000;1.00;35000
52799;sábado; 11 de julio de 2026;6:44 p. m.;Maria Barbosa Neuque;;1001;Ventas Mostrador;Efectivo;1168-3;CHAQUETA IMPORTADA T: 4 A LA 12;ROPA;65000;120000;1.00;110160
52798;sábado; 11 de julio de 2026;6:12 p. m.;Maria Barbosa Neuque;;1001;Ventas Mostrador;Efectivo;1003;PAPEL REGALO PLIEGO Y TARJETA;ACCESORIOS;310;1000;1.00;1000
52798;sábado; 11 de julio de 2026;6:12 p. m.;Maria Barbosa Neuque;;1001;Ventas Mostrador;Efectivo;7701021116536;PAÑAL WINNY ULTRATRIM SEC 2X30;PAÑAL;25979;29700;1.00;29700
52798;sábado; 11 de julio de 2026;6:12 p. m.;Maria Barbosa Neuque;;1001;Ventas Mostrador;Efectivo;1379-1;VESTIDOS MEIQUITOS;ROPA;16000;30000;1.00;30000
52797;sábado; 11 de julio de 2026;6:03 p. m.;Maria Barbosa Neuque;;1001;Ventas Mostrador;Nequi;2132;BOLSA DE REGALO PEQUEÑA DECORADA;PAPELERIA;1750;3200;1.00;3200
52797;sábado; 11 de julio de 2026;6:03 p. m.;Maria Barbosa Neuque;;1001;Ventas Mostrador;Nequi;288-4;VESTIDO NEGRO VELO DE FLORES;ROPA;37500;90000;1.00;90000
52796;sábado; 11 de julio de 2026;6:02 p. m.;Maria Barbosa Neuque;;1001;Ventas Mostrador;Efectivo;1066;TOALLA BABY FRIENDS;LENCERIA;21000;39000;1.00;39000
52796;sábado; 11 de julio de 2026;6:02 p. m.;Maria Barbosa Neuque;;1001;Ventas Mostrador;Efectivo;1917;BOLSA DE REGALO MEDIANA DECORADA NIÑOS;PAPELERIA;2416;4600;1.00;4600
52796;sábado; 11 de julio de 2026;6:02 p. m.;Maria Barbosa Neuque;;1001;Ventas Mostrador;Efectivo;10010112;SEMANARIO UNICOLOR 14 PIEZAS;ROPA;42000;72000;1.00;72000
52795;sábado; 11 de julio de 2026;5:03 p. m.;Maria Barbosa Neuque;;1001;Ventas Mostrador;Nequi;1003;PAPEL REGALO PLIEGO Y TARJETA;ACCESORIOS;317;1000;4.00;4000
52794;sábado; 11 de julio de 2026;4:59 p. m.;Maria Barbosa Neuque;;1001;Ventas Mostrador;Nequi;7701021118318;PAñAL WINNY ULTRATRIM SEC 3X16;PAÑAL;17222;22300;1.00;22300
52794;sábado; 11 de julio de 2026;4:59 p. m.;Maria Barbosa Neuque;;1001;Ventas Mostrador;Nequi;7702026147631;PAÑITOS PEQUEÑIN ALMENDRA X 100 UND;ASEO;8600;10900;1.00;10900
52793;sábado; 11 de julio de 2026;4:58 p. m.;Maria Barbosa Neuque;;1001;Ventas Mostrador;Nequi;7701021118318;PAñAL WINNY ULTRATRIM SEC 3X16;PAÑAL;17222;22300;1.00;22300
52793;sábado; 11 de julio de 2026;4:58 p. m.;Maria Barbosa Neuque;;1001;Ventas Mostrador;Nequi;7702026147631;PAÑITOS PEQUEÑIN ALMENDRA X 100 UND;ASEO;8333;10900;1.00;10900
52793;sábado; 11 de julio de 2026;4:58 p. m.;Maria Barbosa Neuque;;1001;Ventas Mostrador;Nequi;7702277848738;CREMA ARRURRU COLITA 25G;ASEO;1;9200;1.00;9200
52792;sábado; 11 de julio de 2026;4:42 p. m.;Maria Barbosa Neuque;;1001;Ventas Mostrador;Nequi;7702031583363;ESTUCHE JOHNSON BABY PEQUEÑO;ASEO;24805;31000;1.00;31000
52791;sábado; 11 de julio de 2026;4:34 p. m.;Maria Barbosa Neuque;;1001;Ventas Mostrador;Efectivo;2132;BOLSA DE REGALO PEQUEÑA DECORADA;PAPELERIA;1750;3200;1.00;3200
52790;sábado; 11 de julio de 2026;4:30 p. m.;Maria Barbosa Neuque;;1001;Ventas Mostrador;Efectivo;2132;BOLSA DE REGALO PEQUEÑA DECORADA;PAPELERIA;1750;3200;1.00;3200
52790;sábado; 11 de julio de 2026;4:30 p. m.;Maria Barbosa Neuque;;1001;Ventas Mostrador;Efectivo;1196-2;SUDADERA PAULIS DOBLE PANTALONEST2 A T10;ROPA;32620;66000;1.00;66000
52790;sábado; 11 de julio de 2026;4:30 p. m.;Maria Barbosa Neuque;;1001;Ventas Mostrador;Efectivo;1133-6;MEDIA TOBACO X 3 T 0 A 18 MESES;ROPA;7500;13000;1.00;13000
52789;sábado; 11 de julio de 2026;3:19 p. m.;Maria Barbosa Neuque;;1001;Ventas Mostrador;Nequi;1003;PAPEL REGALO PLIEGO Y TARJETA;ACCESORIOS;323;1000;1.00;0
52789;sábado; 11 de julio de 2026;3:19 p. m.;Maria Barbosa Neuque;;1001;Ventas Mostrador;Nequi;15001;COBIJA TAMIRON BEBE;LENCERIA;42000;69000;1.00;69000
52789;sábado; 11 de julio de 2026;3:19 p. m.;Maria Barbosa Neuque;;1001;Ventas Mostrador;Nequi;3211-3;CONJUNTO MELODY CHAQUETA BEISBOLERA NIÑO;ROPA;55000;100000;1.00;97000
52789;sábado; 11 de julio de 2026;3:19 p. m.;Maria Barbosa Neuque;;1001;Ventas Mostrador;Nequi;1168-4;CHALECO IMPORTADO NIÑO;ROPA;50000;100000;1.00;97000
52788;sábado; 11 de julio de 2026;2:58 p. m.;Maria Barbosa Neuque;;1001;Ventas Mostrador;Nequi;1420;MEDIAS ENCAJE MARATHON;ROPA;8500;14500;1.00;14500
52787;sábado; 11 de julio de 2026;2:45 p. m.;Maria Barbosa Neuque;;1001;Ventas Mostrador;Efectivo;1118;CAPA ESTAMPADA SENCILLA;LLUVIA;16000;40000;1.00;40000
52786;sábado; 11 de julio de 2026;2:00 p. m.;Maria Barbosa Neuque;;1001;Ventas Mostrador;Efectivo;1419-5;MEDIA CACHIMIR VARIOS COLORES NIÑA;ROPA;12000;16900;1.00;16900
52785;sábado; 11 de julio de 2026;1:42 p. m.;Maria Barbosa Neuque;;1001;Ventas Mostrador;Efectivo;1420;MEDIAS ENCAJE MARATHON;ROPA;8500;14500;1.00;14500
52784;sábado; 11 de julio de 2026;1:38 p. m.;Maria Barbosa Neuque;;1001;Ventas Mostrador;Efectivo;1003;PAPEL REGALO PLIEGO Y TARJETA;ACCESORIOS;323;1000;2.00;2000
52784;sábado; 11 de julio de 2026;1:38 p. m.;Maria Barbosa Neuque;;1001;Ventas Mostrador;Efectivo;1608;SLEEPING NIÑO/NIÑA;LENCERIA;19000;40000;1.00;40000
52784;sábado; 11 de julio de 2026;1:38 p. m.;Maria Barbosa Neuque;;1001;Ventas Mostrador;Efectivo;1918;BOLSA DE REGALO GRANDE JUMBO DECORADA;PAPELERIA;3300;6000;1.00;6000
52783;sábado; 11 de julio de 2026;1:05 p. m.;Maria Barbosa Neuque;;1001;Ventas Mostrador;Efectivo;2080-1;BODY BLANCO X UNIDAD;ROPA;5000;10000;1.00;10000
52782;sábado; 11 de julio de 2026;1:00 p. m.;Maria Barbosa Neuque;;1001;Ventas Mostrador;Nequi;1003;PAPEL REGALO PLIEGO Y TARJETA;ACCESORIOS;323;1000;1.00;1000
52782;sábado; 11 de julio de 2026;1:00 p. m.;Maria Barbosa Neuque;;1001;Ventas Mostrador;Nequi;7701021116499;PAÑAL WINNY ULTRATRIM SEC 1X30;PAÑAL;21743;25500;1.00;25500
52781;sábado; 11 de julio de 2026;12:34 p. m.;Maria Barbosa Neuque;;1001;Ventas Mostrador;Tarjeta crédito;10657;SONAJERO MUSICAL OSO ELEFANTE GRANDE;ACCESORIOS;20000;49500;1.00;49500
52781;sábado; 11 de julio de 2026;12:34 p. m.;Maria Barbosa Neuque;;1001;Ventas Mostrador;Tarjeta crédito;1196-2;SUDADERA PAULIS DOBLE PANTALONEST2 A T10;ROPA;32620;66000;1.00;66000
52780;sábado; 11 de julio de 2026;12:29 p. m.;Maria Barbosa Neuque;;1001;Ventas Mostrador;Tarjeta crédito;2025;MEDIA PATIN;ROPA;2500;6500;1.00;6500
52780;sábado; 11 de julio de 2026;12:29 p. m.;Maria Barbosa Neuque;;1001;Ventas Mostrador;Tarjeta crédito;7702277910435;ESTUCHE ARRURRU ABUELITA NIÑO NVA PRESENTACION;ASEO;60350;90000;1.00;90000
52779;sábado; 11 de julio de 2026;12:18 p. m.;Maria Barbosa Neuque;;1001;Ventas Mostrador;Efectivo;1363;GABAN NIÑA T: 2 - T: 4;ROPA;35000;70000;1.00;70000
52778;sábado; 11 de julio de 2026;11:53 a. m.;Maria Barbosa Neuque;;1001;Ventas Mostrador;QR Bancolombia;1917;BOLSA DE REGALO MEDIANA DECORADA NIÑOS;PAPELERIA;2416;4600;1.00;4600
52778;sábado; 11 de julio de 2026;11:53 a. m.;Maria Barbosa Neuque;;1001;Ventas Mostrador;QR Bancolombia;0031-3;PIJAMA BOTON BURBUJA;ROPA;21000;40000;1.00;40000
52777;sábado; 11 de julio de 2026;11:40 a. m.;Maria Barbosa Neuque;;1001;Ventas Mostrador;Efectivo;1768;MEDIAS ESPAÑOLA MOÑO ANAVID;ROPA;8500;13500;1.00;13500
52776;viernes; 10 de julio de 2026;8:13 p. m.;Maria Barbosa Neuque;Vendedor ;1001;Ventas Mostrador;Efectivo;14060;BABERO TRES COMIDAS + 2BABITAS;ACCESORIOS;7500;15300;1.00;15300
52776;viernes; 10 de julio de 2026;8:13 p. m.;Maria Barbosa Neuque;Vendedor ;1001;Ventas Mostrador;Efectivo;7702031169536;CREMA AVENA JOHNSON X400ML;ASEO;27966;37200;1.00;37200
52776;viernes; 10 de julio de 2026;8:13 p. m.;Maria Barbosa Neuque;Vendedor ;1001;Ventas Mostrador;Efectivo;0031-1;PIJAMA PIEL DURAZNO BOTON 2 PIEZAS;ROPA;15000;36000;1.00;36000
52776;viernes; 10 de julio de 2026;8:13 p. m.;Maria Barbosa Neuque;Vendedor ;1001;Ventas Mostrador;Efectivo;1379-1;VESTIDOS MEIQUITOS;ROPA;16000;30000;1.00;30000
52776;viernes; 10 de julio de 2026;8:13 p. m.;Maria Barbosa Neuque;Vendedor ;1001;Ventas Mostrador;Efectivo;7891150036383;JABON LIQUIDO DOVE BABY HIPOALERGENICO;ASEO;18000;23500;1.00;23500
52775;viernes; 10 de julio de 2026;7:44 p. m.;Maria Barbosa Neuque;Vendedor ;1001;Ventas Mostrador;Efectivo;7891010031046;ACEITE JOHNSON BABY ORIGINAL X100ML;ASEO;13871;17400;1.00;17400
52775;viernes; 10 de julio de 2026;7:44 p. m.;Maria Barbosa Neuque;Vendedor ;1001;Ventas Mostrador;Efectivo;7702031878452;CREMA DE PEINAR EXTRA HUMECTANTE X 200 ML;ASEO;17120;21400;1.00;21400
52774;viernes; 10 de julio de 2026;7:37 p. m.;Maria Barbosa Neuque;Vendedor ;1001;Ventas Mostrador;QR Bancolombia;1726;ZAPATO NO TUERCE;CALZADO;15000;35000;1.00;35000
52773;viernes; 10 de julio de 2026;7:10 p. m.;Maria Barbosa Neuque;Vendedor ;1001;Ventas Mostrador;Efectivo;1419-2;MEDIA CACHIMIR AZUL NIÑA T:2 - T:12;COLEGIO;8015;16900;1.00;16900
52772;viernes; 10 de julio de 2026;7:05 p. m.;Maria Barbosa Neuque;Vendedor ;1001;Ventas Mostrador;Efectivo;1726;ZAPATO NO TUERCE;CALZADO;15000;35000;1.00;35000
52772;viernes; 10 de julio de 2026;7:05 p. m.;Maria Barbosa Neuque;Vendedor ;1001;Ventas Mostrador;Efectivo;7709399982579;BRILLO DOLLY CHIC TRENDY;ACCESORIOS;5000;10000;1.00;10000
52772;viernes; 10 de julio de 2026;7:05 p. m.;Maria Barbosa Neuque;Vendedor ;1001;Ventas Mostrador;Efectivo;286;CONJUNTO MAKKI PANTALON HILO;ROPA;48000;96000;1.00;96000
52771;viernes; 10 de julio de 2026;7:03 p. m.;Maria Barbosa Neuque;Vendedor ;1001;Ventas Mostrador;QR Bancolombia;1133-2;PAQUETE MEDIA FASHION X 3 TALLA ESTAMPADA;ROPA;7000;18000;1.00;18000
52771;viernes; 10 de julio de 2026;7:03 p. m.;Maria Barbosa Neuque;Vendedor ;1001;Ventas Mostrador;QR Bancolombia;2925;JARDINERA PANA PUPPY;ROPA;40000;70000;1.00;70000
52770;viernes; 10 de julio de 2026;6:44 p. m.;Maria Barbosa Neuque;Vendedor ;1001;Ventas Mostrador;Nequi;2025;MEDIA PATIN;ROPA;2500;6500;1.00;6500
52770;viernes; 10 de julio de 2026;6:44 p. m.;Maria Barbosa Neuque;Vendedor ;1001;Ventas Mostrador;Nequi;2132;BOLSA DE REGALO PEQUEÑA DECORADA;PAPELERIA;1750;3200;1.00;3200
52769;viernes; 10 de julio de 2026;4:50 p. m.;Maria Barbosa Neuque;Vendedor ;1001;Ventas Mostrador;Nequi;1726;ZAPATO NO TUERCE;CALZADO;15000;35000;2.00;70000
52768;viernes; 10 de julio de 2026;4:16 p. m.;Maria Barbosa Neuque;Vendedor ;1001;Ventas Mostrador;Efectivo;7701021118332;PAÑAL WINNY ULTRATRIM SEC 4X16;PAÑAL;21153;25600;1.00;25600
52768;viernes; 10 de julio de 2026;4:16 p. m.;Maria Barbosa Neuque;Vendedor ;1001;Ventas Mostrador;Efectivo;7702026147631;PAÑITOS PEQUEÑIN ALMENDRA X 100 UND;ASEO;8333;10900;1.00;10900
52767;viernes; 10 de julio de 2026;4:08 p. m.;Maria Barbosa Neuque;Vendedor ;1001;Ventas Mostrador;Efectivo;1695;VESTIDO VELO ESTRELLAS;ROPA;35000;70000;1.00;70000
52767;viernes; 10 de julio de 2026;4:08 p. m.;Maria Barbosa Neuque;Vendedor ;1001;Ventas Mostrador;Efectivo;1768;MEDIAS ESPAÑOLA MOÑO ANAVID;ROPA;8500;13500;1.00;13500
52766;viernes; 10 de julio de 2026;3:24 p. m.;Maria Barbosa Neuque;Vendedor ;1001;Ventas Mostrador;QR Bancolombia;7701021116604;PAÑAL WINNY ULTRATRIM SEC 2X100;PAÑAL;83995;100000;1.00;90000
52764;viernes; 10 de julio de 2026;2:09 p. m.;Maria Barbosa Neuque;Vendedor ;1001;Ventas Mostrador;Efectivo;7702031132844;ACEITE JOHNSON ORIGINAL X50ML;ASEO;6998;8800;1.00;8800
52763;jueves; 9 de julio de 2026;8:12 p. m.;Maria Barbosa Neuque;Vendedor ;1001;Ventas Mostrador;Efectivo;7707233050019;CHUPO CORCHITO MEDIADO NRO 2;ACCESORIOS;556;2400;1.00;2400
52762;jueves; 9 de julio de 2026;7:51 p. m.;Maria Barbosa Neuque;Vendedor ;1001;Ventas Mostrador;Nequi;7702026147631;PAÑITOS PEQUEÑIN ALMENDRA X 100 UND;ASEO;8333;10900;1.00;10900
52761;jueves; 9 de julio de 2026;7:39 p. m.;Maria Barbosa Neuque;Vendedor ;1001;Ventas Mostrador;Nequi;2223-1;SANDALIA NO TUERCE;CALZADO;15000;37000;1.00;37000
52760;jueves; 9 de julio de 2026;7:03 p. m.;Maria Barbosa Neuque;Vendedor ;1001;Ventas Mostrador;Efectivo;1420;MEDIAS ENCAJE MARATHON;ROPA;8500;14500;1.00;14500
52760;jueves; 9 de julio de 2026;7:03 p. m.;Maria Barbosa Neuque;Vendedor ;1001;Ventas Mostrador;Efectivo;1726;ZAPATO NO TUERCE;CALZADO;15000;35000;1.00;35000
52760;jueves; 9 de julio de 2026;7:03 p. m.;Maria Barbosa Neuque;Vendedor ;1001;Ventas Mostrador;Efectivo;1107-1;VESTIDO IMPORTADO VELO NIÑA;ROPA;70000;140000;1.00;120400
52759;jueves; 9 de julio de 2026;6:42 p. m.;Maria Barbosa Neuque;Vendedor ;1001;Ventas Mostrador;Efectivo;1003;PAPEL REGALO PLIEGO Y TARJETA;ACCESORIOS;323;1000;1.00;1000
52759;jueves; 9 de julio de 2026;6:42 p. m.;Maria Barbosa Neuque;Vendedor ;1001;Ventas Mostrador;Efectivo;1138-2;SUDADERA SAFARY PAULIS & CO;ROPA;32650;64000;1.00;64000
52759;jueves; 9 de julio de 2026;6:42 p. m.;Maria Barbosa Neuque;Vendedor ;1001;Ventas Mostrador;Efectivo;1133-2;PAQUETE MEDIA FASHION X 3 TALLA ESTAMPADA;ROPA;7000;18000;1.00;18000
52758;jueves; 9 de julio de 2026;6:02 p. m.;Maria Barbosa Neuque;Vendedor ;1001;Ventas Mostrador;Nequi;7701021116666;PAÑAL WINNY ULTRATRIM PANT 5X30;PAÑAL;41907;46900;1.00;44555
52757;jueves; 9 de julio de 2026;5:40 p. m.;Maria Barbosa Neuque;Vendedor ;1001;Ventas Mostrador;Daviplata;7707199346270;PAÑAL VALENTINA 4XG X50;PAÑAL;51200;64000;1.00;64000
52756;jueves; 9 de julio de 2026;5:08 p. m.;Maria Barbosa Neuque;Vendedor ;1001;Ventas Mostrador;Efectivo;2224;TUTU POR UNIDAD;ROPA;13000;26900;1.00;26900
52755;jueves; 9 de julio de 2026;4:56 p. m.;Maria Barbosa Neuque;Vendedor ;1001;Ventas Mostrador;Efectivo;1998-1;CONJUNTO DE LANA IMPORTADO;ROPA;55000;90000;1.00;90000
52755;jueves; 9 de julio de 2026;4:56 p. m.;Maria Barbosa Neuque;Vendedor ;1001;Ventas Mostrador;Efectivo;1015-1;ZAPATO PILIN - PATILIN T: 18 A 22;ZAPATO;42000;70000;1.00;70000
52755;jueves; 9 de julio de 2026;4:56 p. m.;Maria Barbosa Neuque;Vendedor ;1001;Ventas Mostrador;Efectivo;3070-2;ROPA INTERIOR NIÑA X 3;ROPA;9000;17000;2.00;34000
52754;jueves; 9 de julio de 2026;4:54 p. m.;Maria Barbosa Neuque;Vendedor ;1001;Ventas Mostrador;Tarjeta crédito;1003;PAPEL REGALO PLIEGO Y TARJETA;ACCESORIOS;323;1000;5.00;5000
52754;jueves; 9 de julio de 2026;4:54 p. m.;Maria Barbosa Neuque;Vendedor ;1001;Ventas Mostrador;Tarjeta crédito;1743;SILLA MESEDORA MUSICAL ROCKER;ACCESORIOS;100000;168000;1.00;168000
52754;jueves; 9 de julio de 2026;4:54 p. m.;Maria Barbosa Neuque;Vendedor ;1001;Ventas Mostrador;Tarjeta crédito;2740;GIMNASIO PIANO;JUGUETES;54900;120000;1.00;120000
52754;jueves; 9 de julio de 2026;4:54 p. m.;Maria Barbosa Neuque;Vendedor ;1001;Ventas Mostrador;Tarjeta crédito;PTQ-123;KIT TERMOMETEO Y LIMA ELECTRICA;ACCESORIOS;34000;49000;1.00;49000
52753;jueves; 9 de julio de 2026;4:24 p. m.;Maria Barbosa Neuque;Vendedor ;1001;Ventas Mostrador;Efectivo;909090;BATA LABORATORIO TALLA S M Y L;COLEGIO;16000;28000;1.00;28000
52752;jueves; 9 de julio de 2026;1:44 p. m.;Maria Barbosa Neuque;Vendedor ;1001;Ventas Mostrador;Nequi;2002;SEMANARIO 21 PIEZAS;ROPA;33000;53000;1.00;53000
52752;jueves; 9 de julio de 2026;1:44 p. m.;Maria Barbosa Neuque;Vendedor ;1001;Ventas Mostrador;Nequi;2117-1;MEDIAS RECIEN NACIDO X UNIDAD;ROPA;875;2500;3.00;7500
52752;jueves; 9 de julio de 2026;1:44 p. m.;Maria Barbosa Neuque;Vendedor ;1001;Ventas Mostrador;Nequi;10010112;SEMANARIO UNICOLOR 14 PIEZAS;ROPA;42000;63000;1.00;63000
52750;jueves; 9 de julio de 2026;1:24 p. m.;Maria Barbosa Neuque;Vendedor ;1001;Ventas Mostrador;Nequi;1135;BATA LABORATORIO NIÑO;COLEGIO;14000;25000;1.00;25000
52748;jueves; 9 de julio de 2026;1:06 p. m.;Maria Barbosa Neuque;Vendedor ;1001;Ventas Mostrador;QR Bancolombia;1996;ESQUELETO POR UNIDAD CON DISEÑO TALLA 8;ROPA;3666;6500;1.00;6500
52748;jueves; 9 de julio de 2026;1:06 p. m.;Maria Barbosa Neuque;Vendedor ;1001;Ventas Mostrador;QR Bancolombia;1196-2;SUDADERA PAULIS DOBLE PANTALONEST2 A T10;ROPA;32620;66000;1.00;66000
52748;jueves; 9 de julio de 2026;1:06 p. m.;Maria Barbosa Neuque;Vendedor ;1001;Ventas Mostrador;QR Bancolombia;1138-2;SUDADERA SAFARY PAULIS & CO;ROPA;32650;64000;1.00;64000
52748;jueves; 9 de julio de 2026;1:06 p. m.;Maria Barbosa Neuque;Vendedor ;1001;Ventas Mostrador;QR Bancolombia;725-1;CONJUNTO GAB KIDS NIÑA /O T:2 A T:6;ROPA;42000;86000;1.00;86000
52748;jueves; 9 de julio de 2026;1:06 p. m.;Maria Barbosa Neuque;Vendedor ;1001;Ventas Mostrador;QR Bancolombia;1996-1;ESQUELETO POR UNIDAD CON DISEÑO T:2 A T:10;ROPA;3666;6500;1.00;6500
52747;jueves; 9 de julio de 2026;12:34 p. m.;Maria Barbosa Neuque;Vendedor ;1001;Ventas Mostrador;Daviplata;1584;COCHE + PAÑALERA JM;COCHES;175000;271000;1.00;244171
52747;jueves; 9 de julio de 2026;12:34 p. m.;Maria Barbosa Neuque;Vendedor ;1001;Ventas Mostrador;Daviplata;1791;FORRO MEDIANO CALIBRE 4;ACCESORIOS;10000;17500;1.00;10829
52746;jueves; 9 de julio de 2026;12:07 p. m.;Maria Barbosa Neuque;Vendedor ;1001;Ventas Mostrador;Efectivo;7701021116512;PAÑAL WINNY ULTRATRIM SEC 1X50;PAÑAL;36237;41500;2.00;76360
52745;jueves; 9 de julio de 2026;12:02 p. m.;Maria Barbosa Neuque;Vendedor ;1001;Ventas Mostrador;QR Bancolombia;A8035;CHUPO FRUTA MOBY;ACCESORIOS;5500;20000;1.00;20000
52745;jueves; 9 de julio de 2026;12:02 p. m.;Maria Barbosa Neuque;Vendedor ;1001;Ventas Mostrador;QR Bancolombia;KCUX2;CUCHARA X 2 SILICONA EN CARTON;ACCESORIOS;8800;13800;1.00;13800
52744;miércoles; 8 de julio de 2026;7:45 p. m.;cajero 1;Vendedor ;1001;Ventas Mostrador;Efectivo;2025;MEDIA PATIN;ROPA;2500;6500;1.00;6500
52744;miércoles; 8 de julio de 2026;7:45 p. m.;cajero 1;Vendedor ;1001;Ventas Mostrador;Efectivo;1943-1;BODY SUNNOZY X UNIDAD;ROPA;11333;17000;2.00;34000
52743;miércoles; 8 de julio de 2026;7:44 p. m.;cajero 1;Vendedor ;1001;Ventas Mostrador;Efectivo;2224;TUTU POR UNIDAD;ROPA;13000;26900;1.00;26900
52742;miércoles; 8 de julio de 2026;6:55 p. m.;cajero 1;Vendedor ;1001;Ventas Mostrador;Efectivo;0031-3;PIJAMA BOTON BURBUJA;ROPA;21000;40000;1.00;40000
52741;miércoles; 8 de julio de 2026;6:27 p. m.;cajero 1;Vendedor ;1001;Ventas Mostrador;Efectivo;2282;VESTIDO MAJA 1119;ROPA;33000;72000;1.00;68400
52740;miércoles; 8 de julio de 2026;6:19 p. m.;cajero 1;Vendedor ;1001;Ventas Mostrador;Tarjeta crédito;1066;TOALLA BABY FRIENDS;LENCERIA;21000;39000;1.00;39000
52740;miércoles; 8 de julio de 2026;6:19 p. m.;cajero 1;Vendedor ;1001;Ventas Mostrador;Tarjeta crédito;7701021118318;PAñAL WINNY ULTRATRIM SEC 3X16;PAÑAL;17222;22300;1.00;22300
52740;miércoles; 8 de julio de 2026;6:19 p. m.;cajero 1;Vendedor ;1001;Ventas Mostrador;Tarjeta crédito;2084;COBIJA VICTORIA;LENCERIA;38000;65000;1.00;65000
52740;miércoles; 8 de julio de 2026;6:19 p. m.;cajero 1;Vendedor ;1001;Ventas Mostrador;Tarjeta crédito;7702026147631;PAÑITOS PEQUEÑIN ALMENDRA X 100 UND;ASEO;8333;10900;1.00;10900
52739;miércoles; 8 de julio de 2026;6:08 p. m.;cajero 1;Vendedor ;1001;Ventas Mostrador;Efectivo;PTQ1167;CHUPO REPUESTO ONLY KTT-030;ACCESORIOS;1800;6500;1.00;6500
52738;miércoles; 8 de julio de 2026;5:59 p. m.;cajero 1;Vendedor ;1001;Ventas Mostrador;QR Bancolombia;1187;CARGADOR ESPUMA GRANDE;ACCESORIOS;25000;45000;1.00;45000
52737;miércoles; 8 de julio de 2026;5:19 p. m.;cajero 1;Vendedor ;1001;Ventas Mostrador;Efectivo;7701021116499;PAÑAL WINNY ULTRATRIM SEC 1X30;PAÑAL;21743;25500;1.00;25500
52736;miércoles; 8 de julio de 2026;5:03 p. m.;cajero 1;Vendedor ;1001;Ventas Mostrador;Nequi;2084;COBIJA VICTORIA;LENCERIA;38000;65000;1.00;65000
52735;miércoles; 8 de julio de 2026;4:32 p. m.;cajero 1;Vendedor ;1001;Ventas Mostrador;Nequi;7701021118356;PAÑAL WINNY 5X16;PAÑAL;22117;28100;1.00;28100
52734;miércoles; 8 de julio de 2026;4:28 p. m.;cajero 1;Vendedor ;1001;Ventas Mostrador;QR Bancolombia;7701021116499;PAÑAL WINNY ULTRATRIM SEC 1X30;PAÑAL;21743;25500;1.00;25500
52734;miércoles; 8 de julio de 2026;4:28 p. m.;cajero 1;Vendedor ;1001;Ventas Mostrador;QR Bancolombia;1943-1;BODY SUNNOZY X UNIDAD;ROPA;11333;17000;1.00;17000
52733;miércoles; 8 de julio de 2026;3:51 p. m.;cajero 1;Vendedor ;1001;Ventas Mostrador;Efectivo;1718;ZAPATO TELA BEBE;CALZADO;10000;22000;1.00;22000
52733;miércoles; 8 de julio de 2026;3:51 p. m.;cajero 1;Vendedor ;1001;Ventas Mostrador;Efectivo;3070-2;ROPA INTERIOR NIÑA X 3;ROPA;9000;17000;1.00;17000
52732;miércoles; 8 de julio de 2026;1:42 p. m.;cajero 1;Vendedor ;1001;Ventas Mostrador;QR Bancolombia;1782;FORRO PASEADOR CALIBRE 4;ACCESORIOS;9000;14500;1.00;14500
52731;miércoles; 8 de julio de 2026;1:02 p. m.;cajero 1;Vendedor ;1001;Ventas Mostrador;Efectivo;1718;ZAPATO TELA BEBE;CALZADO;10000;22000;1.00;22000
52730;miércoles; 8 de julio de 2026;12:57 p. m.;cajero 1;Vendedor ;1001;Ventas Mostrador;Daviplata;7701021111845;PAÑAL WINNY ULTRATRIM SEC 3X50;PAÑAL;50170;57900;1.00;53268
52729;miércoles; 8 de julio de 2026;12:45 p. m.;cajero 1;Vendedor ;1001;Ventas Mostrador;QR Bancolombia;2120;SACO TERMICO BEBE;ROPA;9000;28000;1.00;28000
52728;miércoles; 8 de julio de 2026;12:44 p. m.;cajero 1;Vendedor ;1001;Ventas Mostrador;QR Bancolombia;1776;PRIMERA MUDA ALMOHADAS;ROPA;29000;48000;1.00;48000
52728;miércoles; 8 de julio de 2026;12:44 p. m.;cajero 1;Vendedor ;1001;Ventas Mostrador;QR Bancolombia;2117-1;MEDIAS RECIEN NACIDO X UNIDAD;ROPA;875;2500;2.00;5000
52727;martes; 7 de julio de 2026;8:28 p. m.;cajero 1;Vendedor ;1001;Ventas Mostrador;QR Bancolombia;2394;VASO BOQUILLA DURA INFACTEC;ACCESORIOS;9700;19400;1.00;19400
52726;martes; 7 de julio de 2026;7:56 p. m.;cajero 1;Vendedor ;1001;Ventas Mostrador;Efectivo;1376-1;TINA PLEGABLE CON ACCESORIOS;ACCESORIOS;135000;185000;1.00;179820
52725;martes; 7 de julio de 2026;7:47 p. m.;cajero 1;Vendedor ;1001;Ventas Mostrador;Tarjeta crédito;1917;BOLSA DE REGALO MEDIANA DECORADA NIÑOS;PAPELERIA;2416;4600;1.00;4600
52725;martes; 7 de julio de 2026;7:47 p. m.;cajero 1;Vendedor ;1001;Ventas Mostrador;Tarjeta crédito;7707233050354;TETERO CORCHITO PREMATURO 2 ONZ;ACCESORIOS;3867;9000;1.00;9000
52725;martes; 7 de julio de 2026;7:47 p. m.;cajero 1;Vendedor ;1001;Ventas Mostrador;Tarjeta crédito;1943-1;BODY SUNNOZY X UNIDAD;ROPA;11333;17000;3.00;51000
52724;martes; 7 de julio de 2026;6:50 p. m.;cajero 1;Vendedor ;1001;Ventas Mostrador;QR Bancolombia;221-1;CONJUNTO CHALECO PANA KINTY;ROPA;25000;62000;1.00;62000
52724;martes; 7 de julio de 2026;6:50 p. m.;cajero 1;Vendedor ;1001;Ventas Mostrador;QR Bancolombia;9401-2;CONJUNTO CHIKIS PANTALON + TIRANTAS;ROPA;63000;96000;1.00;96000
52723;martes; 7 de julio de 2026;5:48 p. m.;cajero 1;Vendedor ;1001;Ventas Mostrador;Efectivo;15001;COBIJA TAMIRON BEBE;LENCERIA;43000;69000;1.00;69000
52722;martes; 7 de julio de 2026;5:17 p. m.;cajero 1;Vendedor ;1001;Ventas Mostrador;Efectivo;1003;PAPEL REGALO PLIEGO Y TARJETA;ACCESORIOS;323;1000;1.00;1000
52722;martes; 7 de julio de 2026;5:17 p. m.;cajero 1;Vendedor ;1001;Ventas Mostrador;Efectivo;2140;RUANA TERMICA ESTAMPADA;LENCERIA;31000;47000;1.00;47000
52721;martes; 7 de julio de 2026;5:11 p. m.;cajero 1;Vendedor ;1001;Ventas Mostrador;Efectivo;1726;ZAPATO NO TUERCE;CALZADO;15000;35000;1.00;35000
52720;martes; 7 de julio de 2026;5:07 p. m.;cajero 1;Vendedor ;1001;Ventas Mostrador;Efectivo;2305;VESTIDO ESPECIAL ROSAS;ROPA;50000;110000;1.00;110000
52719;martes; 7 de julio de 2026;4:44 p. m.;cajero 1;Vendedor ;1001;Ventas Mostrador;Efectivo;1600;PAÑAL ADULTO L X UNIDAD;PAÑAL;2433;4000;3.00;12000
52719;martes; 7 de julio de 2026;4:44 p. m.;cajero 1;Vendedor ;1001;Ventas Mostrador;Efectivo;7707233050354;TETERO CORCHITO PREMATURO 2 ONZ;ACCESORIOS;3867;9000;1.00;9000
52718;martes; 7 de julio de 2026;4:01 p. m.;cajero 1;Vendedor ;1001;Ventas Mostrador;Efectivo;7707233050651;VASO BOQUILLA DURA;ACCESORIOS;11315;23000;1.00;23000
52717;martes; 7 de julio de 2026;2:27 p. m.;cajero 1;Vendedor ;1001;Ventas Mostrador;Efectivo;1980;MEDIAS MICROFIBRA 2-4-6-8-10-12;ROPA;8500;17900;2.00;35800
52716;martes; 7 de julio de 2026;1:38 p. m.;cajero 1;Vendedor ;1001;Ventas Mostrador;Nequi;6970817283337;PAÑITOS VALENTINA X 100;ASEO;5999;11600;4.00;30160
52715;martes; 7 de julio de 2026;12:37 p. m.;cajero 1;Vendedor ;1001;Ventas Mostrador;QR Bancolombia;7701021116581;PAÑAL WINNY ULTRATRIM SEC 2X50;PAÑAL;42430;49900;1.00;45908
52714;martes; 7 de julio de 2026;10:15 a. m.;cajero 1;Vendedor ;1001;Ventas Mostrador;QR Bancolombia;1943-1;BODY SUNNOZY X UNIDAD;ROPA;10758;17000;5.00;85000
52713;martes; 7 de julio de 2026;10:10 a. m.;cajero 1;Vendedor ;1001;Ventas Mostrador;Efectivo;7701021116581;PAÑAL WINNY ULTRATRIM SEC 2X50;PAÑAL;42430;49900;1.00;45908
52712;lunes; 6 de julio de 2026;8:09 p. m.;cajero 1;Vendedor ;1001;Ventas Mostrador;Tarjeta Débito;7701021119087;PAÑAL WINNY ULTRATRIM SEC 4X100;PAÑAL;126500;144000;1.00;129600
52711;lunes; 6 de julio de 2026;7:58 p. m.;cajero 1;Vendedor ;1001;Ventas Mostrador;QR Bancolombia;1553-1;PANTALON COLEGIAL AZUL T: 6 A T:16;COLEGIO;22000;40000;1.00;40000
52710;lunes; 6 de julio de 2026;7:44 p. m.;cajero 1;Vendedor ;1001;Ventas Mostrador;QR Bancolombia;1754;MEDIAS CARTER 12-24;ROPA;9000;17000;1.00;17000
52710;lunes; 6 de julio de 2026;7:44 p. m.;cajero 1;Vendedor ;1001;Ventas Mostrador;QR Bancolombia;1041-5;CONJUNTO DYK CHAQUETA OVEREJERA NIÑO;ROPA;55000;105000;1.00;105000
371;lunes; 6 de julio de 2026;7:44 p. m.;cajero 1;Vendedor ;1001;Ventas Mostrador;QR Bancolombia;2118;CONJUNTO CHIKIS CORBATIN TIRANTAS;ROPA;25000;70000;-1.00;-70000
371;lunes; 6 de julio de 2026;7:44 p. m.;cajero 1;Vendedor ;1001;Ventas Mostrador;QR Bancolombia;2120-3;SACO HILO SURTIDO;ROPA;25000;52000;-1.00;-52000
52709;lunes; 6 de julio de 2026;5:54 p. m.;cajero 1;Vendedor ;1001;Ventas Mostrador;QR Bancolombia;7701021147585;PAÑAL WINNY ULTRATRIM SEC 4X50;PAÑAL;61716;71300;1.00;65596
52708;lunes; 6 de julio de 2026;5:51 p. m.;cajero 1;Vendedor ;1001;Ventas Mostrador;QR Bancolombia;7701021116635;PAÑAL WINNY ULTRATRIM PANT 4X30;PAÑAL;38177;42600;1.00;40470
52707;lunes; 6 de julio de 2026;5:31 p. m.;cajero 1;Vendedor ;1001;Ventas Mostrador;QR Bancolombia;71534232090;PATIN DE LANA CARTER;ROPA;14500;29000;1.00;29000
52706;lunes; 6 de julio de 2026;5:25 p. m.;cajero 1;Vendedor ;1001;Ventas Mostrador;Efectivo;1003;PAPEL REGALO PLIEGO Y TARJETA;ACCESORIOS;323;1000;1.00;1000
52706;lunes; 6 de julio de 2026;5:25 p. m.;cajero 1;Vendedor ;1001;Ventas Mostrador;Efectivo;3211-0;CONJUNTO STIMPY CUERINA NIÑA;ROPA;36000;88000;1.00;88000
52705;lunes; 6 de julio de 2026;3:41 p. m.;cajero 1;Vendedor ;1001;Ventas Mostrador;Tarjeta crédito;1726;ZAPATO NO TUERCE;CALZADO;15000;35000;1.00;35000
52705;lunes; 6 de julio de 2026;3:41 p. m.;cajero 1;Vendedor ;1001;Ventas Mostrador;Tarjeta crédito;2028;CAMINADOR PINPONG;CAMINADORES;59930;95000;1.00;95000
52704;lunes; 6 de julio de 2026;3:12 p. m.;cajero 1;Vendedor ;1001;Ventas Mostrador;Efectivo;6977252931915;RECOLECTORAS DE LECHE ONLY;ACCESORIOS;10000;21000;1.00;21000
52703;lunes; 6 de julio de 2026;1:15 p. m.;cajero 1;Vendedor ;1001;Ventas Mostrador;Efectivo;1952;MIKA TRONO Y BACIN LOCO;ASEO;34990;56000;1.00;54012
52702;lunes; 6 de julio de 2026;12:17 p. m.;cajero 1;Vendedor ;1001;Ventas Mostrador;QR Bancolombia;7701021114174;PAÑAL WINNY ULTRATRIM SEC 5X30;PAÑAL;41907;46900;1.00;44555
52702;lunes; 6 de julio de 2026;12:17 p. m.;cajero 1;Vendedor ;1001;Ventas Mostrador;QR Bancolombia;1726;ZAPATO NO TUERCE;CALZADO;15000;35000;1.00;35000
52702;lunes; 6 de julio de 2026;12:17 p. m.;cajero 1;Vendedor ;1001;Ventas Mostrador;QR Bancolombia;1768;MEDIAS ESPAÑOLA MOÑO ANAVID;ROPA;8500;13500;1.00;13500
52702;lunes; 6 de julio de 2026;12:17 p. m.;cajero 1;Vendedor ;1001;Ventas Mostrador;QR Bancolombia;3027;PAVAS BAUTIZO;ACCESORIOS;10000;25000;1.00;25000
52701;lunes; 6 de julio de 2026;11:54 a. m.;cajero 1;Vendedor ;1001;Ventas Mostrador;Efectivo;1992-4;CHANCLAS CAUCHO;ZAPATO;18000;28000;1.00;28000
52700;lunes; 6 de julio de 2026;11:20 a. m.;cajero 1;Vendedor ;1001;Ventas Mostrador;Efectivo;1904;FAJEROS;ROPA;1666;4000;1.00;4000
52699;lunes; 6 de julio de 2026;10:51 a. m.;cajero 1;Vendedor ;1001;Ventas Mostrador;Efectivo;7701021116512;PAÑAL WINNY ULTRATRIM SEC 1X50;PAÑAL;37500;41500;1.00;39218
52698;domingo; 5 de julio de 2026;7:55 p. m.;cajero 1;;1001;Ventas Mostrador;Efectivo;1904;FAJEROS;ROPA;1666;4000;2.00;8000
52698;domingo; 5 de julio de 2026;7:55 p. m.;cajero 1;;1001;Ventas Mostrador;Efectivo;1930-8;GORRO HILO RECIEN NACIDO;ROPA;5000;12000;1.00;12000
52697;domingo; 5 de julio de 2026;7:53 p. m.;cajero 1;;1001;Ventas Mostrador;Efectivo;6953071216655;VALENTINA BABY PANTS G/L X20;PAÑAL;18200;27000;1.00;27000
52696;domingo; 5 de julio de 2026;7:50 p. m.;cajero 1;;1001;Ventas Mostrador;QR Bancolombia;2066;CAMBIADOR + TOALLA CREACIONES RUSSI;ACCESORIOS;10000;25000;1.00;23000
52696;domingo; 5 de julio de 2026;7:50 p. m.;cajero 1;;1001;Ventas Mostrador;QR Bancolombia;1998-3;PRIMERA MUDA DE HILO IMPORTADA;ROPA;33000;80000;1.00;77000
52695;domingo; 5 de julio de 2026;7:27 p. m.;cajero 1;;1001;Ventas Mostrador;Efectivo;7707233050385;VASO BOQUILLA BLANDA CORCHITO 11 ONZ;ACCESORIOS;11219;22000;1.00;22000
52694;domingo; 5 de julio de 2026;7:24 p. m.;cajero 1;;1001;Ventas Mostrador;QR Bancolombia;1003;PAPEL REGALO PLIEGO Y TARJETA;ACCESORIOS;323;1000;2.00;2000
52694;domingo; 5 de julio de 2026;7:24 p. m.;cajero 1;;1001;Ventas Mostrador;QR Bancolombia;221-4;VESTIDO KINTY NIÑA T: 3 A 24 MESES;ROPA;27000;55000;1.00;55000
52693;domingo; 5 de julio de 2026;7:20 p. m.;cajero 1;;1001;Ventas Mostrador;Tarjeta Débito;7701021144829;PAÑAL WINNY ULTRATRIM SENSITIVE 0X30;PAÑAL;19512;23500;1.00;23500
52693;domingo; 5 de julio de 2026;7:20 p. m.;cajero 1;;1001;Ventas Mostrador;Tarjeta Débito;1162;PRIMERA MUDA DE BOLSA MAJU BABY;ROPA;22000;38000;1.00;38000
52693;domingo; 5 de julio de 2026;7:20 p. m.;cajero 1;;1001;Ventas Mostrador;Tarjeta Débito;2117-1;MEDIAS RECIEN NACIDO X UNIDAD;ROPA;875;2500;2.00;5000
52693;domingo; 5 de julio de 2026;7:20 p. m.;cajero 1;;1001;Ventas Mostrador;Tarjeta Débito;2227;PAÑAL ADULTO TALLA M X UNIDAD;PAÑAL;1870;3900;3.00;11700
52693;domingo; 5 de julio de 2026;7:20 p. m.;cajero 1;;1001;Ventas Mostrador;Tarjeta Débito;1572;PRIMERA MUDA IMPORTADA HONOR BABY;ROPA;40000;80000;1.00;80000
52693;domingo; 5 de julio de 2026;7:20 p. m.;cajero 1;;1001;Ventas Mostrador;Tarjeta Débito;7702026147631;PAÑITOS PEQUEÑIN ALMENDRA X 100 UND;ASEO;8333;10900;1.00;10900
52693;domingo; 5 de julio de 2026;7:20 p. m.;cajero 1;;1001;Ventas Mostrador;Tarjeta Débito;1930-8;GORRO HILO RECIEN NACIDO;ROPA;5000;12000;1.00;12000
52692;domingo; 5 de julio de 2026;6:59 p. m.;cajero 1;;1001;Ventas Mostrador;Efectivo;0202-1;CEPILLO MUSICAL + PEINILLA;ACCESORIOS;6000;11000;1.00;11000
52691;domingo; 5 de julio de 2026;6:53 p. m.;cajero 1;;1001;Ventas Mostrador;Efectivo;1726;ZAPATO NO TUERCE;CALZADO;15000;35000;1.00;35000
52691;domingo; 5 de julio de 2026;6:53 p. m.;cajero 1;;1001;Ventas Mostrador;Efectivo;1768;MEDIAS ESPAÑOLA MOÑO ANAVID;ROPA;8500;13500;1.00;13500
52691;domingo; 5 de julio de 2026;6:53 p. m.;cajero 1;;1001;Ventas Mostrador;Efectivo;1196-2;SUDADERA PAULIS DOBLE PANTALONEST2 A T10;ROPA;32620;66000;1.00;66000
52690;domingo; 5 de julio de 2026;6:19 p. m.;cajero 1;;1001;Ventas Mostrador;QR Bancolombia;1631;LEGIS ESCARCHADO CRAZY KIDS;ROPA;15000;38000;1.00;38000
52689;domingo; 5 de julio de 2026;6:14 p. m.;cajero 1;;1001;Ventas Mostrador;Efectivo;7701021111845;PAÑAL WINNY ULTRATRIM SEC 3X50;PAÑAL;50170;57900;1.00;53268
52688;domingo; 5 de julio de 2026;5:36 p. m.;cajero 1;;1001;Ventas Mostrador;Efectivo;2120;SACO TERMICO BEBE;ROPA;9000;28000;1.00;28000
52687;domingo; 5 de julio de 2026;5:11 p. m.;cajero 1;;1001;Ventas Mostrador;Efectivo;1003;PAPEL REGALO PLIEGO Y TARJETA;ACCESORIOS;323;1000;1.00;1000
52687;domingo; 5 de julio de 2026;5:11 p. m.;cajero 1;;1001;Ventas Mostrador;Efectivo;1133-4;MEDIAS FASHION TALLA 2 A 4;ROPA;2500;3500;1.00;3500
52687;domingo; 5 de julio de 2026;5:11 p. m.;cajero 1;;1001;Ventas Mostrador;Efectivo;7707233051009;PAÑITOS HUMEDOS CORCHITO X 120 UND;ASEO;7144;12000;1.00;12000
52686;domingo; 5 de julio de 2026;5:08 p. m.;cajero 1;;1001;Ventas Mostrador;Nequi;2116;DUO ESQUELETO Y MANGA LARGA;ROPA;8500;13500;1.00;13500
52685;domingo; 5 de julio de 2026;5:05 p. m.;cajero 1;;1001;Ventas Mostrador;Efectivo;2028;CAMINADOR PINPONG;CAMINADORES;59930;95000;1.00;89300
52685;domingo; 5 de julio de 2026;5:05 p. m.;cajero 1;;1001;Ventas Mostrador;Efectivo;2116;DUO ESQUELETO Y MANGA LARGA;ROPA;8500;13500;3.00;35701
52684;domingo; 5 de julio de 2026;4:40 p. m.;cajero 1;;1001;Ventas Mostrador;Efectivo;7702057088835;CREMA NUMERO.4 X20 GRAMOS ORIGINAL;ASEO;8562;9900;1.00;9900
52684;domingo; 5 de julio de 2026;4:40 p. m.;cajero 1;;1001;Ventas Mostrador;Efectivo;7702031132844;ACEITE JOHNSON ORIGINAL X50ML;ASEO;6998;8800;1.00;8800
52684;domingo; 5 de julio de 2026;4:40 p. m.;cajero 1;;1001;Ventas Mostrador;Efectivo;7702277884569;COLONIA ARRURRU 400 ML ROSADA+CREMA X 220 ORIGINAL;ASEO;42400;53000;1.00;53000
52684;domingo; 5 de julio de 2026;4:40 p. m.;cajero 1;;1001;Ventas Mostrador;Efectivo;7707233051009;PAÑITOS HUMEDOS CORCHITO X 120 UND;ASEO;7144;12000;2.00;24000
52684;domingo; 5 de julio de 2026;4:40 p. m.;cajero 1;;1001;Ventas Mostrador;Efectivo;7702277848738;CREMA ARRURRU COLITA 25G;ASEO;1;9200;2.00;18400
370;domingo; 5 de julio de 2026;4:08 p. m.;cajero 1;;1001;Ventas Mostrador;Efectivo;328;BODY FABI 3 -4 UND;ROPA;23000;42000;-1.00;-42000
52683;domingo; 5 de julio de 2026;3:41 p. m.;cajero 1;;1001;Ventas Mostrador;Nequi;7701021118295;PAÑAL WINNY ULTRATRIM SEC 1X16;PAÑAL;11820;15000;1.00;15000
52682;domingo; 5 de julio de 2026;3:38 p. m.;cajero 1;;1001;Ventas Mostrador;Nequi;1003;PAPEL REGALO PLIEGO Y TARJETA;ACCESORIOS;323;1000;1.00;1000
52682;domingo; 5 de julio de 2026;3:38 p. m.;cajero 1;;1001;Ventas Mostrador;Nequi;1998-4;PRIMERA MUDA HILO IMPORTADA DOUDOUJIAYI;ROPA;65000;110000;1.00;110000
52681;domingo; 5 de julio de 2026;3:12 p. m.;cajero 1;;1001;Ventas Mostrador;Efectivo;7701021116499;PAÑAL WINNY ULTRATRIM SEC 1X30;PAÑAL;21743;25500;1.00;25500
52681;domingo; 5 de julio de 2026;3:12 p. m.;cajero 1;;1001;Ventas Mostrador;Efectivo;1943-1;BODY SUNNOZY X UNIDAD;ROPA;10375;17000;1.00;17000
52680;domingo; 5 de julio de 2026;3:10 p. m.;cajero 1;;1001;Ventas Mostrador;Efectivo;3016;CONJUNTO 3 PZAS + CHAQUETA LEÑADORA;ROPA;48000;85000;1.00;85000
52679;domingo; 5 de julio de 2026;3:09 p. m.;cajero 1;;1001;Ventas Mostrador;QR Bancolombia;1003;PAPEL REGALO PLIEGO Y TARJETA;ACCESORIOS;323;1000;1.00;1000
52679;domingo; 5 de julio de 2026;3:09 p. m.;cajero 1;;1001;Ventas Mostrador;QR Bancolombia;1383-1;CONJUNTO IMPORTADO FASHION NIÑA / O;ROPA;55000;110000;1.00;110000
52678;domingo; 5 de julio de 2026;3:07 p. m.;cajero 1;;1001;Ventas Mostrador;QR Bancolombia;1003;PAPEL REGALO PLIEGO Y TARJETA;ACCESORIOS;323;1000;1.00;1000
52678;domingo; 5 de julio de 2026;3:07 p. m.;cajero 1;;1001;Ventas Mostrador;QR Bancolombia;1524-1;CHAQUETA PANA J&M;ROPA;48000;78000;1.00;78000
52677;domingo; 5 de julio de 2026;3:06 p. m.;cajero 1;;1001;Ventas Mostrador;Efectivo;1003;PAPEL REGALO PLIEGO Y TARJETA;ACCESORIOS;323;1000;1.00;1000
52677;domingo; 5 de julio de 2026;3:06 p. m.;cajero 1;;1001;Ventas Mostrador;Efectivo;3212-1;CONJUNTO DYK CHAQUETA OVEREJERA NIÑO;ROPA;55000;105000;1.00;105000
52676;domingo; 5 de julio de 2026;2:44 p. m.;cajero 1;;1001;Ventas Mostrador;Nequi;1726;ZAPATO NO TUERCE;CALZADO;15000;35000;1.00;35000
52675;domingo; 5 de julio de 2026;2:43 p. m.;cajero 1;;1001;Ventas Mostrador;Efectivo;1208;COBERTOR HILO - OVEJERO;LENCERIA;22000;43000;1.00;43000
52675;domingo; 5 de julio de 2026;2:43 p. m.;cajero 1;;1001;Ventas Mostrador;Efectivo;7701021118332;PAÑAL WINNY ULTRATRIM SEC 4X16;PAÑAL;21153;25600;1.00;25600
52675;domingo; 5 de julio de 2026;2:43 p. m.;cajero 1;;1001;Ventas Mostrador;Efectivo;6970175561962;PAÑITOS VALENTINA CUIDADO INTENSIVO 100 UND;ASEO;6800;11000;1.00;11000
52673;domingo; 5 de julio de 2026;2:39 p. m.;cajero 1;;1001;Ventas Mostrador;Efectivo;1003;PAPEL REGALO PLIEGO Y TARJETA;ACCESORIOS;323;1000;1.00;1000
52673;domingo; 5 de julio de 2026;2:39 p. m.;cajero 1;;1001;Ventas Mostrador;Efectivo;7701021116512;PAÑAL WINNY ULTRATRIM SEC 1X50;PAÑAL;37500;41500;1.00;39218
52673;domingo; 5 de julio de 2026;2:39 p. m.;cajero 1;;1001;Ventas Mostrador;Efectivo;7702031244455;ESTUCHE JOHNSON NUEVO BABY GRANDE;ASEO;68355;85500;1.00;85500
52673;domingo; 5 de julio de 2026;2:39 p. m.;cajero 1;;1001;Ventas Mostrador;Efectivo;3212-1;CONJUNTO DYK CHAQUETA OVEREJERA NIÑO;ROPA;55000;105000;1.00;105000
52672;domingo; 5 de julio de 2026;2:34 p. m.;cajero 1;;1001;Ventas Mostrador;Efectivo;1003;PAPEL REGALO PLIEGO Y TARJETA;ACCESORIOS;323;1000;1.00;1000
52672;domingo; 5 de julio de 2026;2:34 p. m.;cajero 1;;1001;Ventas Mostrador;Efectivo;7701021145949;PAÑITOS WINNY ALOE X100;ASEO;9529;12500;1.00;12500
52672;domingo; 5 de julio de 2026;2:34 p. m.;cajero 1;;1001;Ventas Mostrador;Efectivo;2546;OVEROL JEAN NIÑO T1 A T8;ROPA;30000;68000;1.00;68000
52671;domingo; 5 de julio de 2026;2:13 p. m.;cajero 1;;1001;Ventas Mostrador;QR Bancolombia;7701021111821;PAÑAL WINNY ULTRATRIM 3X30;PAÑAL;31688;35800;1.00;34010
52671;domingo; 5 de julio de 2026;2:13 p. m.;cajero 1;;1001;Ventas Mostrador;QR Bancolombia;1918;BOLSA DE REGALO GRANDE JUMBO DECORADA;PAPELERIA;3300;6000;1.00;6000
52671;domingo; 5 de julio de 2026;2:13 p. m.;cajero 1;;1001;Ventas Mostrador;QR Bancolombia;2073-1;KIT ESTUCHE MEDIAS+ 2 BALACA;ROPA;18000;30000;1.00;30000
52671;domingo; 5 de julio de 2026;2:13 p. m.;cajero 1;;1001;Ventas Mostrador;QR Bancolombia;3211-2;CONJUNTO MELODY NIÑA - PANA;ROPA;57000;100000;1.00;100000
52670;domingo; 5 de julio de 2026;1:54 p. m.;cajero 1;;1001;Ventas Mostrador;QR Bancolombia;1015-1;ZAPATO PILIN - PATILIN T: 18 A 22;ZAPATO;42000;70000;1.00;70000
52669;domingo; 5 de julio de 2026;1:52 p. m.;cajero 1;;1001;Ventas Mostrador;QR Bancolombia;2132;BOLSA DE REGALO PEQUEÑA DECORADA;PAPELERIA;1750;3200;1.00;3200
52669;domingo; 5 de julio de 2026;1:52 p. m.;cajero 1;;1001;Ventas Mostrador;QR Bancolombia;6972815420042;MUNECO DE APEGO;ACCESORIOS;15000;28000;1.00;28000
52668;domingo; 5 de julio de 2026;1:42 p. m.;cajero 1;;1001;Ventas Mostrador;QR Bancolombia;2073;KIT ESTUCHE MEDIAS+BALACA;ROPA;11900;34000;1.00;34000
52667;domingo; 5 de julio de 2026;1:36 p. m.;cajero 1;;1001;Ventas Mostrador;Efectivo;12345678912;PASEADOR TRES RUEDAS 31100;COCHES - PASEADOR;130000;190000;1.00;190000
52667;domingo; 5 de julio de 2026;1:36 p. m.;cajero 1;;1001;Ventas Mostrador;Efectivo;1782;FORRO PASEADOR CALIBRE 4;ACCESORIOS;9000;14500;1.00;0
52666;domingo; 5 de julio de 2026;1:35 p. m.;cajero 1;;1001;Ventas Mostrador;QR Bancolombia;1776;PRIMERA MUDA ALMOHADAS;ROPA;26000;48000;1.00;48000
52665;domingo; 5 de julio de 2026;1:29 p. m.;cajero 1;;1001;Ventas Mostrador;Efectivo;1600;PAÑAL ADULTO L X UNIDAD;PAÑAL;2433;4000;4.00;16000
52664;domingo; 5 de julio de 2026;1:28 p. m.;cajero 1;;1001;Ventas Mostrador;Efectivo;1111;TRIO KIT MATERNO PIJAMA+PANTUFLAS;ROPA;31000;55000;1.00;55000
52663;domingo; 5 de julio de 2026;1:22 p. m.;cajero 1;;1001;Ventas Mostrador;Efectivo;1015-1;ZAPATO PILIN - PATILIN T: 18 A 22;ZAPATO;42000;70000;1.00;67970
52662;domingo; 5 de julio de 2026;1:06 p. m.;cajero 1;;1001;Ventas Mostrador;Efectivo;328;BODY FABI 3 -4 UND;ROPA;23000;42000;1.00;42000
52662;domingo; 5 de julio de 2026;1:06 p. m.;cajero 1;;1001;Ventas Mostrador;Efectivo;2203;ESQUELETO POR UNIDAD DISEÑO TALLA 4;ROPA;3666;6000;6.00;35280
52662;domingo; 5 de julio de 2026;1:06 p. m.;cajero 1;;1001;Ventas Mostrador;Efectivo;1133-2;PAQUETE MEDIA FASHION X 3 TALLA ESTAMPADA;ROPA;7000;18000;1.00;17460
52661;domingo; 5 de julio de 2026;12:49 p. m.;cajero 1;;1001;Ventas Mostrador;Nequi;7701021116499;PAÑAL WINNY ULTRATRIM SEC 1X30;PAÑAL;21743;25500;1.00;25500
52661;domingo; 5 de julio de 2026;12:49 p. m.;cajero 1;;1001;Ventas Mostrador;Nequi;572;TETERO ONLY 2 ONZ;ACCESORIOS;7500;14000;1.00;14000
52660;domingo; 5 de julio de 2026;12:36 p. m.;cajero 1;;1001;Ventas Mostrador;QR Bancolombia;1003;PAPEL REGALO PLIEGO Y TARJETA;ACCESORIOS;323;1000;1.00;1000
52660;domingo; 5 de julio de 2026;12:36 p. m.;cajero 1;;1001;Ventas Mostrador;QR Bancolombia;1938;BUSO CAPOTA;ROPA;29000;50000;1.00;50000
52659;domingo; 5 de julio de 2026;12:35 p. m.;cajero 1;;1001;Ventas Mostrador;Efectivo;1003;PAPEL REGALO PLIEGO Y TARJETA;ACCESORIOS;323;1000;1.00;1000
52659;domingo; 5 de julio de 2026;12:35 p. m.;cajero 1;;1001;Ventas Mostrador;Efectivo;7701021116499;PAÑAL WINNY ULTRATRIM SEC 1X30;PAÑAL;21743;25500;1.00;25500
52658;domingo; 5 de julio de 2026;12:32 p. m.;cajero 1;;1001;Ventas Mostrador;Efectivo;1003;PAPEL REGALO PLIEGO Y TARJETA;ACCESORIOS;323;1000;2.00;2000
52658;domingo; 5 de julio de 2026;12:32 p. m.;cajero 1;;1001;Ventas Mostrador;Efectivo;7701021116536;PAÑAL WINNY ULTRATRIM SEC 2X30;PAÑAL;25979;29700;2.00;59400
52657;domingo; 5 de julio de 2026;12:26 p. m.;cajero 1;;1001;Ventas Mostrador;Nequi;2440212211258;CELULAR TETERO BEBE;JUGUETES;16000;23000;1.00;23000
52657;domingo; 5 de julio de 2026;12:26 p. m.;cajero 1;;1001;Ventas Mostrador;Nequi;1196-2;SUDADERA PAULIS DOBLE PANTALONEST2 A T10;ROPA;32620;66000;1.00;64020
52657;domingo; 5 de julio de 2026;12:26 p. m.;cajero 1;;1001;Ventas Mostrador;Nequi;0031-2;PIJAMA 2 PIEZAS BUSO CERRADO;ROPA;22000;40000;1.00;38800
52656;domingo; 5 de julio de 2026;12:21 p. m.;cajero 1;;1001;Ventas Mostrador;QR Bancolombia;7702031293217;SHAMPOO JOHNSON MANZANILLA 100ML;ASEO;10067;14200;1.00;14200
52656;domingo; 5 de julio de 2026;12:21 p. m.;cajero 1;;1001;Ventas Mostrador;QR Bancolombia;6939287459086;TETERO IMITACION AVEAT 4 ONZ SIN MANIJA;ACCESORIOS;7000;15000;1.00;15000
52655;domingo; 5 de julio de 2026;12:17 p. m.;cajero 1;;1001;Ventas Mostrador;Daviplata;2274-2;PANTALON MAITOS X UNIDAD;ROPA;5700;9900;1.00;9900
52655;domingo; 5 de julio de 2026;12:17 p. m.;cajero 1;;1001;Ventas Mostrador;Daviplata;1943-1;BODY SUNNOZY X UNIDAD;ROPA;10375;17000;1.00;17000
52654;domingo; 5 de julio de 2026;12:01 p. m.;cajero 1;;1001;Ventas Mostrador;QR Bancolombia;0031-1;PIJAMA PIEL DURAZNO BOTON 2 PIEZAS;ROPA;15000;36000;3.00;108000
52653;domingo; 5 de julio de 2026;11:50 a. m.;cajero 1;;1001;Ventas Mostrador;Efectivo;6970817283337;PAÑITOS VALENTINA X 100;ASEO;5999;11600;1.00;11600
52651;domingo; 5 de julio de 2026;11:42 a. m.;cajero 1;;1001;Ventas Mostrador;Efectivo;375838CABDFILAUFAF;ESTUCHE VIAJERO NIÑA ARRURRU NVA PRESENTACION;ASEO;20969;32200;1.00;32200
52650;domingo; 5 de julio de 2026;11:34 a. m.;cajero 1;;1001;Ventas Mostrador;Efectivo;1003;PAPEL REGALO PLIEGO Y TARJETA;ACCESORIOS;323;1000;1.00;1000
52649;domingo; 5 de julio de 2026;11:29 a. m.;cajero 1;;1001;Ventas Mostrador;Nequi;7701021116536;PAÑAL WINNY ULTRATRIM SEC 2X30;PAÑAL;25979;29700;1.00;29700
52649;domingo; 5 de julio de 2026;11:29 a. m.;cajero 1;;1001;Ventas Mostrador;Nequi;7701021115140;PAÑAL WINNY ULTRATRIM SEC 2X16;PAÑAL;14800;16000;1.00;16000
52648;domingo; 5 de julio de 2026;11:28 a. m.;cajero 1;;1001;Ventas Mostrador;Efectivo;1768;MEDIAS ESPAÑOLA MOÑO ANAVID;ROPA;8500;13500;1.00;13500
52648;domingo; 5 de julio de 2026;11:28 a. m.;cajero 1;;1001;Ventas Mostrador;Efectivo;1303-3;BALACA TELA DELGADA;ACCESORIOS;3000;7500;1.00;7500
52647;domingo; 5 de julio de 2026;11:16 a. m.;cajero 1;;1001;Ventas Mostrador;Efectivo;1918;BOLSA DE REGALO GRANDE JUMBO DECORADA;PAPELERIA;3300;6000;1.00;6000
52647;domingo; 5 de julio de 2026;11:16 a. m.;cajero 1;;1001;Ventas Mostrador;Efectivo;0031-2;PIJAMA 2 PIEZAS BUSO CERRADO;ROPA;22000;40000;1.00;40000
52647;domingo; 5 de julio de 2026;11:16 a. m.;cajero 1;;1001;Ventas Mostrador;Efectivo;1168-2;CHAQUETA CAFE ESTAMPADA CONEJO;ROPA;38000;75000;1.00;75000
52647;domingo; 5 de julio de 2026;11:16 a. m.;cajero 1;;1001;Ventas Mostrador;Efectivo;1133-6;MEDIA TOBACO X 3 T 0 A 18 MESES;ROPA;7500;13000;1.00;13000
52646;domingo; 5 de julio de 2026;11:12 a. m.;cajero 1;;1001;Ventas Mostrador;QR Bancolombia;1196-2;SUDADERA PAULIS DOBLE PANTALONEST2 A T10;ROPA;32620;66000;2.00;132000
52645;domingo; 5 de julio de 2026;10:59 a. m.;cajero 1;;1001;Ventas Mostrador;Efectivo;9401;CONJUNTO MAKKI CON PANTALON Y TIRANTA;ROPA;37000;62000;1.00;62000
52645;domingo; 5 de julio de 2026;10:59 a. m.;cajero 1;;1001;Ventas Mostrador;Efectivo;1943-2;BODY LEYENDA MATERNA;ROPA;17500;25000;1.00;25000
52644;domingo; 5 de julio de 2026;10:54 a. m.;cajero 1;;1001;Ventas Mostrador;QR Bancolombia;7701021111821;PAÑAL WINNY ULTRATRIM 3X30;PAÑAL;31688;35800;1.00;34010
52644;domingo; 5 de julio de 2026;10:54 a. m.;cajero 1;;1001;Ventas Mostrador;QR Bancolombia;7701021145949;PAÑITOS WINNY ALOE X100;ASEO;9529;12500;1.00;12500
52644;domingo; 5 de julio de 2026;10:54 a. m.;cajero 1;;1001;Ventas Mostrador;QR Bancolombia;1918;BOLSA DE REGALO GRANDE JUMBO DECORADA;PAPELERIA;3300;6000;1.00;6000
52644;domingo; 5 de julio de 2026;10:54 a. m.;cajero 1;;1001;Ventas Mostrador;QR Bancolombia;1751-2;CONJUNTO CHIKIS CHALECO CORBATIN;ROPA;43000;72000;1.00;72000
52642;domingo; 5 de julio de 2026;10:28 a. m.;cajero 1;;1001;Ventas Mostrador;Efectivo;1270;OVEROL MATERNO JEAN;MATERNA;55000;110000;1.00;110000
52641;domingo; 5 de julio de 2026;10:11 a. m.;cajero 1;;1001;Ventas Mostrador;Efectivo;1003;PAPEL REGALO PLIEGO Y TARJETA;ACCESORIOS;323;1000;1.00;1000
52641;domingo; 5 de julio de 2026;10:11 a. m.;cajero 1;;1001;Ventas Mostrador;Efectivo;1196-2;SUDADERA PAULIS DOBLE PANTALONEST2 A T10;ROPA;32620;66000;1.00;66000
52641;domingo; 5 de julio de 2026;10:11 a. m.;cajero 1;;1001;Ventas Mostrador;Efectivo;1943-1;BODY SUNNOZY X UNIDAD;ROPA;10375;17000;1.00;17000
52640;domingo; 5 de julio de 2026;10:04 a. m.;cajero 1;;1001;Ventas Mostrador;Efectivo;1980;MEDIAS MICROFIBRA 2-4-6-8-10-12;ROPA;8500;17900;1.00;17900
52640;domingo; 5 de julio de 2026;10:04 a. m.;cajero 1;;1001;Ventas Mostrador;Efectivo;1363;GABAN NIÑA T: 2 - T: 4;ROPA;35000;70000;1.00;70000
52639;sábado; 4 de julio de 2026;8:16 p. m.;cajero 1;;1001;Ventas Mostrador;QR Bancolombia;4863;GORRA Y PAVA PANA DECORADA OSO;ACCESORIOS;12000;26500;1.00;26500
52638;sábado; 4 de julio de 2026;7:58 p. m.;cajero 1;;1001;Ventas Mostrador;Efectivo;1003;PAPEL REGALO PLIEGO Y TARJETA;ACCESORIOS;323;1000;1.00;1000
52638;sábado; 4 de julio de 2026;7:58 p. m.;cajero 1;;1001;Ventas Mostrador;Efectivo;7701021116536;PAÑAL WINNY ULTRATRIM SEC 2X30;PAÑAL;26800;29700;1.00;29700
52638;sábado; 4 de julio de 2026;7:58 p. m.;cajero 1;;1001;Ventas Mostrador;Efectivo;6970817283337;PAÑITOS VALENTINA X 100;ASEO;5999;11600;1.00;11600
52637;sábado; 4 de julio de 2026;7:54 p. m.;cajero 1;;1001;Ventas Mostrador;Efectivo;6970817283337;PAÑITOS VALENTINA X 100;ASEO;5999;11600;1.00;11600
52636;sábado; 4 de julio de 2026;7:47 p. m.;cajero 1;;1001;Ventas Mostrador;QR Bancolombia;1196-2;SUDADERA PAULIS DOBLE PANTALONEST2 A T10;ROPA;32620;66000;1.00;66000
52635;sábado; 4 de julio de 2026;7:32 p. m.;cajero 1;;1001;Ventas Mostrador;Tarjeta Débito;6977252932592;LLAMADIENTE CONTROL REMOTO EN GOMA;ACCESORIOS;8500;19500;1.00;19500
52634;sábado; 4 de julio de 2026;7:09 p. m.;cajero 1;;1001;Ventas Mostrador;Nequi;166054;TINA ECONOMICA DE COLORES CON BASE;ASEO;32000;45000;1.00;45000
52633;sábado; 4 de julio de 2026;7:05 p. m.;cajero 1;;1001;Ventas Mostrador;Nequi;2201;COBIJA DOBLE ALMOHADA;LENCERIA;32000;65000;1.00;65000
52632;sábado; 4 de julio de 2026;7:04 p. m.;cajero 1;;1001;Ventas Mostrador;Efectivo;7701021118318;PAñAL WINNY ULTRATRIM SEC 3X16;PAÑAL;17222;22300;1.00;22300
52632;sábado; 4 de julio de 2026;7:04 p. m.;cajero 1;;1001;Ventas Mostrador;Efectivo;1918;BOLSA DE REGALO GRANDE JUMBO DECORADA;PAPELERIA;3300;6000;1.00;6000
52632;sábado; 4 de julio de 2026;7:04 p. m.;cajero 1;;1001;Ventas Mostrador;Efectivo;7702277943150....;ESTUCHE VIAJERO NIÑO NVA PRESENTACION;ASEO;24954;32200;1.00;32200
52632;sábado; 4 de julio de 2026;7:04 p. m.;cajero 1;;1001;Ventas Mostrador;Efectivo;1303-2;BALACA DE TELA NVO DISEÑO;ACCESORIOS;2857;7000;1.00;7000
52632;sábado; 4 de julio de 2026;7:04 p. m.;cajero 1;;1001;Ventas Mostrador;Efectivo;1133-5;MEDIA TOBACO X UNIDAD T 0 A 18 MESES;ROPA;2500;4500;1.00;4500
52632;sábado; 4 de julio de 2026;7:04 p. m.;cajero 1;;1001;Ventas Mostrador;Efectivo;2152-1;CONJUNTO 3 PIEZAS T:2 A T:8 PAULIS;ROPA;35000;72000;1.00;50400
52631;sábado; 4 de julio de 2026;6:46 p. m.;cajero 1;;1001;Ventas Mostrador;Efectivo;7701021115140;PAÑAL WINNY ULTRATRIM SEC 2X16;PAÑAL;14800;16000;1.00;16000
52630;sábado; 4 de julio de 2026;6:45 p. m.;cajero 1;;1001;Ventas Mostrador;Efectivo;7707199344832;PAÑAL VALENTINA 4XG X30;PAÑAL;31794;40800;1.00;40800
52629;sábado; 4 de julio de 2026;6:18 p. m.;cajero 1;;1001;Ventas Mostrador;Nequi;7707233050361;BIBERON POPOCHO CORCHITO 10 ONZ;ACCESORIOS;10257;18300;1.00;18300
52628;sábado; 4 de julio de 2026;6:16 p. m.;cajero 1;;1001;Ventas Mostrador;Efectivo;7707233050026;CHUPO BLANDO REPUESTO BIBERON CORCHITO NRO 3;ACCESORIOS;608;2600;1.00;2600
52627;sábado; 4 de julio de 2026;6:14 p. m.;cajero 1;;1001;Ventas Mostrador;Efectivo;7707233050095;BIBERON CORCHITO 5 ONZ;ACCESORIOS;4156;9500;1.00;9500
52626;sábado; 4 de julio de 2026;5:50 p. m.;cajero 1;;1001;Ventas Mostrador;QR Bancolombia;1918;BOLSA DE REGALO GRANDE JUMBO DECORADA;PAPELERIA;3300;6000;1.00;6000
52626;sábado; 4 de julio de 2026;5:50 p. m.;cajero 1;;1001;Ventas Mostrador;QR Bancolombia;0031-1;PIJAMA PIEL DURAZNO BOTON 2 PIEZAS;ROPA;15000;36000;1.00;36000
52625;sábado; 4 de julio de 2026;5:48 p. m.;cajero 1;;1001;Ventas Mostrador;Efectivo;7701021116604;PAÑAL WINNY ULTRATRIM SEC 2X100;PAÑAL;83995;100000;1.00;90000
52624;sábado; 4 de julio de 2026;5:39 p. m.;cajero 1;;1001;Ventas Mostrador;Nequi;65;CONJUNTO BABY FLOR REF.0065;ROPA;34000;70000;1.00;70000
52624;sábado; 4 de julio de 2026;5:39 p. m.;cajero 1;;1001;Ventas Mostrador;Nequi;71534232090;PATIN DE LANA CARTER;ROPA;14500;29000;1.00;29000
52623;sábado; 4 de julio de 2026;5:37 p. m.;cajero 1;;1001;Ventas Mostrador;QR Bancolombia;1303-2;BALACA DE TELA NVO DISEÑO;ACCESORIOS;2857;7000;3.00;21000
368;sábado; 4 de julio de 2026;5:37 p. m.;cajero 1;;1001;Ventas Mostrador;Efectivo;1303-2;BALACA DE TELA NVO DISEÑO;ACCESORIOS;2857;7000;-3.00;-21000
52622;sábado; 4 de julio de 2026;5:36 p. m.;cajero 1;;1001;Ventas Mostrador;Efectivo;1303-2;BALACA DE TELA NVO DISEÑO;ACCESORIOS;2857;7000;3.00;21000
52621;sábado; 4 de julio de 2026;5:28 p. m.;cajero 1;;1001;Ventas Mostrador;QR Bancolombia;7701021116499;PAÑAL WINNY ULTRATRIM SEC 1X30;PAÑAL;21743;25500;1.00;25500
52621;sábado; 4 de julio de 2026;5:28 p. m.;cajero 1;;1001;Ventas Mostrador;QR Bancolombia;1918;BOLSA DE REGALO GRANDE JUMBO DECORADA;PAPELERIA;3300;6000;1.00;6000
52621;sábado; 4 de julio de 2026;5:28 p. m.;cajero 1;;1001;Ventas Mostrador;QR Bancolombia;328;BODY FABI 3 -4 UND;ROPA;23000;42000;1.00;42000
52620;sábado; 4 de julio de 2026;5:21 p. m.;cajero 1;;1001;Ventas Mostrador;Tarjeta Débito;1917;BOLSA DE REGALO MEDIANA DECORADA NIÑOS;PAPELERIA;2416;4600;1.00;4600
52620;sábado; 4 de julio de 2026;5:21 p. m.;cajero 1;;1001;Ventas Mostrador;Tarjeta Débito;7702277563808;ESTUCHE ARRURRU BABY SHOWER NIÑO NVA PRESENTACION;ASEO;42600;67400;1.00;67400
52620;sábado; 4 de julio de 2026;5:21 p. m.;cajero 1;;1001;Ventas Mostrador;Tarjeta Débito;7702277848738;CREMA ARRURRU COLITA 25G;ASEO;1;9200;1.00;9200
52619;sábado; 4 de julio de 2026;5:12 p. m.;cajero 1;;1001;Ventas Mostrador;Efectivo;1928;VESTIDO DE BAÑO NIÑO - NIÑA;PISCINA;28000;48000;1.00;43968
52618;sábado; 4 de julio de 2026;5:05 p. m.;cajero 1;;1001;Ventas Mostrador;Efectivo;4863;GORRA Y PAVA PANA DECORADA OSO;ACCESORIOS;12000;26500;1.00;26500
52617;sábado; 4 de julio de 2026;5:01 p. m.;cajero 1;;1001;Ventas Mostrador;Efectivo;1003;PAPEL REGALO PLIEGO Y TARJETA;ACCESORIOS;323;1000;1.00;1000
52617;sábado; 4 de julio de 2026;5:01 p. m.;cajero 1;;1001;Ventas Mostrador;Efectivo;2119;SUDADERA BUSO CERRADO ESQUELETO;ROPA;32753;68000;1.00;68000
52616;sábado; 4 de julio de 2026;4:56 p. m.;cajero 1;;1001;Ventas Mostrador;Tarjeta Débito;1754;MEDIAS CARTER 12-24;ROPA;9000;17000;1.00;17000
52616;sábado; 4 de julio de 2026;4:56 p. m.;cajero 1;;1001;Ventas Mostrador;Tarjeta Débito;2207;ESQUELETO POR UNIDAD CON DISEÑO TALLA 6;ROPA;3666;6500;3.00;19500
52615;sábado; 4 de julio de 2026;4:43 p. m.;cajero 1;;1001;Ventas Mostrador;QR Bancolombia;7701021116499;PAÑAL WINNY ULTRATRIM SEC 1X30;PAÑAL;21743;25500;1.00;25500
52615;sábado; 4 de julio de 2026;4:43 p. m.;cajero 1;;1001;Ventas Mostrador;QR Bancolombia;1918;BOLSA DE REGALO GRANDE JUMBO DECORADA;PAPELERIA;3300;6000;1.00;6000
52614;sábado; 4 de julio de 2026;4:15 p. m.;cajero 1;;1001;Ventas Mostrador;QR Bancolombia;1952;MIKA TRONO Y BACIN LOCO;ASEO;34990;56000;1.00;54936
52613;sábado; 4 de julio de 2026;3:46 p. m.;cajero 1;;1001;Ventas Mostrador;Efectivo;1918;BOLSA DE REGALO GRANDE JUMBO DECORADA;PAPELERIA;3300;6000;1.00;6000
367;sábado; 4 de julio de 2026;3:45 p. m.;cajero 1;;1001;Ventas Mostrador;Efectivo;1917;BOLSA DE REGALO MEDIANA DECORADA NIÑOS;PAPELERIA;2416;4600;-1.00;-4600
52612;sábado; 4 de julio de 2026;3:42 p. m.;cajero 1;;1001;Ventas Mostrador;Efectivo;1918;BOLSA DE REGALO GRANDE JUMBO DECORADA;PAPELERIA;3300;6000;1.00;6000
52611;sábado; 4 de julio de 2026;3:41 p. m.;cajero 1;;1001;Ventas Mostrador;Efectivo;7701021145949;PAÑITOS WINNY ALOE X100;ASEO;9529;12500;1.00;12500
52611;sábado; 4 de julio de 2026;3:41 p. m.;cajero 1;;1001;Ventas Mostrador;Efectivo;1917;BOLSA DE REGALO MEDIANA DECORADA NIÑOS;PAPELERIA;2416;4600;1.00;4600
52611;sábado; 4 de julio de 2026;3:41 p. m.;cajero 1;;1001;Ventas Mostrador;Efectivo;7701021115140;PAÑAL WINNY ULTRATRIM SEC 2X16;PAÑAL;14800;16000;1.00;16000
52611;sábado; 4 de julio de 2026;3:41 p. m.;cajero 1;;1001;Ventas Mostrador;Efectivo;DG-208;EXTRACTOR MANUAL POPMAX;ACCESORIOS;20000;50000;1.00;50000
52610;sábado; 4 de julio de 2026;3:39 p. m.;cajero 1;;1001;Ventas Mostrador;Efectivo;1608;SLEEPING NIÑO/NIÑA;LENCERIA;19000;40000;1.00;40000
52610;sábado; 4 de julio de 2026;3:39 p. m.;cajero 1;;1001;Ventas Mostrador;Efectivo;7701021145949;PAÑITOS WINNY ALOE X100;ASEO;9529;12500;1.00;12500
52610;sábado; 4 de julio de 2026;3:39 p. m.;cajero 1;;1001;Ventas Mostrador;Efectivo;1379;CONJUNTO MEIQUITOS BABY;ROPA;16000;30000;1.00;30000
52609;sábado; 4 de julio de 2026;3:30 p. m.;cajero 1;;1001;Ventas Mostrador;Efectivo;1806-1;CAMISETA POLO SEDA FRIA NIÑO;ROPA;20000;40000;1.00;40000
52608;sábado; 4 de julio de 2026;3:30 p. m.;cajero 1;;1001;Ventas Mostrador;Tarjeta Débito;1003;PAPEL REGALO PLIEGO Y TARJETA;ACCESORIOS;323;1000;1.00;1000
52608;sábado; 4 de julio de 2026;3:30 p. m.;cajero 1;;1001;Ventas Mostrador;Tarjeta Débito;1196-3;SUDADERA PAULIS & CO JUNIOR CREMALLERA T4 A T10;ROPA;36500;75000;1.00;75000
52607;sábado; 4 de julio de 2026;3:24 p. m.;cajero 1;;1001;Ventas Mostrador;QR Bancolombia;12345678912;PASEADOR TRES RUEDAS 31100;COCHES - PASEADOR;130000;190000;1.00;190000
52607;sábado; 4 de julio de 2026;3:24 p. m.;cajero 1;;1001;Ventas Mostrador;QR Bancolombia;1782;FORRO PASEADOR CALIBRE 4;ACCESORIOS;9000;14500;1.00;0
52606;sábado; 4 de julio de 2026;3:16 p. m.;cajero 1;;1001;Ventas Mostrador;Efectivo;1003;PAPEL REGALO PLIEGO Y TARJETA;ACCESORIOS;323;1000;2.00;2000
52606;sábado; 4 de julio de 2026;3:16 p. m.;cajero 1;;1001;Ventas Mostrador;Efectivo;7701021145949;PAÑITOS WINNY ALOE X100;ASEO;9529;12500;1.00;12500
52606;sábado; 4 de julio de 2026;3:16 p. m.;cajero 1;;1001;Ventas Mostrador;Efectivo;263;CONJUNTO 3 PIEZAS OSO;ROPA;30000;72000;1.00;72000
52606;sábado; 4 de julio de 2026;3:16 p. m.;cajero 1;;1001;Ventas Mostrador;Efectivo;7701021115140;PAÑAL WINNY ULTRATRIM SEC 2X16;PAÑAL;14118;16000;1.00;16000
52605;sábado; 4 de julio de 2026;3:10 p. m.;cajero 1;;1001;Ventas Mostrador;Efectivo;7702031878452;CREMA DE PEINAR EXTRA HUMECTANTE X 200 ML;ASEO;17120;21400;1.00;21400
52604;sábado; 4 de julio de 2026;3:08 p. m.;cajero 1;;1001;Ventas Mostrador;Efectivo;1718;ZAPATO TELA BEBE;CALZADO;10000;22000;1.00;22000
52604;sábado; 4 de julio de 2026;3:08 p. m.;cajero 1;;1001;Ventas Mostrador;Efectivo;1751-2;CONJUNTO CHIKIS CHALECO CORBATIN;ROPA;42000;72000;1.00;72000
52603;sábado; 4 de julio de 2026;2:59 p. m.;cajero 1;;1001;Ventas Mostrador;Efectivo;7701021116536;PAÑAL WINNY ULTRATRIM SEC 2X30;PAÑAL;26800;29700;1.00;29700
52603;sábado; 4 de julio de 2026;2:59 p. m.;cajero 1;;1001;Ventas Mostrador;Efectivo;7701021145949;PAÑITOS WINNY ALOE X100;ASEO;9529;12500;1.00;12500
52603;sábado; 4 de julio de 2026;2:59 p. m.;cajero 1;;1001;Ventas Mostrador;Efectivo;1918;BOLSA DE REGALO GRANDE JUMBO DECORADA;PAPELERIA;3238;6000;1.00;6000
52602;sábado; 4 de julio de 2026;2:49 p. m.;cajero 1;;1001;Ventas Mostrador;QR Bancolombia;1003;PAPEL REGALO PLIEGO Y TARJETA;ACCESORIOS;323;1000;1.00;1000
52602;sábado; 4 de julio de 2026;2:49 p. m.;cajero 1;;1001;Ventas Mostrador;QR Bancolombia;7701021118318;PAñAL WINNY ULTRATRIM SEC 3X16;PAÑAL;17222;22300;1.00;22300
52602;sábado; 4 de julio de 2026;2:49 p. m.;cajero 1;;1001;Ventas Mostrador;QR Bancolombia;1719;COBIJA APEGO;LENCERIA;20000;40000;1.00;40000
52601;sábado; 4 de julio de 2026;2:48 p. m.;cajero 1;;1001;Ventas Mostrador;QR Bancolombia;1003;PAPEL REGALO PLIEGO Y TARJETA;ACCESORIOS;323;1000;1.00;1000
52601;sábado; 4 de julio de 2026;2:48 p. m.;cajero 1;;1001;Ventas Mostrador;QR Bancolombia;2066;CAMBIADOR + TOALLA CREACIONES RUSSI;ACCESORIOS;10000;25000;1.00;25000
52601;sábado; 4 de julio de 2026;2:48 p. m.;cajero 1;;1001;Ventas Mostrador;QR Bancolombia;1917;BOLSA DE REGALO MEDIANA DECORADA NIÑOS;PAPELERIA;2416;4600;1.00;4600
52601;sábado; 4 de julio de 2026;2:48 p. m.;cajero 1;;1001;Ventas Mostrador;QR Bancolombia;1998-3;PRIMERA MUDA DE HILO IMPORTADA;ROPA;33000;80000;1.00;80000
52600;sábado; 4 de julio de 2026;2:38 p. m.;cajero 1;;1001;Ventas Mostrador;Efectivo;7701021118295;PAÑAL WINNY ULTRATRIM SEC 1X16;PAÑAL;11820;15000;1.00;15000
52600;sábado; 4 de julio de 2026;2:38 p. m.;cajero 1;;1001;Ventas Mostrador;Efectivo;7701021145949;PAÑITOS WINNY ALOE X100;ASEO;9529;12500;1.00;12500
52600;sábado; 4 de julio de 2026;2:38 p. m.;cajero 1;;1001;Ventas Mostrador;Efectivo;1917;BOLSA DE REGALO MEDIANA DECORADA NIÑOS;PAPELERIA;2416;4600;1.00;4600
52600;sábado; 4 de julio de 2026;2:38 p. m.;cajero 1;;1001;Ventas Mostrador;Efectivo;7702031401025;JABON JOHNSON AVENA X UNIDAD;ASEO;4457;5600;1.00;5600
52599;sábado; 4 de julio de 2026;2:31 p. m.;cajero 1;;1001;Ventas Mostrador;Efectivo;7707233050095;BIBERON CORCHITO 5 ONZ;ACCESORIOS;4156;9500;1.00;9500
52598;sábado; 4 de julio de 2026;2:28 p. m.;cajero 1;;1001;Ventas Mostrador;Efectivo;1003;PAPEL REGALO PLIEGO Y TARJETA;ACCESORIOS;323;1000;1.00;1000
52598;sábado; 4 de julio de 2026;2:28 p. m.;cajero 1;;1001;Ventas Mostrador;Efectivo;14060;BABERO TRES COMIDAS + 2BABITAS;ACCESORIOS;7500;15300;1.00;15300
52598;sábado; 4 de julio de 2026;2:28 p. m.;cajero 1;;1001;Ventas Mostrador;Efectivo;7701021116499;PAÑAL WINNY ULTRATRIM SEC 1X30;PAÑAL;21743;25500;1.00;25500
52598;sábado; 4 de julio de 2026;2:28 p. m.;cajero 1;;1001;Ventas Mostrador;Efectivo;7701021145949;PAÑITOS WINNY ALOE X100;ASEO;9529;12500;1.00;12500
52598;sábado; 4 de julio de 2026;2:28 p. m.;cajero 1;;1001;Ventas Mostrador;Efectivo;1752;MEDIAS CARTER 0-12;ROPA;6500;17000;1.00;17000
52597;sábado; 4 de julio de 2026;2:00 p. m.;cajero 1;;1001;Ventas Mostrador;Efectivo;1003;PAPEL REGALO PLIEGO Y TARJETA;ACCESORIOS;323;1000;2.00;2000
52596;sábado; 4 de julio de 2026;1:59 p. m.;cajero 1;;1001;Ventas Mostrador;Efectivo;1003;PAPEL REGALO PLIEGO Y TARJETA;ACCESORIOS;323;1000;1.00;1000
52596;sábado; 4 de julio de 2026;1:59 p. m.;cajero 1;;1001;Ventas Mostrador;Efectivo;7701021118295;PAÑAL WINNY ULTRATRIM SEC 1X16;PAÑAL;11820;15000;1.00;15000
52596;sábado; 4 de julio de 2026;1:59 p. m.;cajero 1;;1001;Ventas Mostrador;Efectivo;0202-1;CEPILLO MUSICAL + PEINILLA;ACCESORIOS;6000;11000;1.00;11000
52595;sábado; 4 de julio de 2026;1:48 p. m.;cajero 1;;1001;Ventas Mostrador;Efectivo;1196-1;SUDADERA B. CERRADO PAULIS & CO JUNIOR T4 A T10;ROPA;32000;72000;1.00;72000
52595;sábado; 4 de julio de 2026;1:48 p. m.;cajero 1;;1001;Ventas Mostrador;Efectivo;1996-1;ESQUELETO POR UNIDAD CON DISEÑO T:2 A T:10;ROPA;3666;6500;4.00;26000
52594;sábado; 4 de julio de 2026;1:44 p. m.;cajero 1;;1001;Ventas Mostrador;Efectivo;1768;MEDIAS ESPAÑOLA MOÑO ANAVID;ROPA;8500;13500;1.00;13500
52593;sábado; 4 de julio de 2026;1:16 p. m.;cajero 1;;1001;Ventas Mostrador;Efectivo;1420;MEDIAS ENCAJE MARATHON;ROPA;8500;14500;1.00;14500
52592;sábado; 4 de julio de 2026;1:15 p. m.;cajero 1;;1001;Ventas Mostrador;Efectivo;1003;PAPEL REGALO PLIEGO Y TARJETA;ACCESORIOS;323;1000;1.00;1000
52592;sábado; 4 de julio de 2026;1:15 p. m.;cajero 1;;1001;Ventas Mostrador;Efectivo;7701021144829;PAÑAL WINNY ULTRATRIM SENSITIVE 0X30;PAÑAL;19512;23500;1.00;23500
52591;sábado; 4 de julio de 2026;12:47 p. m.;cajero 1;;1001;Ventas Mostrador;Efectivo;1565;PIJAMA FINA TERMICA NIÑO - NIÑA;ROPA;20000;44000;1.00;44000
52591;sábado; 4 de julio de 2026;12:47 p. m.;cajero 1;;1001;Ventas Mostrador;Efectivo;0031-3;PIJAMA BOTON BURBUJA;ROPA;21000;40000;1.00;40000
52590;sábado; 4 de julio de 2026;12:38 p. m.;cajero 1;;1001;Ventas Mostrador;Nequi;1003;PAPEL REGALO PLIEGO Y TARJETA;ACCESORIOS;323;1000;3.00;3000
52590;sábado; 4 de julio de 2026;12:38 p. m.;cajero 1;;1001;Ventas Mostrador;Nequi;7702277581130;PAÑITOS ARRURRU ALOE X120;ASEO;11500;14300;1.00;14300
52589;sábado; 4 de julio de 2026;12:36 p. m.;cajero 1;;1001;Ventas Mostrador;QR Bancolombia;1003;PAPEL REGALO PLIEGO Y TARJETA;ACCESORIOS;323;1000;3.00;3000
52589;sábado; 4 de julio de 2026;12:36 p. m.;cajero 1;;1001;Ventas Mostrador;QR Bancolombia;1226;COJIN DE LACTANCIA NIÑA/NIÑO;LACTANCIA;31000;68000;1.00;68000
52589;sábado; 4 de julio de 2026;12:36 p. m.;cajero 1;;1001;Ventas Mostrador;QR Bancolombia;7701021116536;PAÑAL WINNY ULTRATRIM SEC 2X30;PAÑAL;26800;29700;1.00;29700
52588;sábado; 4 de julio de 2026;12:22 p. m.;cajero 1;;1001;Ventas Mostrador;Efectivo;1980;MEDIAS MICROFIBRA 2-4-6-8-10-12;ROPA;8500;17900;1.00;17900
52587;sábado; 4 de julio de 2026;12:00 p. m.;cajero 1;;1001;Ventas Mostrador;QR Bancolombia;1928;VESTIDO DE BAÑO NIÑO - NIÑA;PISCINA;28000;48000;1.00;48000
52586;sábado; 4 de julio de 2026;11:41 a. m.;cajero 1;;1001;Ventas Mostrador;QR Bancolombia;1917;BOLSA DE REGALO MEDIANA DECORADA NIÑOS;PAPELERIA;2416;4600;1.00;4600
52586;sábado; 4 de julio de 2026;11:41 a. m.;cajero 1;;1001;Ventas Mostrador;QR Bancolombia;AT054;SONAJERO SUNNOZY GRANDE CONEJA - MONO;JUGUETES;16000;45000;1.00;45000
52585;sábado; 4 de julio de 2026;11:30 a. m.;cajero 1;;1001;Ventas Mostrador;Efectivo;1515;ZAPATO CHAROL VALETA;CALZADO;23000;42000;1.00;42000
52584;sábado; 4 de julio de 2026;11:26 a. m.;cajero 1;;1001;Ventas Mostrador;Tarjeta crédito;1419-5;MEDIA CACHIMIR VARIOS COLORES NIÑA;ROPA;12000;16900;1.00;16900
52583;sábado; 4 de julio de 2026;11:23 a. m.;cajero 1;;1001;Ventas Mostrador;Efectivo;1192;SUDADERA ROSADA MAITOS;ROPA;18000;48000;1.00;44976
52582;sábado; 4 de julio de 2026;10:43 a. m.;cajero 1;;1001;Ventas Mostrador;QR Bancolombia;1003;PAPEL REGALO PLIEGO Y TARJETA;ACCESORIOS;323;1000;1.00;1000
52582;sábado; 4 de julio de 2026;10:43 a. m.;cajero 1;;1001;Ventas Mostrador;QR Bancolombia;3211-6;CONJUNTO MYP CHALECO PANA;ROPA;50000;97000;1.00;97000
52581;sábado; 4 de julio de 2026;10:28 a. m.;cajero 1;;1001;Ventas Mostrador;QR Bancolombia;3211-6;CONJUNTO MYP CHALECO PANA;ROPA;50000;97000;1.00;97000
52580;sábado; 4 de julio de 2026;10:27 a. m.;cajero 1;;1001;Ventas Mostrador;QR Bancolombia;1003;PAPEL REGALO PLIEGO Y TARJETA;ACCESORIOS;323;1000;2.00;2000
52580;sábado; 4 de julio de 2026;10:27 a. m.;cajero 1;;1001;Ventas Mostrador;QR Bancolombia;7701021111821;PAÑAL WINNY ULTRATRIM 3X30;PAÑAL;31688;35800;1.00;34010
52580;sábado; 4 de julio de 2026;10:27 a. m.;cajero 1;;1001;Ventas Mostrador;QR Bancolombia;7702031583363;ESTUCHE JOHNSON BABY PEQUEÑO;ASEO;24805;31000;1.00;31000
52580;sábado; 4 de julio de 2026;10:27 a. m.;cajero 1;;1001;Ventas Mostrador;QR Bancolombia;7701021145949;PAÑITOS WINNY ALOE X100;ASEO;9529;12500;1.00;12500
52579;sábado; 4 de julio de 2026;10:25 a. m.;cajero 1;;1001;Ventas Mostrador;QR Bancolombia;1003;PAPEL REGALO PLIEGO Y TARJETA;ACCESORIOS;323;1000;3.00;3000
52579;sábado; 4 de julio de 2026;10:25 a. m.;cajero 1;;1001;Ventas Mostrador;QR Bancolombia;7701021116536;PAÑAL WINNY ULTRATRIM SEC 2X30;PAÑAL;26800;29700;2.00;59400
52579;sábado; 4 de julio de 2026;10:25 a. m.;cajero 1;;1001;Ventas Mostrador;QR Bancolombia;7701021111821;PAÑAL WINNY ULTRATRIM 3X30;PAÑAL;31688;35800;1.00;34010
52579;sábado; 4 de julio de 2026;10:25 a. m.;cajero 1;;1001;Ventas Mostrador;QR Bancolombia;7701021145949;PAÑITOS WINNY ALOE X100;ASEO;9529;12500;1.00;12500
52578;sábado; 4 de julio de 2026;9:59 a. m.;cajero 1;;1001;Ventas Mostrador;Nequi;7702277733447;COLONIA ARRURRU 60 ML AZUL;ASEO;11500;15700;2.00;31400
52577;viernes; 3 de julio de 2026;7:33 p. m.;cajero 1;Vendedor ;1001;Ventas Mostrador;Efectivo;125;BIBERON CORCHITO CORONA 15 ONZ;ACCESORIOS;12747;24500;1.00;24500
52576;viernes; 3 de julio de 2026;7:30 p. m.;cajero 1;Vendedor ;1001;Ventas Mostrador;QR Bancolombia;1015-1;ZAPATO PILIN - PATILIN T: 18 A 22;ZAPATO;37327;70000;1.00;70000
52575;viernes; 3 de julio de 2026;7:14 p. m.;cajero 1;Vendedor ;1001;Ventas Mostrador;Efectivo;1111;TRIO KIT MATERNO PIJAMA+PANTUFLAS;ROPA;31000;55000;1.00;55000
52575;viernes; 3 de julio de 2026;7:14 p. m.;cajero 1;Vendedor ;1001;Ventas Mostrador;Efectivo;1917;BOLSA DE REGALO MEDIANA DECORADA NIÑOS;PAPELERIA;2416;4600;1.00;4600
52575;viernes; 3 de julio de 2026;7:14 p. m.;cajero 1;Vendedor ;1001;Ventas Mostrador;Efectivo;1303-2;BALACA DE TELA NVO DISEÑO;ACCESORIOS;2857;7000;2.00;14000
52575;viernes; 3 de julio de 2026;7:14 p. m.;cajero 1;Vendedor ;1001;Ventas Mostrador;Efectivo;1998-3;PRIMERA MUDA DE HILO IMPORTADA;ROPA;35000;80000;1.00;80000
52574;viernes; 3 de julio de 2026;7:12 p. m.;cajero 1;Vendedor ;1001;Ventas Mostrador;Efectivo;2002;SEMANARIO 21 PIEZAS;ROPA;34000;53000;1.00;53000
366;viernes; 3 de julio de 2026;7:11 p. m.;cajero 1;Vendedor ;1001;Ventas Mostrador;Efectivo;2124;PRIMER MUDA BABE DUBAO;ROPA;33000;45000;-1.00;-40500
366;viernes; 3 de julio de 2026;7:11 p. m.;cajero 1;Vendedor ;1001;Ventas Mostrador;Efectivo;2132;BOLSA DE REGALO PEQUEÑA DECORADA;PAPELERIA;1750;3200;-1.00;-3200
52573;viernes; 3 de julio de 2026;7:06 p. m.;cajero 1;Vendedor ;1001;Ventas Mostrador;Efectivo;2124;PRIMER MUDA BABE DUBAO;ROPA;33000;45000;1.00;40500
52573;viernes; 3 de julio de 2026;7:06 p. m.;cajero 1;Vendedor ;1001;Ventas Mostrador;Efectivo;2132;BOLSA DE REGALO PEQUEÑA DECORADA;PAPELERIA;1750;3200;1.00;3200
52572;viernes; 3 de julio de 2026;6:59 p. m.;cajero 1;Vendedor ;1001;Ventas Mostrador;QR Bancolombia;7701021118318;PAñAL WINNY ULTRATRIM SEC 3X16;PAÑAL;17222;22300;1.00;22300
52572;viernes; 3 de julio de 2026;6:59 p. m.;cajero 1;Vendedor ;1001;Ventas Mostrador;QR Bancolombia;1918;BOLSA DE REGALO GRANDE JUMBO DECORADA;PAPELERIA;3300;6000;1.00;6000
52572;viernes; 3 de julio de 2026;6:59 p. m.;cajero 1;Vendedor ;1001;Ventas Mostrador;QR Bancolombia;2132;BOLSA DE REGALO PEQUEÑA DECORADA;PAPELERIA;1750;3200;1.00;3200
52572;viernes; 3 de julio de 2026;6:59 p. m.;cajero 1;Vendedor ;1001;Ventas Mostrador;QR Bancolombia;1719;COBIJA APEGO;LENCERIA;20000;40000;1.00;38800
52572;viernes; 3 de julio de 2026;6:59 p. m.;cajero 1;Vendedor ;1001;Ventas Mostrador;QR Bancolombia;1943-1;BODY SUNNOZY X UNIDAD;ROPA;10375;17000;3.00;49980
52571;viernes; 3 de julio de 2026;6:54 p. m.;cajero 1;Vendedor ;1001;Ventas Mostrador;QR Bancolombia;2238-1;PRIMERA MUDA PARA PREMATURO + COBERTOR;ROPA;23000;48000;1.00;48000
52570;viernes; 3 de julio de 2026;6:49 p. m.;cajero 1;Vendedor ;1001;Ventas Mostrador;Efectivo;1003;PAPEL REGALO PLIEGO Y TARJETA;ACCESORIOS;323;1000;2.00;2000
52570;viernes; 3 de julio de 2026;6:49 p. m.;cajero 1;Vendedor ;1001;Ventas Mostrador;Efectivo;15001;COBIJA TAMIRON BEBE;LENCERIA;43000;69000;1.00;69000
52569;viernes; 3 de julio de 2026;6:45 p. m.;cajero 1;Vendedor ;1001;Ventas Mostrador;Efectivo;6464;TERMOMETRO DIGITAL;ACCESORIOS;6661;18000;1.00;18000
52569;viernes; 3 de julio de 2026;6:45 p. m.;cajero 1;Vendedor ;1001;Ventas Mostrador;Efectivo;71534232090;PATIN DE LANA CARTER;ROPA;14500;29000;1.00;29000
52568;viernes; 3 de julio de 2026;6:35 p. m.;cajero 1;Vendedor ;1001;Ventas Mostrador;Efectivo;PG107;VASO PITILLO RENO;ACCESORIOS;9920;22000;1.00;22000
52567;viernes; 3 de julio de 2026;6:33 p. m.;cajero 1;Vendedor ;1001;Ventas Mostrador;Efectivo;1003;PAPEL REGALO PLIEGO Y TARJETA;ACCESORIOS;323;1000;3.00;3000
52567;viernes; 3 de julio de 2026;6:33 p. m.;cajero 1;Vendedor ;1001;Ventas Mostrador;Efectivo;7701021118295;PAÑAL WINNY ULTRATRIM SEC 1X16;PAÑAL;11820;15000;1.00;15000
52567;viernes; 3 de julio de 2026;6:33 p. m.;cajero 1;Vendedor ;1001;Ventas Mostrador;Efectivo;1965;PRIMERA MUDA MAITOS TERMICA;ROPA;33000;51000;1.00;49980
52567;viernes; 3 de julio de 2026;6:33 p. m.;cajero 1;Vendedor ;1001;Ventas Mostrador;Efectivo;1333;PAÑALERA CHIKITOS;PAÑALERA;70000;125000;1.00;122500
52566;viernes; 3 de julio de 2026;6:15 p. m.;cajero 1;Vendedor ;1001;Ventas Mostrador;Efectivo;1003;PAPEL REGALO PLIEGO Y TARJETA;ACCESORIOS;323;1000;1.00;1000
52565;viernes; 3 de julio de 2026;6:14 p. m.;cajero 1;Vendedor ;1001;Ventas Mostrador;Efectivo;1584;COCHE + PAÑALERA JM;COCHES;175000;271000;1.00;244171
52565;viernes; 3 de julio de 2026;6:14 p. m.;cajero 1;Vendedor ;1001;Ventas Mostrador;Efectivo;1791;FORRO MEDIANO CALIBRE 4;ACCESORIOS;10000;17500;1.00;10829
52564;viernes; 3 de julio de 2026;6:10 p. m.;cajero 1;Vendedor ;1001;Ventas Mostrador;Efectivo;0031-1;PIJAMA PIEL DURAZNO BOTON 2 PIEZAS;ROPA;15000;36000;1.00;36000
52564;viernes; 3 de julio de 2026;6:10 p. m.;cajero 1;Vendedor ;1001;Ventas Mostrador;Efectivo;1943-1;BODY SUNNOZY X UNIDAD;ROPA;10375;17000;3.00;51000
52563;viernes; 3 de julio de 2026;6:03 p. m.;cajero 1;Vendedor ;1001;Ventas Mostrador;QR Bancolombia;1133-5;MEDIA TOBACO X UNIDAD T 0 A 18 MESES;ROPA;2500;4500;1.00;4500
52563;viernes; 3 de julio de 2026;6:03 p. m.;cajero 1;Vendedor ;1001;Ventas Mostrador;QR Bancolombia;0031-2;PIJAMA 2 PIEZAS BUSO CERRADO;ROPA;22000;40000;1.00;40000
52562;viernes; 3 de julio de 2026;5:52 p. m.;cajero 1;Vendedor ;1001;Ventas Mostrador;QR Bancolombia;7701021118318;PAñAL WINNY ULTRATRIM SEC 3X16;PAÑAL;17222;22300;1.00;22300
52562;viernes; 3 de julio de 2026;5:52 p. m.;cajero 1;Vendedor ;1001;Ventas Mostrador;QR Bancolombia;2925;JARDINERA PANA PUPPY;ROPA;40000;70000;1.00;70000
52561;viernes; 3 de julio de 2026;5:38 p. m.;cajero 1;Vendedor ;1001;Ventas Mostrador;QR Bancolombia;7702277910435;ESTUCHE ARRURRU ABUELITA NIÑO NVA PRESENTACION;ASEO;60350;90000;1.00;90000
52560;viernes; 3 de julio de 2026;5:33 p. m.;cajero 1;Vendedor ;1001;Ventas Mostrador;Efectivo;7701021116635;PAÑAL WINNY ULTRATRIM PANT 4X30;PAÑAL;38177;42600;1.00;40470
52559;viernes; 3 de julio de 2026;5:26 p. m.;cajero 1;Vendedor ;1001;Ventas Mostrador;Efectivo;1726;ZAPATO NO TUERCE;CALZADO;15000;35000;1.00;35000
52559;viernes; 3 de julio de 2026;5:26 p. m.;cajero 1;Vendedor ;1001;Ventas Mostrador;Efectivo;3211-1;CONJUNTO MYP SCO EN HILO;ROPA;53000;90000;1.00;90000
52558;viernes; 3 de julio de 2026;5:19 p. m.;cajero 1;Vendedor ;1001;Ventas Mostrador;Efectivo;2146;PAÑAL DE TELA CON DISEÑO X UNIDAD;PAÑAL;1833;6100;2.00;12200
52557;viernes; 3 de julio de 2026;5:15 p. m.;cajero 1;Vendedor ;1001;Ventas Mostrador;QR Bancolombia;3211-8;CONJUNTO DYK CHAQUETA CUERO NIÑO;ROPA;57000;105000;1.00;105000
52556;viernes; 3 de julio de 2026;4:57 p. m.;cajero 1;Vendedor ;1001;Ventas Mostrador;QR Bancolombia;1003;PAPEL REGALO PLIEGO Y TARJETA;ACCESORIOS;323;1000;1.00;1000
52556;viernes; 3 de julio de 2026;4:57 p. m.;cajero 1;Vendedor ;1001;Ventas Mostrador;QR Bancolombia;7701021111821;PAÑAL WINNY ULTRATRIM 3X30;PAÑAL;31688;35800;1.00;34003
52556;viernes; 3 de julio de 2026;4:57 p. m.;cajero 1;Vendedor ;1001;Ventas Mostrador;QR Bancolombia;1789;BABEROS CARTER`S X3;ROPA;15000;29000;1.00;29000
52555;viernes; 3 de julio de 2026;4:42 p. m.;cajero 1;Vendedor ;1001;Ventas Mostrador;Efectivo;2025;MEDIA PATIN;ROPA;2500;6500;1.00;6500
52554;viernes; 3 de julio de 2026;4:32 p. m.;cajero 1;Vendedor ;1001;Ventas Mostrador;Efectivo;1066;TOALLA BABY FRIENDS;LENCERIA;21000;39000;1.00;39000
52554;viernes; 3 de julio de 2026;4:32 p. m.;cajero 1;Vendedor ;1001;Ventas Mostrador;Efectivo;0202-1;CEPILLO MUSICAL + PEINILLA;ACCESORIOS;6000;11000;1.00;11000
52554;viernes; 3 de julio de 2026;4:32 p. m.;cajero 1;Vendedor ;1001;Ventas Mostrador;Efectivo;7702277550396;ESTUCHE ARRURRU ARRULLO AZUL;ASEO;35426;43300;1.00;43300
52553;viernes; 3 de julio de 2026;4:29 p. m.;cajero 1;Vendedor ;1001;Ventas Mostrador;QR Bancolombia;71534232090;PATIN DE LANA CARTER;ROPA;14500;29000;1.00;29000
52552;viernes; 3 de julio de 2026;4:01 p. m.;cajero 1;Vendedor ;1001;Ventas Mostrador;QR Bancolombia;2132;BOLSA DE REGALO PEQUEÑA DECORADA;PAPELERIA;1750;3200;1.00;3200
52552;viernes; 3 de julio de 2026;4:01 p. m.;cajero 1;Vendedor ;1001;Ventas Mostrador;QR Bancolombia;1138-2;SUDADERA SAFARY PAULIS & CO;ROPA;32650;64000;1.00;64000
52551;viernes; 3 de julio de 2026;3:46 p. m.;cajero 1;Vendedor ;1001;Ventas Mostrador;Efectivo;4863;GORRA Y PAVA PANA DECORADA OSO;ACCESORIOS;12000;26500;1.00;26500
52550;viernes; 3 de julio de 2026;3:16 p. m.;cajero 1;Vendedor ;1001;Ventas Mostrador;QR Bancolombia;15001;COBIJA TAMIRON BEBE;LENCERIA;42000;69000;1.00;69000
52550;viernes; 3 de julio de 2026;3:16 p. m.;cajero 1;Vendedor ;1001;Ventas Mostrador;QR Bancolombia;71534232090;PATIN DE LANA CARTER;ROPA;14500;29000;1.00;29000
52549;viernes; 3 de julio de 2026;2:37 p. m.;cajero 1;Vendedor ;1001;Ventas Mostrador;Efectivo;1737;PAÑAL PISCINA VALENTINA X UND T M - L;ASEO;1982;3400;4.00;13600
52549;viernes; 3 de julio de 2026;2:37 p. m.;cajero 1;Vendedor ;1001;Ventas Mostrador;Efectivo;2207;ESQUELETO POR UNIDAD CON DISEÑO TALLA 6;ROPA;3666;6500;4.00;26000
52549;viernes; 3 de julio de 2026;2:37 p. m.;cajero 1;Vendedor ;1001;Ventas Mostrador;Efectivo;PTQ1167;CHUPO REPUESTO ONLY KTT-030;ACCESORIOS;1800;6500;1.00;6500
52548;viernes; 3 de julio de 2026;2:24 p. m.;cajero 1;Vendedor ;1001;Ventas Mostrador;Efectivo;1303-3;BALACA TELA DELGADA;ACCESORIOS;3000;7500;2.00;15000
52548;viernes; 3 de julio de 2026;2:24 p. m.;cajero 1;Vendedor ;1001;Ventas Mostrador;Efectivo;7707233050354;TETERO CORCHITO PREMATURO 2 ONZ;ACCESORIOS;3867;9000;1.00;9000
52547;viernes; 3 de julio de 2026;1:52 p. m.;cajero 1;Vendedor ;1001;Ventas Mostrador;Efectivo;1003;PAPEL REGALO PLIEGO Y TARJETA;ACCESORIOS;323;1000;1.00;1000
52547;viernes; 3 de julio de 2026;1:52 p. m.;cajero 1;Vendedor ;1001;Ventas Mostrador;Efectivo;1386;JARDINERA JEANS NIÑA CORAZONES T:2 A T:6;ROPA;35000;72000;1.00;72000
52546;viernes; 3 de julio de 2026;1:09 p. m.;cajero 1;Vendedor ;1001;Ventas Mostrador;QR Bancolombia;2002;SEMANARIO 21 PIEZAS;ROPA;34000;53000;1.00;53000
52546;viernes; 3 de julio de 2026;1:09 p. m.;cajero 1;Vendedor ;1001;Ventas Mostrador;QR Bancolombia;1917;BOLSA DE REGALO MEDIANA DECORADA NIÑOS;PAPELERIA;2416;4600;1.00;4600
52545;viernes; 3 de julio de 2026;12:04 p. m.;cajero 1;Vendedor ;1001;Ventas Mostrador;Efectivo;1056;ESQUELETO POR UNIDAD DISEÑO T2;ROPA;3666;6000;5.00;30000
52545;viernes; 3 de julio de 2026;12:04 p. m.;cajero 1;Vendedor ;1001;Ventas Mostrador;Efectivo;1303-2;BALACA DE TELA NVO DISEÑO;ACCESORIOS;2857;7000;1.00;7000
52544;jueves; 2 de julio de 2026;8:04 p. m.;cajero 1;Vendedor ;1001;Ventas Mostrador;Efectivo;1003;PAPEL REGALO PLIEGO Y TARJETA;ACCESORIOS;323;1000;2.00;2000
52544;jueves; 2 de julio de 2026;8:04 p. m.;cajero 1;Vendedor ;1001;Ventas Mostrador;Efectivo;7701021144829;PAÑAL WINNY ULTRATRIM SENSITIVE 0X30;PAÑAL;19512;23500;1.00;23500
52544;jueves; 2 de julio de 2026;8:04 p. m.;cajero 1;Vendedor ;1001;Ventas Mostrador;Efectivo;7701021111975;PAÑAL WINNY 0X50;PAÑAL;32517;34500;1.00;34500
52543;jueves; 2 de julio de 2026;7:50 p. m.;cajero 1;Vendedor ;1001;Ventas Mostrador;Efectivo;2157;CONJUNTO DE JEANS CON BUSO CERRADO;ROPA;35500;70000;1.00;70000
52542;jueves; 2 de julio de 2026;7:24 p. m.;cajero 1;Vendedor ;1001;Ventas Mostrador;Efectivo;7701021111845;PAÑAL WINNY ULTRATRIM SEC 3X50;PAÑAL;50170;57900;1.00;53268
52541;jueves; 2 de julio de 2026;7:19 p. m.;cajero 1;Vendedor ;1001;Ventas Mostrador;QR Bancolombia;1102-3;VESTIDO ELEGANTE NIÑA T:2 A T:6;ROPA;40000;77000;1.00;77000
52541;jueves; 2 de julio de 2026;7:19 p. m.;cajero 1;Vendedor ;1001;Ventas Mostrador;QR Bancolombia;2120-3;SACO HILO SURTIDO;ROPA;25000;52000;1.00;52000
52540;jueves; 2 de julio de 2026;6:44 p. m.;cajero 1;Vendedor ;1001;Ventas Mostrador;QR Bancolombia;7701021116031;PAÑAL WINNY SEC 5X50;PAÑAL;67753;78000;1.00;71760
52540;jueves; 2 de julio de 2026;6:44 p. m.;cajero 1;Vendedor ;1001;Ventas Mostrador;QR Bancolombia;7701021145949;PAÑITOS WINNY ALOE X100;ASEO;9529;12500;2.00;25000
52540;jueves; 2 de julio de 2026;6:44 p. m.;cajero 1;Vendedor ;1001;Ventas Mostrador;QR Bancolombia;7701021117908;PAÑAL WINNY PANTS 5X50;PAÑAL;70000;78000;1.00;71760
52539;jueves; 2 de julio de 2026;6:26 p. m.;cajero 1;Vendedor ;1001;Ventas Mostrador;Nequi;7702277943150....;ESTUCHE VIAJERO NIÑO NVA PRESENTACION;ASEO;24954;32200;1.00;32200
52538;jueves; 2 de julio de 2026;6:22 p. m.;cajero 1;Vendedor ;1001;Ventas Mostrador;Efectivo;7701021111821;PAÑAL WINNY ULTRATRIM 3X30;PAÑAL;31688;35800;1.00;34010
52537;jueves; 2 de julio de 2026;6:21 p. m.;cajero 1;Vendedor ;1001;Ventas Mostrador;Nequi;2025;MEDIA PATIN;ROPA;2500;6500;2.00;13000
52537;jueves; 2 de julio de 2026;6:21 p. m.;cajero 1;Vendedor ;1001;Ventas Mostrador;Nequi;2084;COBIJA VICTORIA;LENCERIA;38000;65000;1.00;65000
52537;jueves; 2 de julio de 2026;6:21 p. m.;cajero 1;Vendedor ;1001;Ventas Mostrador;Nequi;6970817283337;PAÑITOS VALENTINA X 100;ASEO;5999;11600;2.00;23200
52537;jueves; 2 de julio de 2026;6:21 p. m.;cajero 1;Vendedor ;1001;Ventas Mostrador;Nequi;7702277943150....;ESTUCHE VIAJERO NIÑO NVA PRESENTACION;ASEO;24954;32200;1.00;32200
52537;jueves; 2 de julio de 2026;6:21 p. m.;cajero 1;Vendedor ;1001;Ventas Mostrador;Nequi;1061-1;SET 6 PIEZAS PANTALONETA Y ESQUELETO;ROPA;23000;41000;2.00;82000
52537;jueves; 2 de julio de 2026;6:21 p. m.;cajero 1;Vendedor ;1001;Ventas Mostrador;Nequi;6927022243274;PAÑAL VALENTINA R.N 0X50;PAÑAL;30126;36000;1.00;36000
52537;jueves; 2 de julio de 2026;6:21 p. m.;cajero 1;Vendedor ;1001;Ventas Mostrador;Nequi;1943-1;BODY SUNNOZY X UNIDAD;ROPA;10375;17000;2.00;34000
52536;jueves; 2 de julio de 2026;6:16 p. m.;cajero 1;Vendedor ;1001;Ventas Mostrador;Nequi;7707199344825;PAÑAL VALENTINA 3GX30;PAÑAL;26400;33000;1.00;33000
52536;jueves; 2 de julio de 2026;6:16 p. m.;cajero 1;Vendedor ;1001;Ventas Mostrador;Nequi;2157;CONJUNTO DE JEANS CON BUSO CERRADO;ROPA;35500;70000;1.00;70000
52535;jueves; 2 de julio de 2026;5:58 p. m.;cajero 1;Vendedor ;1001;Ventas Mostrador;Efectivo;3070-2;ROPA INTERIOR NIÑA X 3;ROPA;9000;17000;1.00;17000
52534;jueves; 2 de julio de 2026;5:56 p. m.;cajero 1;Vendedor ;1001;Ventas Mostrador;Efectivo;1902;GORRO ESTUCHE X3;ROPA;7000;18000;1.00;18000
52533;jueves; 2 de julio de 2026;5:44 p. m.;cajero 1;Vendedor ;1001;Ventas Mostrador;QR Bancolombia;7701021119087;PAÑAL WINNY ULTRATRIM SEC 4X100;PAÑAL;126500;144000;1.00;129600
52533;jueves; 2 de julio de 2026;5:44 p. m.;cajero 1;Vendedor ;1001;Ventas Mostrador;QR Bancolombia;7701021145949;PAÑITOS WINNY ALOE X100;ASEO;9529;12500;1.00;12500
365;jueves; 2 de julio de 2026;5:31 p. m.;cajero 1;Vendedor ;1001;Ventas Mostrador;Nequi;3211-8;CONJUNTO DYK CHAQUETA CUERO NIÑO;ROPA;57000;105000;-1.00;-105000
52532;jueves; 2 de julio de 2026;5:31 p. m.;cajero 1;Vendedor ;1001;Ventas Mostrador;Nequi;7701021145949;PAÑITOS WINNY ALOE X100;ASEO;9529;12500;1.00;12500
52532;jueves; 2 de julio de 2026;5:31 p. m.;cajero 1;Vendedor ;1001;Ventas Mostrador;Nequi;1133-5;MEDIA TOBACO X UNIDAD T 0 A 18 MESES;ROPA;2500;4500;3.00;13500
52532;jueves; 2 de julio de 2026;5:31 p. m.;cajero 1;Vendedor ;1001;Ventas Mostrador;Nequi;1524-1;CHAQUETA PANA J&M;ROPA;48000;78000;1.00;78000
52531;jueves; 2 de julio de 2026;5:06 p. m.;cajero 1;Vendedor ;1001;Ventas Mostrador;Efectivo;1998-3;PRIMERA MUDA DE HILO IMPORTADA;ROPA;35000;80000;1.00;80000
364;jueves; 2 de julio de 2026;5:06 p. m.;cajero 1;Vendedor ;1001;Ventas Mostrador;Efectivo;512;KIT TETEROS *4 ONLY;ACCESORIOS;40000;80000;-1.00;-80000
52530;jueves; 2 de julio de 2026;4:52 p. m.;cajero 1;Vendedor ;1001;Ventas Mostrador;QR Bancolombia;6970817283337;PAÑITOS VALENTINA X 100;ASEO;5999;11600;1.00;11600
52529;jueves; 2 de julio de 2026;4:15 p. m.;cajero 1;Vendedor ;1001;Ventas Mostrador;Efectivo;1162;PRIMERA MUDA DE BOLSA MAJU BABY;ROPA;22000;38000;1.00;38000
52528;jueves; 2 de julio de 2026;3:57 p. m.;cajero 1;Vendedor ;1001;Ventas Mostrador;Efectivo;1174;BUSO CUELLO REDONDO COLORES;ROPA;9000;16000;1.00;16000
52527;jueves; 2 de julio de 2026;3:28 p. m.;cajero 1;Vendedor ;1001;Ventas Mostrador;QR Bancolombia;1270;OVEROL MATERNO JEAN;MATERNA;55000;110000;1.00;110000
52526;jueves; 2 de julio de 2026;3:26 p. m.;cajero 1;Vendedor ;1001;Ventas Mostrador;QR Bancolombia;1942;ESQUIMAL KINTY / MIMITOS;ROPA;20500;40000;1.00;40000
52525;jueves; 2 de julio de 2026;3:22 p. m.;cajero 1;Vendedor ;1001;Ventas Mostrador;Daviplata;2046;PRIMERA MUDA COFRE CANASTA;ROPA;40000;64000;1.00;64000
52525;jueves; 2 de julio de 2026;3:22 p. m.;cajero 1;Vendedor ;1001;Ventas Mostrador;Daviplata;1965;PRIMERA MUDA MAITOS TERMICA;ROPA;33000;51000;1.00;51000
52524;jueves; 2 de julio de 2026;3:17 p. m.;cajero 1;Vendedor ;1001;Ventas Mostrador;Efectivo;7701021145949;PAÑITOS WINNY ALOE X100;ASEO;9529;12500;2.00;25000
52523;jueves; 2 de julio de 2026;3:16 p. m.;cajero 1;Vendedor ;1001;Ventas Mostrador;Efectivo;1010;PAÑALERA DE LADO ECONOMICA;PAÑALERA;39000;75000;1.00;75000
52522;jueves; 2 de julio de 2026;2:32 p. m.;cajero 1;Vendedor ;1001;Ventas Mostrador;Efectivo;1918;BOLSA DE REGALO GRANDE JUMBO DECORADA;PAPELERIA;3300;6000;1.00;6000
52521;jueves; 2 de julio de 2026;2:31 p. m.;cajero 1;Vendedor ;1001;Ventas Mostrador;Efectivo;7701021114006;PAÑAL WINNY ULTRATRIM SEC 4X30;PAÑAL;38178;42600;1.00;40470
52521;jueves; 2 de julio de 2026;2:31 p. m.;cajero 1;Vendedor ;1001;Ventas Mostrador;Efectivo;1918;BOLSA DE REGALO GRANDE JUMBO DECORADA;PAPELERIA;3300;6000;1.00;6000
52521;jueves; 2 de julio de 2026;2:31 p. m.;cajero 1;Vendedor ;1001;Ventas Mostrador;Efectivo;280;CONJUNTO CHIKIS BODY + VESTIDO;ROPA;42000;68000;1.00;68000
52520;jueves; 2 de julio de 2026;10:46 a. m.;cajero 1;Vendedor ;1001;Ventas Mostrador;Efectivo;1271;OVEROL MATERNO JEAN PLUS;MATERNA;58000;120000;1.00;120000
52519;jueves; 2 de julio de 2026;10:44 a. m.;cajero 1;Vendedor ;1001;Ventas Mostrador;Efectivo;1726;ZAPATO NO TUERCE;CALZADO;15000;35000;1.00;35000
52518;jueves; 2 de julio de 2026;10:36 a. m.;cajero 1;Vendedor ;1001;Ventas Mostrador;QR Bancolombia;7701021116635;PAÑAL WINNY ULTRATRIM PANT 4X30;PAÑAL;38177;42600;1.00;40470
52517;jueves; 2 de julio de 2026;10:31 a. m.;cajero 1;Vendedor ;1001;Ventas Mostrador;QR Bancolombia;7701021116123;PAÑAL WINNY ULTRATRIM SEC 3X100;PAÑAL;101700;117000;1.00;105008
52517;jueves; 2 de julio de 2026;10:31 a. m.;cajero 1;Vendedor ;1001;Ventas Mostrador;QR Bancolombia;1952;MIKA TRONO Y BACIN LOCO;ASEO;34990;56000;1.00;54992
52516;miércoles; 1 de julio de 2026;7:03 p. m.;cajero 1;Vendedor ;1001;Ventas Mostrador;Efectivo;7701021116581;PAÑAL WINNY ULTRATRIM SEC 2X50;PAÑAL;42430;49900;1.00;45908
52516;miércoles; 1 de julio de 2026;7:03 p. m.;cajero 1;Vendedor ;1001;Ventas Mostrador;Efectivo;512;KIT TETEROS *4 ONLY;ACCESORIOS;40000;80000;1.00;80000
52515;miércoles; 1 de julio de 2026;6:56 p. m.;cajero 1;Vendedor ;1001;Ventas Mostrador;Efectivo;2002;SEMANARIO 21 PIEZAS;ROPA;34000;53000;1.00;53000
52515;miércoles; 1 de julio de 2026;6:56 p. m.;cajero 1;Vendedor ;1001;Ventas Mostrador;Efectivo;7702277376484;ESTUCHE ARRURRU BABY SHOWERS NIÑA NVA PRESENTACION;ASEO;42600;67400;1.00;67400
52515;miércoles; 1 de julio de 2026;6:56 p. m.;cajero 1;Vendedor ;1001;Ventas Mostrador;Efectivo;1943-1;BODY SUNNOZY X UNIDAD;ROPA;10375;17000;2.00;34000
52514;miércoles; 1 de julio de 2026;6:17 p. m.;cajero 1;Vendedor ;1001;Ventas Mostrador;Efectivo;1399-1;PAÑAL ETAPA 0-1 X UNIDAD;PAÑAL;824;1500;2.00;3000
52513;miércoles; 1 de julio de 2026;6:15 p. m.;cajero 1;Vendedor ;1001;Ventas Mostrador;Efectivo;7701021116123;PAÑAL WINNY ULTRATRIM SEC 3X100;PAÑAL;101700;117000;1.00;105300
52512;miércoles; 1 de julio de 2026;5:50 p. m.;cajero 1;Vendedor ;1001;Ventas Mostrador;Efectivo;1344;FORRO EXTRA GRANDE CALIBRE 4;ACCESORIOS;12000;19500;1.00;19500
52511;miércoles; 1 de julio de 2026;5:49 p. m.;cajero 1;Vendedor ;1001;Ventas Mostrador;Efectivo;1399-1;PAÑAL ETAPA 0-1 X UNIDAD;PAÑAL;824;1500;1.00;1500
52510;miércoles; 1 de julio de 2026;5:04 p. m.;cajero 1;Vendedor ;1001;Ventas Mostrador;QR Bancolombia;2224;TUTU POR UNIDAD;ROPA;13000;26900;1.00;26900
52509;miércoles; 1 de julio de 2026;5:02 p. m.;cajero 1;Vendedor ;1001;Ventas Mostrador;Efectivo;7701021116512;PAÑAL WINNY ULTRATRIM SEC 1X50;PAÑAL;37500;41500;1.00;39176
52508;miércoles; 1 de julio de 2026;4:42 p. m.;cajero 1;Vendedor ;1001;Ventas Mostrador;Efectivo;1420;MEDIAS ENCAJE MARATHON;ROPA;8500;14500;1.00;14500
52508;miércoles; 1 de julio de 2026;4:42 p. m.;cajero 1;Vendedor ;1001;Ventas Mostrador;Efectivo;1902;GORRO ESTUCHE X3;ROPA;7000;18000;1.00;18000
52507;miércoles; 1 de julio de 2026;4:02 p. m.;cajero 1;Vendedor ;1001;Ventas Mostrador;QR Bancolombia;12345678912;PASEADOR TRES RUEDAS 31100;COCHES - PASEADOR;135000;190000;1.00;190000
52507;miércoles; 1 de julio de 2026;4:02 p. m.;cajero 1;Vendedor ;1001;Ventas Mostrador;QR Bancolombia;1782;FORRO PASEADOR CALIBRE 4;ACCESORIOS;9000;14500;1.00;0
52506;miércoles; 1 de julio de 2026;3:57 p. m.;cajero 1;Vendedor ;1001;Ventas Mostrador;QR Bancolombia;1162;PRIMERA MUDA DE BOLSA MAJU BABY;ROPA;22000;38000;1.00;38000
52505;miércoles; 1 de julio de 2026;3:46 p. m.;cajero 1;Vendedor ;1001;Ventas Mostrador;Efectivo;6939287459086;TETERO IMITACION AVEAT 4 ONZ SIN MANIJA;ACCESORIOS;7000;15000;1.00;15000
52504;miércoles; 1 de julio de 2026;3:24 p. m.;cajero 1;Vendedor ;1001;Ventas Mostrador;Efectivo;2002;SEMANARIO 21 PIEZAS;ROPA;34000;53000;1.00;53000
52504;miércoles; 1 de julio de 2026;3:24 p. m.;cajero 1;Vendedor ;1001;Ventas Mostrador;Efectivo;1917;BOLSA DE REGALO MEDIANA DECORADA NIÑOS;PAPELERIA;2416;4600;1.00;4600
52503;miércoles; 1 de julio de 2026;2:34 p. m.;cajero 1;Vendedor ;1001;Ventas Mostrador;Efectivo;1726;ZAPATO NO TUERCE;CALZADO;15000;35000;1.00;35000
52502;miércoles; 1 de julio de 2026;2:10 p. m.;cajero 1;Vendedor ;1001;Ventas Mostrador;QR Bancolombia;1303-3;BALACA TELA DELGADA;ACCESORIOS;3000;7500;1.00;7500
52501;miércoles; 1 de julio de 2026;2:06 p. m.;cajero 1;Vendedor ;1001;Ventas Mostrador;QR Bancolombia;8005;LLAMADIENTES DE AGUA / ANIMALITOS - FRUTA;ACCESORIOS;3000;11000;1.00;11000
52501;miércoles; 1 de julio de 2026;2:06 p. m.;cajero 1;Vendedor ;1001;Ventas Mostrador;QR Bancolombia;7701021111845;PAÑAL WINNY ULTRATRIM SEC 3X50;PAÑAL;50170;57900;2.00;106536
52501;miércoles; 1 de julio de 2026;2:06 p. m.;cajero 1;Vendedor ;1001;Ventas Mostrador;QR Bancolombia;6977252930284;TETERO ONLY 6 ONZ;ACCESORIOS;8500;20000;1.00;20000
52500;miércoles; 1 de julio de 2026;2:02 p. m.;cajero 1;Vendedor ;1001;Ventas Mostrador;Efectivo;1107-1;VESTIDO IMPORTADO VELO NIÑA;ROPA;70000;140000;1.00;140000
52499;miércoles; 1 de julio de 2026;12:37 p. m.;cajero 1;Vendedor ;1001;Ventas Mostrador;QR Bancolombia;7707199344825;PAÑAL VALENTINA 3GX30;PAÑAL;26400;33000;1.00;33000
52498;miércoles; 1 de julio de 2026;12:34 p. m.;cajero 1;Vendedor ;1001;Ventas Mostrador;Efectivo;7701021117786;PAÑAL WINNY PANTS 4X50;PAÑAL;61716;71300;1.00;65596
52497;miércoles; 1 de julio de 2026;11:42 a. m.;cajero 1;Vendedor ;1001;Ventas Mostrador;Efectivo;1056;ESQUELETO POR UNIDAD DISEÑO T2;ROPA;3666;6000;3.00;18000
52496;miércoles; 1 de julio de 2026;11:22 a. m.;cajero 1;Vendedor ;1001;Ventas Mostrador;QR Bancolombia;2207;ESQUELETO POR UNIDAD CON DISEÑO TALLA 6;ROPA;3666;6500;3.00;19500
52495;miércoles; 1 de julio de 2026;11:11 a. m.;cajero 1;Vendedor ;1001;Ventas Mostrador;Efectivo;1980;MEDIAS MICROFIBRA 2-4-6-8-10-12;ROPA;8500;17900;1.00;17900
52494;miércoles; 1 de julio de 2026;10:59 a. m.;cajero 1;Vendedor ;1001;Ventas Mostrador;Nequi;1935;CHUPO ENTRETENCION SUPER HEROES / ANIMALITOS;ACCESORIOS;5000;13100;1.00;13100
52493;miércoles; 1 de julio de 2026;10:14 a. m.;cajero 1;Vendedor ;1001;Ventas Mostrador;Efectivo;125;BIBERON CORCHITO CORONA 15 ONZ;ACCESORIOS;12747;24500;1.00;24500
52492;martes; 30 de junio de 2026;7:22 p. m.;cajero 1;Vendedor ;1001;Ventas Mostrador;Nequi;9090;CORBATIN NIÑO;ACCESORIOS;3000;9000;1.00;9000
52492;martes; 30 de junio de 2026;7:22 p. m.;cajero 1;Vendedor ;1001;Ventas Mostrador;Nequi;1331-1;PANTALON DE PANA NIÑO T:4 A T:16;ROPA;33000;61000;1.00;61000
52492;martes; 30 de junio de 2026;7:22 p. m.;cajero 1;Vendedor ;1001;Ventas Mostrador;Nequi;1552-1;CAMISA CORBATA NIÑO MANGA CORTA;COLEGIO;19000;27000;1.00;27000
52491;martes; 30 de junio de 2026;7:08 p. m.;cajero 1;Vendedor ;1001;Ventas Mostrador;QR Bancolombia;6971233886362;TETERO AVENT / ONLY 11 ONZ REPLICA;ACCESORIOS;10000;22000;1.00;22000
52490;martes; 30 de junio de 2026;7:05 p. m.;cajero 1;Vendedor ;1001;Ventas Mostrador;Efectivo;1003;PAPEL REGALO PLIEGO Y TARJETA;ACCESORIOS;323;1000;2.00;2000
52489;martes; 30 de junio de 2026;7:04 p. m.;cajero 1;Vendedor ;1001;Ventas Mostrador;QR Bancolombia;1066;TOALLA BABY FRIENDS;LENCERIA;21000;39000;1.00;39000
52489;martes; 30 de junio de 2026;7:04 p. m.;cajero 1;Vendedor ;1001;Ventas Mostrador;QR Bancolombia;1600;PAÑAL ADULTO L X UNIDAD;PAÑAL;2433;4000;3.00;12000
52488;martes; 30 de junio de 2026;7:03 p. m.;cajero 1;Vendedor ;1001;Ventas Mostrador;QR Bancolombia;1726;ZAPATO NO TUERCE;CALZADO;15000;35000;1.00;35000
52488;martes; 30 de junio de 2026;7:03 p. m.;cajero 1;Vendedor ;1001;Ventas Mostrador;QR Bancolombia;4863;GORRA Y PAVA PANA DECORADA OSO;ACCESORIOS;12000;26500;1.00;25970
52488;martes; 30 de junio de 2026;7:03 p. m.;cajero 1;Vendedor ;1001;Ventas Mostrador;QR Bancolombia;3211-6;CONJUNTO MYP CHALECO PANA;ROPA;50000;97000;1.00;95060
52487;martes; 30 de junio de 2026;6:58 p. m.;cajero 1;Vendedor ;1001;Ventas Mostrador;Efectivo;1162;PRIMERA MUDA DE BOLSA MAJU BABY;ROPA;22000;38000;1.00;38000
52487;martes; 30 de junio de 2026;6:58 p. m.;cajero 1;Vendedor ;1001;Ventas Mostrador;Efectivo;29-4C;SONAJERO PALO CHILLON;ACCESORIOS;9500;20000;1.00;20000
52486;martes; 30 de junio de 2026;6:55 p. m.;cajero 1;Vendedor ;1001;Ventas Mostrador;Efectivo;4174;PAÑAL WINNY ETAPA 5 X UNIDAD;PAÑAL;1273;1800;2.00;3600
52485;martes; 30 de junio de 2026;6:21 p. m.;cajero 1;Vendedor ;1001;Ventas Mostrador;Efectivo;1789;BABEROS CARTER`S X3;ROPA;15000;29000;1.00;29000
52484;martes; 30 de junio de 2026;6:21 p. m.;cajero 1;Vendedor ;1001;Ventas Mostrador;Efectivo;1726;ZAPATO NO TUERCE;CALZADO;15000;35000;1.00;35000
52483;martes; 30 de junio de 2026;5:41 p. m.;cajero 1;Vendedor ;1001;Ventas Mostrador;Nequi;7701021147585;PAÑAL WINNY ULTRATRIM SEC 4X50;PAÑAL;61716;71300;1.00;65596
52482;martes; 30 de junio de 2026;5:31 p. m.;cajero 1;Vendedor ;1001;Ventas Mostrador;Efectivo;480;KIT TERMOMETRO BABY CARE GRANDE;ASEO;15000;36000;1.00;36000
52481;martes; 30 de junio de 2026;5:18 p. m.;cajero 1;Vendedor ;1001;Ventas Mostrador;Efectivo;7701021116666;PAÑAL WINNY ULTRATRIM PANT 5X30;PAÑAL;41907;46900;1.00;44555
52480;martes; 30 de junio de 2026;5:14 p. m.;cajero 1;Vendedor ;1001;Ventas Mostrador;QR Bancolombia;7701021116123;PAÑAL WINNY ULTRATRIM SEC 3X100;PAÑAL;98232;117000;1.00;105300
52479;martes; 30 de junio de 2026;5:10 p. m.;cajero 1;Vendedor ;1001;Ventas Mostrador;Efectivo;7701021116031;PAÑAL WINNY SEC 5X50;PAÑAL;67753;78000;1.00;71760
52478;martes; 30 de junio de 2026;5:10 p. m.;cajero 1;Vendedor ;1001;Ventas Mostrador;QR Bancolombia;7701021116031;PAÑAL WINNY SEC 5X50;PAÑAL;67753;78000;2.00;143520
52477;martes; 30 de junio de 2026;4:52 p. m.;cajero 1;Vendedor ;1001;Ventas Mostrador;Efectivo;1799-3;RODILLERA ACOLCHONADA ANIMALITOS;ACCESORIOS;6500;16000;1.00;16000
52476;martes; 30 de junio de 2026;4:35 p. m.;cajero 1;Vendedor ;1001;Ventas Mostrador;QR Bancolombia;2073;KIT ESTUCHE MEDIAS+BALACA;ROPA;11900;34000;1.00;34000
52476;martes; 30 de junio de 2026;4:35 p. m.;cajero 1;Vendedor ;1001;Ventas Mostrador;QR Bancolombia;1162;PRIMERA MUDA DE BOLSA MAJU BABY;ROPA;22000;38000;1.00;38000
52476;martes; 30 de junio de 2026;4:35 p. m.;cajero 1;Vendedor ;1001;Ventas Mostrador;QR Bancolombia;3064;COBERTOR OVEJERO CON ESTAMPADO;LENCERIA;15901;39000;1.00;39000
52476;martes; 30 de junio de 2026;4:35 p. m.;cajero 1;Vendedor ;1001;Ventas Mostrador;QR Bancolombia;1379;CONJUNTO MEIQUITOS BABY;ROPA;16000;30000;1.00;30000
52476;martes; 30 de junio de 2026;4:35 p. m.;cajero 1;Vendedor ;1001;Ventas Mostrador;QR Bancolombia;2918;CONJUNTO ENTERIZO PUPPY NIÑA;ROPA;33000;64000;1.00;64000
52476;martes; 30 de junio de 2026;4:35 p. m.;cajero 1;Vendedor ;1001;Ventas Mostrador;QR Bancolombia;1379-1;VESTIDOS MEIQUITOS;ROPA;16000;30000;1.00;30000
52475;martes; 30 de junio de 2026;3:48 p. m.;cajero 1;Vendedor ;1001;Ventas Mostrador;Efectivo;725-1;CONJUNTO GAB KIDS NIÑA /O T:2 A T:6;ROPA;43000;86000;1.00;79980
52474;martes; 30 de junio de 2026;3:24 p. m.;cajero 1;Vendedor ;1001;Ventas Mostrador;QR Bancolombia;1138-2;SUDADERA SAFARY PAULIS & CO;ROPA;32650;64000;1.00;64000
52473;martes; 30 de junio de 2026;3:02 p. m.;cajero 1;Vendedor ;1001;Ventas Mostrador;Efectivo;1196-3;SUDADERA PAULIS & CO JUNIOR CREMALLERA T4 A T10;ROPA;36500;75000;1.00;75000
52472;martes; 30 de junio de 2026;2:00 p. m.;cajero 1;Vendedor ;1001;Ventas Mostrador;Efectivo;1768;MEDIAS ESPAÑOLA MOÑO ANAVID;ROPA;8500;13500;1.00;13500
52471;martes; 30 de junio de 2026;12:54 p. m.;cajero 1;Vendedor ;1001;Ventas Mostrador;Efectivo;1174;BUSO CUELLO REDONDO COLORES;ROPA;9000;16000;4.00;64000
52470;martes; 30 de junio de 2026;12:38 p. m.;cajero 1;Vendedor ;1001;Ventas Mostrador;QR Bancolombia;1003;PAPEL REGALO PLIEGO Y TARJETA;ACCESORIOS;323;1000;3.00;3000
52469;martes; 30 de junio de 2026;12:32 p. m.;cajero 1;Vendedor ;1001;Ventas Mostrador;QR Bancolombia;263;CONJUNTO 3 PIEZAS OSO;ROPA;30000;72000;1.00;72000
52469;martes; 30 de junio de 2026;12:32 p. m.;cajero 1;Vendedor ;1001;Ventas Mostrador;QR Bancolombia;1196-2;SUDADERA PAULIS DOBLE PANTALONEST2 A T10;ROPA;32620;66000;1.00;66000
52469;martes; 30 de junio de 2026;12:32 p. m.;cajero 1;Vendedor ;1001;Ventas Mostrador;QR Bancolombia;2157;CONJUNTO DE JEANS CON BUSO CERRADO;ROPA;35500;70000;1.00;70000
52468;lunes; 29 de junio de 2026;6:55 p. m.;cajero 1;Vendedor ;1001;Ventas Mostrador;Efectivo;1333;PAÑALERA CHIKITOS;PAÑALERA;70000;125000;1.00;125000
52467;lunes; 29 de junio de 2026;6:19 p. m.;cajero 1;Vendedor ;1001;Ventas Mostrador;Efectivo;1186;BAYETILLA CAMISA ROJA X3;ROPA;8600;14500;1.00;14500
52467;lunes; 29 de junio de 2026;6:19 p. m.;cajero 1;Vendedor ;1001;Ventas Mostrador;Efectivo;7701021111975;PAÑAL WINNY 0X50;PAÑAL;32517;34500;2.00;69000
52466;lunes; 29 de junio de 2026;6:08 p. m.;cajero 1;Vendedor ;1001;Ventas Mostrador;QR Bancolombia;1196-1;SUDADERA B. CERRADO PAULIS & CO JUNIOR T4 A T10;ROPA;32000;72000;1.00;72000
52465;lunes; 29 de junio de 2026;6:05 p. m.;cajero 1;Vendedor ;1001;Ventas Mostrador;Tarjeta Débito;7701021116536;PAÑAL WINNY ULTRATRIM SEC 2X30;PAÑAL;26800;29700;1.00;29700
52465;lunes; 29 de junio de 2026;6:05 p. m.;cajero 1;Vendedor ;1001;Ventas Mostrador;Tarjeta Débito;7891010031046;ACEITE JOHNSON BABY ORIGINAL X100ML;ASEO;13871;17400;1.00;17400
52464;lunes; 29 de junio de 2026;5:57 p. m.;cajero 1;Vendedor ;1001;Ventas Mostrador;Efectivo;7702277727354;COLONIA ARRURRU 400 ML AZUL;ASEO;41450;51900;1.00;51900
52464;lunes; 29 de junio de 2026;5:57 p. m.;cajero 1;Vendedor ;1001;Ventas Mostrador;Efectivo;7891150036383;JABON LIQUIDO DOVE BABY HIPOALERGENICO;ASEO;18000;23500;1.00;23500
52463;lunes; 29 de junio de 2026;5:48 p. m.;cajero 1;Vendedor ;1001;Ventas Mostrador;Efectivo;7701021111975;PAÑAL WINNY 0X50;PAÑAL;32517;34500;1.00;34500
52462;lunes; 29 de junio de 2026;5:17 p. m.;cajero 1;Vendedor ;1001;Ventas Mostrador;QR Bancolombia;1917;BOLSA DE REGALO MEDIANA DECORADA NIÑOS;PAPELERIA;2416;4600;1.00;4600
52462;lunes; 29 de junio de 2026;5:17 p. m.;cajero 1;Vendedor ;1001;Ventas Mostrador;QR Bancolombia;1918;BOLSA DE REGALO GRANDE JUMBO DECORADA;PAPELERIA;3300;6000;1.00;6000
52462;lunes; 29 de junio de 2026;5:17 p. m.;cajero 1;Vendedor ;1001;Ventas Mostrador;QR Bancolombia;2118;CONJUNTO CHIKIS CORBATIN TIRANTAS;ROPA;25000;70000;1.00;70000
52462;lunes; 29 de junio de 2026;5:17 p. m.;cajero 1;Vendedor ;1001;Ventas Mostrador;QR Bancolombia;2120-3;SACO HILO SURTIDO;ROPA;25000;52000;1.00;52000
52461;lunes; 29 de junio de 2026;5:10 p. m.;cajero 1;Vendedor ;1001;Ventas Mostrador;Efectivo;1003;PAPEL REGALO PLIEGO Y TARJETA;ACCESORIOS;323;1000;1.00;1000
52461;lunes; 29 de junio de 2026;5:10 p. m.;cajero 1;Vendedor ;1001;Ventas Mostrador;Efectivo;1726;ZAPATO NO TUERCE;CALZADO;15000;35000;1.00;35000
52461;lunes; 29 de junio de 2026;5:10 p. m.;cajero 1;Vendedor ;1001;Ventas Mostrador;Efectivo;2140;RUANA TERMICA ESTAMPADA;LENCERIA;31000;47000;1.00;47000
52460;lunes; 29 de junio de 2026;4:58 p. m.;cajero 1;Vendedor ;1001;Ventas Mostrador;Efectivo;2080-1;BODY BLANCO X UNIDAD;ROPA;5000;10000;1.00;10000
52460;lunes; 29 de junio de 2026;4:58 p. m.;cajero 1;Vendedor ;1001;Ventas Mostrador;Efectivo;1061-1;SET 6 PIEZAS PANTALONETA Y ESQUELETO;ROPA;23000;41000;1.00;41000
52459;lunes; 29 de junio de 2026;4:56 p. m.;cajero 1;Vendedor ;1001;Ventas Mostrador;QR Bancolombia;1793;PIJAMA ENTERIZA CAPOTA PERSONAJES / BEBE;ROPA;28500;55000;1.00;55000
52458;lunes; 29 de junio de 2026;4:56 p. m.;cajero 1;Vendedor ;1001;Ventas Mostrador;Efectivo;4863;GORRA Y PAVA PANA DECORADA OSO;ACCESORIOS;12000;26500;1.00;26500
52457;lunes; 29 de junio de 2026;4:51 p. m.;cajero 1;Vendedor ;1001;Ventas Mostrador;Efectivo;1003;PAPEL REGALO PLIEGO Y TARJETA;ACCESORIOS;323;1000;1.00;1000
52457;lunes; 29 de junio de 2026;4:51 p. m.;cajero 1;Vendedor ;1001;Ventas Mostrador;Efectivo;3016-2;CONJUNTO MYP CHALECO PELUDO;ROPA;50000;90000;1.00;90000
52456;lunes; 29 de junio de 2026;4:18 p. m.;cajero 1;Vendedor ;1001;Ventas Mostrador;Efectivo;7701021111821;PAÑAL WINNY ULTRATRIM 3X30;PAÑAL;31688;35800;1.00;34010
52455;lunes; 29 de junio de 2026;4:17 p. m.;cajero 1;Vendedor ;1001;Ventas Mostrador;Efectivo;7702057088835;CREMA NUMERO.4 X20 GRAMOS ORIGINAL;ASEO;8562;9900;1.00;9900
52454;lunes; 29 de junio de 2026;3:44 p. m.;cajero 1;Vendedor ;1001;Ventas Mostrador;QR Bancolombia;1552;CAMISA CUELLO CORBATA NIÑO MANGA LARGA NIÑO;COLEGIO;20000;30000;1.00;30000
52453;lunes; 29 de junio de 2026;3:35 p. m.;cajero 1;Vendedor ;1001;Ventas Mostrador;Efectivo;7707233050354;TETERO CORCHITO PREMATURO 2 ONZ;ACCESORIOS;3867;9000;1.00;9000
52452;lunes; 29 de junio de 2026;3:24 p. m.;cajero 1;Vendedor ;1001;Ventas Mostrador;Efectivo;2224;TUTU POR UNIDAD;ROPA;13000;26900;1.00;26900
52451;lunes; 29 de junio de 2026;3:20 p. m.;cajero 1;Vendedor ;1001;Ventas Mostrador;Efectivo;22731;JARDINERA NISAM TALLA UNICA;ROPA;20000;45000;1.00;45000
52450;lunes; 29 de junio de 2026;2:56 p. m.;cajero 1;Vendedor ;1001;Ventas Mostrador;Efectivo;7702031291534;SHAMPOO JOHNSON ORIGINAL 100 ML;ASEO;11309;14200;1.00;14200
52450;lunes; 29 de junio de 2026;2:56 p. m.;cajero 1;Vendedor ;1001;Ventas Mostrador;Efectivo;1015-1;ZAPATO PILIN - PATILIN T: 18 A 22;ZAPATO;35000;67000;1.00;67000
52449;lunes; 29 de junio de 2026;2:44 p. m.;cajero 1;Vendedor ;1001;Ventas Mostrador;Efectivo;1003;PAPEL REGALO PLIEGO Y TARJETA;ACCESORIOS;323;1000;1.00;1000
52449;lunes; 29 de junio de 2026;2:44 p. m.;cajero 1;Vendedor ;1001;Ventas Mostrador;Efectivo;7704272020596;CONJUNTO NISAM NIÑA X 10 PIEZAS;ROPA;47000;73600;1.00;73600
52449;lunes; 29 de junio de 2026;2:44 p. m.;cajero 1;Vendedor ;1001;Ventas Mostrador;Efectivo;2152-1;CONJUNTO 3 PIEZAS T:2 A T:8 PAULIS;ROPA;35000;72000;1.00;50400
52448;lunes; 29 de junio de 2026;2:32 p. m.;cajero 1;Vendedor ;1001;Ventas Mostrador;QR Bancolombia;1003;PAPEL REGALO PLIEGO Y TARJETA;ACCESORIOS;323;1000;2.00;2000
52448;lunes; 29 de junio de 2026;2:32 p. m.;cajero 1;Vendedor ;1001;Ventas Mostrador;QR Bancolombia;1608;SLEEPING NIÑO/NIÑA;LENCERIA;19000;40000;1.00;40000
52448;lunes; 29 de junio de 2026;2:32 p. m.;cajero 1;Vendedor ;1001;Ventas Mostrador;QR Bancolombia;3064;COBERTOR OVEJERO CON ESTAMPADO;LENCERIA;15917;39000;1.00;39000
52447;lunes; 29 de junio de 2026;1:51 p. m.;cajero 1;Vendedor ;1001;Ventas Mostrador;QR Bancolombia;7701021147585;PAÑAL WINNY ULTRATRIM SEC 4X50;PAÑAL;61716;71300;1.00;65596
52446;lunes; 29 de junio de 2026;1:25 p. m.;cajero 1;Vendedor ;1001;Ventas Mostrador;Efectivo;3070;ROPA INTERIOR NIÑA X UNIDAD;ROPA;2000;6000;4.00;24000
52445;lunes; 29 de junio de 2026;1:14 p. m.;cajero 1;Vendedor ;1001;Ventas Mostrador;Efectivo;263;CONJUNTO 3 PIEZAS OSO;ROPA;30000;72000;1.00;72000
52444;lunes; 29 de junio de 2026;12:39 p. m.;cajero 1;Vendedor ;1001;Ventas Mostrador;Efectivo;1718;ZAPATO TELA BEBE;CALZADO;10000;22000;1.00;22000
52443;lunes; 29 de junio de 2026;12:18 p. m.;cajero 1;Vendedor ;1001;Ventas Mostrador;QR Bancolombia;4863;GORRA Y PAVA PANA DECORADA OSO;ACCESORIOS;12000;26500;2.00;53000
52442;lunes; 29 de junio de 2026;11:19 a. m.;cajero 1;Vendedor ;1001;Ventas Mostrador;Efectivo;2002;SEMANARIO 21 PIEZAS;ROPA;34000;53000;1.00;53000
52441;lunes; 29 de junio de 2026;10:57 a. m.;cajero 1;Vendedor ;1001;Ventas Mostrador;Nequi;2207;ESQUELETO POR UNIDAD CON DISEÑO TALLA 6;ROPA;3666;6500;7.00;40950
52441;lunes; 29 de junio de 2026;10:57 a. m.;cajero 1;Vendedor ;1001;Ventas Mostrador;Nequi;1138-2;SUDADERA SAFARY PAULIS & CO;ROPA;32650;64000;2.00;115200
52441;lunes; 29 de junio de 2026;10:57 a. m.;cajero 1;Vendedor ;1001;Ventas Mostrador;Nequi;1133-5;MEDIA TOBACO X UNIDAD T 0 A 18 MESES;ROPA;2500;4500;5.00;20250
52441;lunes; 29 de junio de 2026;10:57 a. m.;cajero 1;Vendedor ;1001;Ventas Mostrador;Nequi;0031-1;PIJAMA PIEL DURAZNO BOTON 2 PIEZAS;ROPA;15000;36000;1.00;34560
52441;lunes; 29 de junio de 2026;10:57 a. m.;cajero 1;Vendedor ;1001;Ventas Mostrador;Nequi;0031-2;PIJAMA 2 PIEZAS BUSO CERRADO;ROPA;22000;40000;1.00;39040
52440;domingo; 28 de junio de 2026;7:54 p. m.;cajero 1;;1001;Ventas Mostrador;Efectivo;71534232090;PATIN DE LANA CARTER;ROPA;14500;29000;1.00;29000
52440;domingo; 28 de junio de 2026;7:54 p. m.;cajero 1;;1001;Ventas Mostrador;Efectivo;1379-2;CONJUNTO FABY 3 PEIZAS;ROPA;16000;31000;1.00;31000
52439;domingo; 28 de junio de 2026;7:19 p. m.;cajero 1;;1001;Ventas Mostrador;Efectivo;1003;PAPEL REGALO PLIEGO Y TARJETA;ACCESORIOS;323;1000;1.00;1000
52438;domingo; 28 de junio de 2026;7:07 p. m.;cajero 1;;1001;Ventas Mostrador;QR Bancolombia;7707199344825;PAÑAL VALENTINA 3GX30;PAÑAL;26400;33000;2.00;62040
52437;domingo; 28 de junio de 2026;6:56 p. m.;cajero 1;;1001;Ventas Mostrador;QR Bancolombia;1010;PAÑALERA DE LADO ECONOMICA;PAÑALERA;39000;75000;1.00;75000
52436;domingo; 28 de junio de 2026;6:37 p. m.;cajero 1;;1001;Ventas Mostrador;Efectivo;288-3;JARDINERA PANA DYK;ACCESORIOS;30000;72000;1.00;72000
52435;domingo; 28 de junio de 2026;6:35 p. m.;cajero 1;;1001;Ventas Mostrador;Efectivo;4174;PAÑAL WINNY ETAPA 5 X UNIDAD;PAÑAL;1273;1800;2.00;3600
52434;domingo; 28 de junio de 2026;6:34 p. m.;cajero 1;;1001;Ventas Mostrador;Efectivo;4174;PAÑAL WINNY ETAPA 5 X UNIDAD;PAÑAL;1273;1800;1.00;1800
52433;domingo; 28 de junio de 2026;5:30 p. m.;cajero 1;;1001;Ventas Mostrador;Efectivo;7707199344832;PAÑAL VALENTINA 4XG X30;PAÑAL;32031;40800;1.00;40800
52432;domingo; 28 de junio de 2026;5:23 p. m.;cajero 1;;1001;Ventas Mostrador;Efectivo;2274-2;PANTALON MAITOS X UNIDAD;ROPA;5700;9900;6.00;59400
52431;domingo; 28 de junio de 2026;5:13 p. m.;cajero 1;;1001;Ventas Mostrador;Efectivo;1003;PAPEL REGALO PLIEGO Y TARJETA;ACCESORIOS;323;1000;3.00;3000
52431;domingo; 28 de junio de 2026;5:13 p. m.;cajero 1;;1001;Ventas Mostrador;Efectivo;7701021116512;PAÑAL WINNY ULTRATRIM SEC 1X50;PAÑAL;37500;41500;1.00;39176
52431;domingo; 28 de junio de 2026;5:13 p. m.;cajero 1;;1001;Ventas Mostrador;Efectivo;7701021145949;PAÑITOS WINNY ALOE X100;ASEO;9529;12500;1.00;12500
52431;domingo; 28 de junio de 2026;5:13 p. m.;cajero 1;;1001;Ventas Mostrador;Efectivo;7750243081689;SHAMPOO BABY SOFT 750 ML TRANSPARENTE;ASEO;21900;31500;1.00;31500
52431;domingo; 28 de junio de 2026;5:13 p. m.;cajero 1;;1001;Ventas Mostrador;Efectivo;1066-1;TOALLON BABY FRIENDS BEBE;ACCESORIOS;22000;41000;1.00;41000
52431;domingo; 28 de junio de 2026;5:13 p. m.;cajero 1;;1001;Ventas Mostrador;Efectivo;2046-1;PRIMERA MUDA FINA CAJA MAITOS;ROPA;33000;66000;1.00;66000
52430;domingo; 28 de junio de 2026;4:55 p. m.;cajero 1;;1001;Ventas Mostrador;QR Bancolombia;7702277943150;ESTUCHE ARRURRU VIAJERO NIÑO;ASEO;24953;32000;1.00;32000
52430;domingo; 28 de junio de 2026;4:55 p. m.;cajero 1;;1001;Ventas Mostrador;QR Bancolombia;1918;BOLSA DE REGALO GRANDE JUMBO DECORADA;PAPELERIA;3300;6000;1.00;6000
52430;domingo; 28 de junio de 2026;4:55 p. m.;cajero 1;;1001;Ventas Mostrador;QR Bancolombia;3064;COBERTOR OVEJERO CON ESTAMPADO;LENCERIA;16000;39000;1.00;39000
52430;domingo; 28 de junio de 2026;4:55 p. m.;cajero 1;;1001;Ventas Mostrador;QR Bancolombia;7702026147631;PAÑITOS PEQUEÑIN ALMENDRA X 100 UND;ASEO;8333;10900;1.00;10900
52429;domingo; 28 de junio de 2026;4:26 p. m.;cajero 1;;1001;Ventas Mostrador;QR Bancolombia;7701021119087;PAÑAL WINNY ULTRATRIM SEC 4X100;PAÑAL;122164;144000;1.00;129600
52428;domingo; 28 de junio de 2026;4:18 p. m.;cajero 1;;1001;Ventas Mostrador;Efectivo;8005;LLAMADIENTES DE AGUA / ANIMALITOS - FRUTA;ACCESORIOS;3000;11000;1.00;11000
52427;domingo; 28 de junio de 2026;4:15 p. m.;cajero 1;;1001;Ventas Mostrador;Efectivo;1003;PAPEL REGALO PLIEGO Y TARJETA;ACCESORIOS;323;1000;1.00;1000
52427;domingo; 28 de junio de 2026;4:15 p. m.;cajero 1;;1001;Ventas Mostrador;Efectivo;1162;PRIMERA MUDA DE BOLSA MAJU BABY;ROPA;22000;38000;1.00;38000
52427;domingo; 28 de junio de 2026;4:15 p. m.;cajero 1;;1001;Ventas Mostrador;Efectivo;3064;COBERTOR OVEJERO CON ESTAMPADO;LENCERIA;16000;39000;1.00;39000
52426;domingo; 28 de junio de 2026;4:11 p. m.;cajero 1;;1001;Ventas Mostrador;Efectivo;1015-1;ZAPATO PILIN - PATILIN T: 18 A 22;ZAPATO;35000;67000;1.00;67000
52425;domingo; 28 de junio de 2026;3:43 p. m.;cajero 1;;1001;Ventas Mostrador;Efectivo;1003;PAPEL REGALO PLIEGO Y TARJETA;ACCESORIOS;323;1000;3.00;3000
52425;domingo; 28 de junio de 2026;3:43 p. m.;cajero 1;;1001;Ventas Mostrador;Efectivo;7701021145949;PAÑITOS WINNY ALOE X100;ASEO;9529;12500;1.00;12500
52425;domingo; 28 de junio de 2026;3:43 p. m.;cajero 1;;1001;Ventas Mostrador;Efectivo;2084;COBIJA VICTORIA;LENCERIA;38000;65000;1.00;65000
52425;domingo; 28 de junio de 2026;3:43 p. m.;cajero 1;;1001;Ventas Mostrador;Efectivo;3211-3;CONJUNTO MELODY CHAQUETA BEISBOLERA NIÑO;ROPA;55000;110000;1.00;110000
52424;domingo; 28 de junio de 2026;3:19 p. m.;cajero 1;;1001;Ventas Mostrador;Efectivo;3211-2;CONJUNTO MELODY NIÑA - PANA;ROPA;57000;100000;1.00;100000
52423;domingo; 28 de junio de 2026;2:32 p. m.;cajero 1;;1001;Ventas Mostrador;Nequi;7701021114006;PAÑAL WINNY ULTRATRIM SEC 4X30;PAÑAL;38178;42600;1.00;40470
52422;domingo; 28 de junio de 2026;2:28 p. m.;cajero 1;;1001;Ventas Mostrador;QR Bancolombia;1003;PAPEL REGALO PLIEGO Y TARJETA;ACCESORIOS;323;1000;3.00;3000
52422;domingo; 28 de junio de 2026;2:28 p. m.;cajero 1;;1001;Ventas Mostrador;QR Bancolombia;15001;COBIJA TAMIRON BEBE;LENCERIA;42000;69000;1.00;69000
52422;domingo; 28 de junio de 2026;2:28 p. m.;cajero 1;;1001;Ventas Mostrador;QR Bancolombia;22731;JARDINERA NISAM TALLA UNICA;ROPA;20000;45000;1.00;45000
52421;domingo; 28 de junio de 2026;1:50 p. m.;cajero 1;;1001;Ventas Mostrador;QR Bancolombia;1003;PAPEL REGALO PLIEGO Y TARJETA;ACCESORIOS;323;1000;2.00;2000
52421;domingo; 28 de junio de 2026;1:50 p. m.;cajero 1;;1001;Ventas Mostrador;QR Bancolombia;7701021118295;PAÑAL WINNY ULTRATRIM SEC 1X16;PAÑAL;11820;15000;1.00;15000
52421;domingo; 28 de junio de 2026;1:50 p. m.;cajero 1;;1001;Ventas Mostrador;QR Bancolombia;15001;COBIJA TAMIRON BEBE;LENCERIA;42333;69000;1.00;69000
52420;domingo; 28 de junio de 2026;1:20 p. m.;cajero 1;;1001;Ventas Mostrador;QR Bancolombia;1980;MEDIAS MICROFIBRA 2-4-6-8-10-12;ROPA;8500;17900;1.00;17900
52420;domingo; 28 de junio de 2026;1:20 p. m.;cajero 1;;1001;Ventas Mostrador;QR Bancolombia;1303-2;BALACA DE TELA NVO DISEÑO;ACCESORIOS;2857;7000;1.00;7000
52419;domingo; 28 de junio de 2026;1:14 p. m.;cajero 1;;1001;Ventas Mostrador;QR Bancolombia;1003;PAPEL REGALO PLIEGO Y TARJETA;ACCESORIOS;323;1000;1.00;1000
52419;domingo; 28 de junio de 2026;1:14 p. m.;cajero 1;;1001;Ventas Mostrador;QR Bancolombia;2088;BABUCHA BEBE;CALZADO;12000;28000;1.00;28000
52419;domingo; 28 de junio de 2026;1:14 p. m.;cajero 1;;1001;Ventas Mostrador;QR Bancolombia;3211-5;CONJUNTO MELODY CHAQUETA LEÑADOR NIÑO;ROPA;60000;110000;1.00;99990
52418;domingo; 28 de junio de 2026;1:07 p. m.;cajero 1;;1001;Ventas Mostrador;Efectivo;1003;PAPEL REGALO PLIEGO Y TARJETA;ACCESORIOS;323;1000;1.00;1000
52417;domingo; 28 de junio de 2026;1:01 p. m.;cajero 1;;1001;Ventas Mostrador;QR Bancolombia;1003;PAPEL REGALO PLIEGO Y TARJETA;ACCESORIOS;323;1000;1.00;1000
52417;domingo; 28 de junio de 2026;1:01 p. m.;cajero 1;;1001;Ventas Mostrador;QR Bancolombia;1363;GABAN NIÑA T: 2 - T: 4;ROPA;35000;70000;1.00;70000
52417;domingo; 28 de junio de 2026;1:01 p. m.;cajero 1;;1001;Ventas Mostrador;QR Bancolombia;1196-2;SUDADERA PAULIS DOBLE PANTALONEST2 A T10;ROPA;32620;66000;2.00;132000
52416;domingo; 28 de junio de 2026;12:58 p. m.;cajero 1;;1001;Ventas Mostrador;QR Bancolombia;1003;PAPEL REGALO PLIEGO Y TARJETA;ACCESORIOS;323;1000;1.00;1000
52416;domingo; 28 de junio de 2026;12:58 p. m.;cajero 1;;1001;Ventas Mostrador;QR Bancolombia;7701021116581;PAÑAL WINNY ULTRATRIM SEC 2X50;PAÑAL;42430;49900;1.00;45908
52416;domingo; 28 de junio de 2026;12:58 p. m.;cajero 1;;1001;Ventas Mostrador;QR Bancolombia;1363;GABAN NIÑA T: 2 - T: 4;ROPA;35000;70000;2.00;140000
52415;domingo; 28 de junio de 2026;12:54 p. m.;cajero 1;;1001;Ventas Mostrador;QR Bancolombia;3064;COBERTOR OVEJERO CON ESTAMPADO;LENCERIA;16000;39000;1.00;39000
52414;domingo; 28 de junio de 2026;12:52 p. m.;cajero 1;;1001;Ventas Mostrador;Efectivo;125;BIBERON CORCHITO CORONA 15 ONZ;ACCESORIOS;12747;24500;1.00;24500
52413;domingo; 28 de junio de 2026;12:17 p. m.;cajero 1;;1001;Ventas Mostrador;QR Bancolombia;1407-1;MOVIL FELPA CONEJOS;ACCESORIOS;42000;62000;1.00;62000
52412;domingo; 28 de junio de 2026;11:59 a. m.;cajero 1;;1001;Ventas Mostrador;Efectivo;1420;MEDIAS ENCAJE MARATHON;ROPA;8500;14500;1.00;14500
52412;domingo; 28 de junio de 2026;11:59 a. m.;cajero 1;;1001;Ventas Mostrador;Efectivo;2080-1;BODY BLANCO X UNIDAD;ROPA;5000;10000;1.00;10000
52411;domingo; 28 de junio de 2026;11:55 a. m.;cajero 1;;1001;Ventas Mostrador;Efectivo;1943-1;BODY SUNNOZY X UNIDAD;ROPA;9600;17000;1.00;17000
52410;domingo; 28 de junio de 2026;11:49 a. m.;cajero 1;;1001;Ventas Mostrador;Efectivo;7702277084198;COLONIA ARRURRU NIÑO NVA PRESENTACION 30 ML;ASEO;6600;8300;1.00;8300
52409;domingo; 28 de junio de 2026;11:47 a. m.;cajero 1;;1001;Ventas Mostrador;Efectivo;7702277630258;COLONIA ARRURRU 400 ML AZUL +SHAMPOO 220 ML;ASEO;41138;49900;1.00;49900
52408;domingo; 28 de junio de 2026;11:23 a. m.;cajero 1;;1001;Ventas Mostrador;Efectivo;1917;BOLSA DE REGALO MEDIANA DECORADA NIÑOS;PAPELERIA;2416;4600;2.00;9200
52407;domingo; 28 de junio de 2026;11:21 a. m.;cajero 1;;1001;Ventas Mostrador;Efectivo;1133-6;MEDIA TOBACO X 3 T 0 A 18 MESES;ROPA;7500;13000;1.00;13000
52406;domingo; 28 de junio de 2026;11:19 a. m.;cajero 1;;1001;Ventas Mostrador;Efectivo;7701021118332;PAÑAL WINNY ULTRATRIM SEC 4X16;PAÑAL;21153;25600;1.00;25600
52406;domingo; 28 de junio de 2026;11:19 a. m.;cajero 1;;1001;Ventas Mostrador;Efectivo;1917;BOLSA DE REGALO MEDIANA DECORADA NIÑOS;PAPELERIA;2416;4600;1.00;4600
52406;domingo; 28 de junio de 2026;11:19 a. m.;cajero 1;;1001;Ventas Mostrador;Efectivo;1162;PRIMERA MUDA DE BOLSA MAJU BABY;ROPA;22000;38000;1.00;38000
52406;domingo; 28 de junio de 2026;11:19 a. m.;cajero 1;;1001;Ventas Mostrador;Efectivo;1196-2;SUDADERA PAULIS DOBLE PANTALONEST2 A T10;ROPA;32620;66000;1.00;66000
52405;sábado; 27 de junio de 2026;7:27 p. m.;cajero 1;;1001;Ventas Mostrador;Efectivo;1295;CREMA VALENTINA ANTIPAÑALITIS X110;ASEO;17500;25000;1.00;25000
52404;sábado; 27 de junio de 2026;6:48 p. m.;cajero 1;;1001;Ventas Mostrador;QR Bancolombia;1943-1;BODY SUNNOZY X UNIDAD;ROPA;9600;17000;2.00;34000
52403;sábado; 27 de junio de 2026;6:47 p. m.;cajero 1;;1001;Ventas Mostrador;QR Bancolombia;1801-2;BLUSA OMBLIGUERA NIÑA;ROPA;17000;32000;1.00;32000
52403;sábado; 27 de junio de 2026;6:47 p. m.;cajero 1;;1001;Ventas Mostrador;QR Bancolombia;1634-1;JEANS BOTA CAMPANA BEBE T:2 Y T4;ROPA;28000;55000;1.00;55000
52402;sábado; 27 de junio de 2026;6:01 p. m.;cajero 1;;1001;Ventas Mostrador;Efectivo;1980;MEDIAS MICROFIBRA 2-4-6-8-10-12;ROPA;8500;17900;1.00;17900
52401;sábado; 27 de junio de 2026;5:54 p. m.;cajero 1;;1001;Ventas Mostrador;QR Bancolombia;7701021117786;PAÑAL WINNY PANTS 4X50;PAÑAL;61716;71300;1.00;65596
52400;sábado; 27 de junio de 2026;5:50 p. m.;cajero 1;;1001;Ventas Mostrador;QR Bancolombia;2118;CONJUNTO CHIKIS CORBATIN TIRANTAS;ROPA;25000;70000;1.00;70000
52400;sábado; 27 de junio de 2026;5:50 p. m.;cajero 1;;1001;Ventas Mostrador;QR Bancolombia;1133-2;PAQUETE MEDIA FASHION X 3 TALLA ESTAMPADA;ROPA;7000;18000;1.00;18000
52400;sábado; 27 de junio de 2026;5:50 p. m.;cajero 1;;1001;Ventas Mostrador;QR Bancolombia;1015-1;ZAPATO PILIN - PATILIN T: 18 A 22;ZAPATO;35000;67000;1.00;67000
52400;sábado; 27 de junio de 2026;5:50 p. m.;cajero 1;;1001;Ventas Mostrador;QR Bancolombia;8107;SONAJERO BABY TOYS;ACCESORIOS;6250;18000;1.00;18000
52399;sábado; 27 de junio de 2026;5:46 p. m.;cajero 1;;1001;Ventas Mostrador;QR Bancolombia;7701021111821;PAÑAL WINNY ULTRATRIM 3X30;PAÑAL;31688;35800;1.00;34010
52399;sábado; 27 de junio de 2026;5:46 p. m.;cajero 1;;1001;Ventas Mostrador;QR Bancolombia;1918;BOLSA DE REGALO GRANDE JUMBO DECORADA;PAPELERIA;3300;6000;2.00;12000
52399;sábado; 27 de junio de 2026;5:46 p. m.;cajero 1;;1001;Ventas Mostrador;QR Bancolombia;3064;COBERTOR OVEJERO CON ESTAMPADO;LENCERIA;16000;39000;1.00;39000
52399;sábado; 27 de junio de 2026;5:46 p. m.;cajero 1;;1001;Ventas Mostrador;QR Bancolombia;1196-2;SUDADERA PAULIS DOBLE PANTALONEST2 A T10;ROPA;32620;66000;1.00;66000
52399;sábado; 27 de junio de 2026;5:46 p. m.;cajero 1;;1001;Ventas Mostrador;QR Bancolombia;6977252935357;VAJILLA ONLY CAJA REF GJTZ;ACCESORIOS;35000;68000;1.00;68000
52398;sábado; 27 de junio de 2026;5:00 p. m.;cajero 1;;1001;Ventas Mostrador;Efectivo;7701021119087;PAÑAL WINNY ULTRATRIM SEC 4X100;PAÑAL;122164;144000;1.00;129600
52398;sábado; 27 de junio de 2026;5:00 p. m.;cajero 1;;1001;Ventas Mostrador;Efectivo;6970817283337;PAÑITOS VALENTINA X 100;ASEO;5999;11600;3.00;34800
52397;sábado; 27 de junio de 2026;4:39 p. m.;cajero 1;;1001;Ventas Mostrador;Efectivo;3211-8;CONJUNTO DYK CHAQUETA CUERO NIÑO;ROPA;57000;105000;1.00;105000
52396;sábado; 27 de junio de 2026;4:36 p. m.;cajero 1;;1001;Ventas Mostrador;Efectivo;1186;BAYETILLA CAMISA ROJA X3;ROPA;8600;14500;1.00;14500
52395;sábado; 27 de junio de 2026;4:35 p. m.;cajero 1;;1001;Ventas Mostrador;Efectivo;1789;BABEROS CARTER`S X3;ROPA;15000;29000;1.00;29000
52395;sábado; 27 de junio de 2026;4:35 p. m.;cajero 1;;1001;Ventas Mostrador;Efectivo;7707233050354;TETERO CORCHITO PREMATURO 2 ONZ;ACCESORIOS;3867;9000;1.00;9000
52394;sábado; 27 de junio de 2026;4:23 p. m.;cajero 1;;1001;Ventas Mostrador;QR Bancolombia;1003;PAPEL REGALO PLIEGO Y TARJETA;ACCESORIOS;323;1000;1.00;1000
52394;sábado; 27 de junio de 2026;4:23 p. m.;cajero 1;;1001;Ventas Mostrador;QR Bancolombia;1121;SONAJERO ANIMALITOS CHILLON;ACCESORIOS;14000;22500;1.00;22500
52394;sábado; 27 de junio de 2026;4:23 p. m.;cajero 1;;1001;Ventas Mostrador;QR Bancolombia;7701021145949;PAÑITOS WINNY ALOE X100;ASEO;9529;12500;1.00;12500
52394;sábado; 27 de junio de 2026;4:23 p. m.;cajero 1;;1001;Ventas Mostrador;QR Bancolombia;1379;CONJUNTO MEIQUITOS BABY;ROPA;15000;30000;1.00;30000
52393;sábado; 27 de junio de 2026;4:17 p. m.;cajero 1;;1001;Ventas Mostrador;Efectivo;7702277563808;ESTUCHE ARRURRU BABY SHOWER NIÑO NVA PRESENTACION;ASEO;42600;67400;1.00;67400
52392;sábado; 27 de junio de 2026;4:12 p. m.;cajero 1;;1001;Ventas Mostrador;Efectivo;1400;PAÑAL ETAPA 2 X UNIDAD;PAÑAL;825;1600;1.00;1600
52391;sábado; 27 de junio de 2026;4:11 p. m.;cajero 1;;1001;Ventas Mostrador;Efectivo;138055651561;COPITOS VALENTINA X300 UN;ASEO;3416;6900;1.00;6900
52391;sábado; 27 de junio de 2026;4:11 p. m.;cajero 1;;1001;Ventas Mostrador;Efectivo;6970817283337;PAÑITOS VALENTINA X 100;ASEO;5999;11600;1.00;11600
52390;sábado; 27 de junio de 2026;4:10 p. m.;cajero 1;;1001;Ventas Mostrador;Efectivo;1133-5;MEDIA TOBACO X UNIDAD T 0 A 18 MESES;ROPA;2500;4500;1.00;4500
52389;sábado; 27 de junio de 2026;4:06 p. m.;cajero 1;;1001;Ventas Mostrador;Efectivo;1726;ZAPATO NO TUERCE;CALZADO;15000;35000;1.00;35000
52389;sábado; 27 de junio de 2026;4:06 p. m.;cajero 1;;1001;Ventas Mostrador;Efectivo;1917;BOLSA DE REGALO MEDIANA DECORADA NIÑOS;PAPELERIA;2416;4600;1.00;4600
52388;sábado; 27 de junio de 2026;3:55 p. m.;cajero 1;;1001;Ventas Mostrador;QR Bancolombia;2080-1;BODY BLANCO X UNIDAD;ROPA;5000;10000;1.00;10000
52387;sábado; 27 de junio de 2026;3:05 p. m.;cajero 1;;1001;Ventas Mostrador;Efectivo;1003;PAPEL REGALO PLIEGO Y TARJETA;ACCESORIOS;323;1000;1.00;1000
52387;sábado; 27 de junio de 2026;3:05 p. m.;cajero 1;;1001;Ventas Mostrador;Efectivo;7701021116536;PAÑAL WINNY ULTRATRIM SEC 2X30;PAÑAL;26800;29700;1.00;29700
52387;sábado; 27 de junio de 2026;3:05 p. m.;cajero 1;;1001;Ventas Mostrador;Efectivo;7702031583363;ESTUCHE JOHNSON BABY PEQUEÑO;ASEO;24805;31000;1.00;31000
52386;sábado; 27 de junio de 2026;2:56 p. m.;cajero 1;;1001;Ventas Mostrador;Efectivo;2152-1;CONJUNTO 3 PIEZAS T:2 A T:8 PAULIS;ROPA;35000;72000;1.00;50400
52385;sábado; 27 de junio de 2026;2:45 p. m.;cajero 1;;1001;Ventas Mostrador;Efectivo;1917;BOLSA DE REGALO MEDIANA DECORADA NIÑOS;PAPELERIA;2416;4600;1.00;4600
52384;sábado; 27 de junio de 2026;2:42 p. m.;cajero 1;;1001;Ventas Mostrador;Efectivo;1752;MEDIAS CARTER 0-12;ROPA;6500;17000;1.00;17000
52383;sábado; 27 de junio de 2026;2:40 p. m.;cajero 1;;1001;Ventas Mostrador;Efectivo;1196-2;SUDADERA PAULIS DOBLE PANTALONEST2 A T10;ROPA;32620;66000;1.00;66000
52383;sábado; 27 de junio de 2026;2:40 p. m.;cajero 1;;1001;Ventas Mostrador;Efectivo;1138-2;SUDADERA SAFARY PAULIS & CO;ROPA;32650;64000;1.00;64000
52382;sábado; 27 de junio de 2026;2:16 p. m.;cajero 1;;1001;Ventas Mostrador;Efectivo;7701021116499;PAÑAL WINNY ULTRATRIM SEC 1X30;PAÑAL;21743;25500;1.00;25500
52381;sábado; 27 de junio de 2026;1:12 p. m.;cajero 1;;1001;Ventas Mostrador;QR Bancolombia;1943-1;BODY SUNNOZY X UNIDAD;ROPA;9600;17000;1.00;17000
52380;sábado; 27 de junio de 2026;1:10 p. m.;cajero 1;;1001;Ventas Mostrador;Efectivo;1196-1;SUDADERA B. CERRADO PAULIS & CO JUNIOR T4 A T10;ROPA;32000;72000;1.00;72000
52380;sábado; 27 de junio de 2026;1:10 p. m.;cajero 1;;1001;Ventas Mostrador;Efectivo;1196-3;SUDADERA PAULIS & CO JUNIOR CREMALLERA T4 A T10;ROPA;36500;75000;1.00;75000
52379;sábado; 27 de junio de 2026;12:45 p. m.;cajero 1;;1001;Ventas Mostrador;Efectivo;1930-8;GORRO HILO RECIEN NACIDO;ROPA;5000;12000;1.00;12000
52378;sábado; 27 de junio de 2026;12:22 p. m.;cajero 1;;1001;Ventas Mostrador;Efectivo;0031-2;PIJAMA 2 PIEZAS BUSO CERRADO;ROPA;22000;40000;1.00;40000
363;sábado; 27 de junio de 2026;12:20 p. m.;cajero 1;;1001;Ventas Mostrador;Efectivo;0031-1;PIJAMA PIEL DURAZNO BOTON 2 PIEZAS;ROPA;15000;36000;-1.00;-36000
52377;sábado; 27 de junio de 2026;11:46 a. m.;cajero 1;;1001;Ventas Mostrador;Tarjeta Débito;1695;VESTIDO VELO ESTRELLAS;ROPA;35000;70000;1.00;70000
52377;sábado; 27 de junio de 2026;11:46 a. m.;cajero 1;;1001;Ventas Mostrador;Tarjeta Débito;4298-2;ESTUCHE DE ASEO PARVULITOS;ASEO;19300;30000;1.00;30000
52376;sábado; 27 de junio de 2026;11:01 a. m.;cajero 1;;1001;Ventas Mostrador;QR Bancolombia;1056;ESQUELETO POR UNIDAD DISEÑO T2;ROPA;3666;6000;1.00;6000
52376;sábado; 27 de junio de 2026;11:01 a. m.;cajero 1;;1001;Ventas Mostrador;QR Bancolombia;1379;CONJUNTO MEIQUITOS BABY;ROPA;16000;30000;1.00;30000
52375;sábado; 27 de junio de 2026;10:52 a. m.;cajero 1;;1001;Ventas Mostrador;Daviplata;1918;BOLSA DE REGALO GRANDE JUMBO DECORADA;PAPELERIA;3300;6000;1.00;6000
52374;sábado; 27 de junio de 2026;10:49 a. m.;cajero 1;;1001;Ventas Mostrador;Tarjeta Débito;1759;MEDIAS VICTORIA X 3;ROPA;5000;17000;1.00;17000
52374;sábado; 27 de junio de 2026;10:49 a. m.;cajero 1;;1001;Ventas Mostrador;Tarjeta Débito;2088;BABUCHA BEBE;CALZADO;12000;28000;1.00;28000
52373;sábado; 27 de junio de 2026;10:26 a. m.;cajero 1;;1001;Ventas Mostrador;Tarjeta Débito;2002;SEMANARIO 21 PIEZAS;ROPA;34000;53000;1.00;53000
52373;sábado; 27 de junio de 2026;10:26 a. m.;cajero 1;;1001;Ventas Mostrador;Tarjeta Débito;1918;BOLSA DE REGALO GRANDE JUMBO DECORADA;PAPELERIA;3300;6000;1.00;6000
52373;sábado; 27 de junio de 2026;10:26 a. m.;cajero 1;;1001;Ventas Mostrador;Tarjeta Débito;7702026147631;PAÑITOS PEQUEÑIN ALMENDRA X 100 UND;ASEO;8333;10900;1.00;10900
52372;viernes; 26 de junio de 2026;8:31 p. m.;cajero 1;Vendedor ;1001;Ventas Mostrador;QR Bancolombia;1917;BOLSA DE REGALO MEDIANA DECORADA NIÑOS;PAPELERIA;2416;4600;1.00;4600
52372;viernes; 26 de junio de 2026;8:31 p. m.;cajero 1;Vendedor ;1001;Ventas Mostrador;QR Bancolombia;1196-2;SUDADERA PAULIS DOBLE PANTALONEST2 A T10;ROPA;32620;66000;1.00;66000
52371;viernes; 26 de junio de 2026;8:24 p. m.;cajero 1;Vendedor ;1001;Ventas Mostrador;Efectivo;263;CONJUNTO 3 PIEZAS OSO;ROPA;30000;72000;1.00;72000
52370;viernes; 26 de junio de 2026;8:15 p. m.;cajero 1;Vendedor ;1001;Ventas Mostrador;Efectivo;1003;PAPEL REGALO PLIEGO Y TARJETA;ACCESORIOS;323;1000;6.00;6000
52370;viernes; 26 de junio de 2026;8:15 p. m.;cajero 1;Vendedor ;1001;Ventas Mostrador;Efectivo;7701021144829;PAÑAL WINNY ULTRATRIM SENSITIVE 0X30;PAÑAL;19512;23500;1.00;23500
362;viernes; 26 de junio de 2026;7:39 p. m.;cajero 1;Vendedor ;1001;Ventas Mostrador;Efectivo;221-1;CONJUNTO CHALECO PANA KINTY;ROPA;25000;62000;-1.00;-62000
52368;viernes; 26 de junio de 2026;7:30 p. m.;cajero 1;Vendedor ;1001;Ventas Mostrador;QR Bancolombia;1559-3;TENNIS NEW BALANCE NIÑA;ZAPATO;42000;65000;1.00;65000
52367;viernes; 26 de junio de 2026;7:11 p. m.;cajero 1;Vendedor ;1001;Ventas Mostrador;Efectivo;1600;PAÑAL ADULTO L X UNIDAD;PAÑAL;2909;3900;4.00;15600
52367;viernes; 26 de junio de 2026;7:11 p. m.;cajero 1;Vendedor ;1001;Ventas Mostrador;Efectivo;4174;PAÑAL WINNY ETAPA 5 X UNIDAD;PAÑAL;1273;1800;5.00;9000
52366;viernes; 26 de junio de 2026;7:00 p. m.;cajero 1;Vendedor ;1001;Ventas Mostrador;Efectivo;1196-2;SUDADERA PAULIS DOBLE PANTALONEST2 A T10;ROPA;32620;66000;1.00;66000
52365;viernes; 26 de junio de 2026;6:49 p. m.;cajero 1;Vendedor ;1001;Ventas Mostrador;Efectivo;7701021114006;PAÑAL WINNY ULTRATRIM SEC 4X30;PAÑAL;38178;42600;1.00;40470
52364;viernes; 26 de junio de 2026;6:37 p. m.;cajero 1;Vendedor ;1001;Ventas Mostrador;QR Bancolombia;1187;CARGADOR ESPUMA GRANDE;ACCESORIOS;24000;45000;1.00;45000
52363;viernes; 26 de junio de 2026;6:33 p. m.;cajero 1;Vendedor ;1001;Ventas Mostrador;Efectivo;1782;FORRO PASEADOR CALIBRE 4;ACCESORIOS;9000;14500;1.00;14500
52362;viernes; 26 de junio de 2026;6:20 p. m.;cajero 1;Vendedor ;1001;Ventas Mostrador;QR Bancolombia;7891010037185;CREMA ORIGINAL JOHNSON X200ML;ASEO;17620;22100;1.00;22100
52362;viernes; 26 de junio de 2026;6:20 p. m.;cajero 1;Vendedor ;1001;Ventas Mostrador;QR Bancolombia;7702277677239;COLONIA ARRURRU 60 ML ROSADA;ASEO;11500;15700;1.00;15700
52362;viernes; 26 de junio de 2026;6:20 p. m.;cajero 1;Vendedor ;1001;Ventas Mostrador;QR Bancolombia;1329;JEAN - PANTALON DRILL BEBE T:2 A T:;ROPA;24833;55000;1.00;55000
52361;viernes; 26 de junio de 2026;6:09 p. m.;cajero 1;Vendedor ;1001;Ventas Mostrador;QR Bancolombia;1799;RODILLERA CARTER;ACCESORIOS;4500;12000;1.00;12000
52360;viernes; 26 de junio de 2026;6:08 p. m.;cajero 1;Vendedor ;1001;Ventas Mostrador;Efectivo;22731;JARDINERA NISAM TALLA UNICA;ROPA;20000;45000;1.00;45000
52359;viernes; 26 de junio de 2026;5:57 p. m.;cajero 1;Vendedor ;1001;Ventas Mostrador;Efectivo;PTQ1167;CHUPO REPUESTO ONLY KTT-030;ACCESORIOS;1800;6500;1.00;6500
52358;viernes; 26 de junio de 2026;5:56 p. m.;cajero 1;Vendedor ;1001;Ventas Mostrador;QR Bancolombia;1174;BUSO CUELLO REDONDO COLORES;ROPA;9000;16000;1.00;16000
52358;viernes; 26 de junio de 2026;5:56 p. m.;cajero 1;Vendedor ;1001;Ventas Mostrador;QR Bancolombia;1768;MEDIAS ESPAÑOLA MOÑO ANAVID;ROPA;8500;13500;1.00;13500
52357;viernes; 26 de junio de 2026;4:18 p. m.;cajero 1;Vendedor ;1001;Ventas Mostrador;Efectivo;1003;PAPEL REGALO PLIEGO Y TARJETA;ACCESORIOS;323;1000;2.00;2000
52357;viernes; 26 de junio de 2026;4:18 p. m.;cajero 1;Vendedor ;1001;Ventas Mostrador;Efectivo;1196-1;SUDADERA B. CERRADO PAULIS & CO JUNIOR T4 A T10;ROPA;32000;72000;1.00;72000
52357;viernes; 26 de junio de 2026;4:18 p. m.;cajero 1;Vendedor ;1001;Ventas Mostrador;Efectivo;1196-4;SUDADERA PAULIS & CO JUNIOR DOBLE PANTALON T4 A T10;ROPA;49000;85000;1.00;85000
52356;viernes; 26 de junio de 2026;3:54 p. m.;cajero 1;Vendedor ;1001;Ventas Mostrador;Nequi;1003;PAPEL REGALO PLIEGO Y TARJETA;ACCESORIOS;340;1000;1.00;1000
52356;viernes; 26 de junio de 2026;3:54 p. m.;cajero 1;Vendedor ;1001;Ventas Mostrador;Nequi;2073;KIT ESTUCHE MEDIAS+BALACA;ROPA;17333;34000;1.00;34000
52355;viernes; 26 de junio de 2026;3:17 p. m.;cajero 1;Vendedor ;1001;Ventas Mostrador;Tarjeta Débito;7702031291565;SHAMPOO JOHNSON X200 ORIGINAL;ASEO;17120;21400;1.00;21400
52355;viernes; 26 de junio de 2026;3:17 p. m.;cajero 1;Vendedor ;1001;Ventas Mostrador;Tarjeta Débito;7702031878452;CREMA DE PEINAR EXTRA HUMECTANTE X 200 ML;ASEO;17120;21400;1.00;21400
52354;viernes; 26 de junio de 2026;3:02 p. m.;cajero 1;Vendedor ;1001;Ventas Mostrador;Efectivo;3064;COBERTOR OVEJERO CON ESTAMPADO;LENCERIA;16000;39000;1.00;39000
52353;viernes; 26 de junio de 2026;2:46 p. m.;cajero 1;Vendedor ;1001;Ventas Mostrador;QR Bancolombia;1420;MEDIAS ENCAJE MARATHON;ROPA;8500;14500;1.00;14500
52353;viernes; 26 de junio de 2026;2:46 p. m.;cajero 1;Vendedor ;1001;Ventas Mostrador;QR Bancolombia;1752;MEDIAS CARTER 0-12;ROPA;7000;17000;1.00;17000
52353;viernes; 26 de junio de 2026;2:46 p. m.;cajero 1;Vendedor ;1001;Ventas Mostrador;QR Bancolombia;7702277375838;ESTUCHE ARRURRU VIAJERO ROSADO NVA PRESENTACION;ASEO;23800;32200;1.00;32200
52352;viernes; 26 de junio de 2026;2:04 p. m.;cajero 1;Vendedor ;1001;Ventas Mostrador;Tarjeta Débito;2117-1;MEDIAS RECIEN NACIDO X UNIDAD;ROPA;875;2500;1.00;2500
52352;viernes; 26 de junio de 2026;2:04 p. m.;cajero 1;Vendedor ;1001;Ventas Mostrador;Tarjeta Débito;1930-8;GORRO HILO RECIEN NACIDO;ROPA;5000;12000;1.00;12000
52351;viernes; 26 de junio de 2026;1:52 p. m.;cajero 1;Vendedor ;1001;Ventas Mostrador;QR Bancolombia;1998;TORERO DE HILO;ROPA;20000;40000;1.00;40000
52350;viernes; 26 de junio de 2026;1:44 p. m.;cajero 1;Vendedor ;1001;Ventas Mostrador;Efectivo;7702277195023;COLONIA ARRURRU 120 ML ROSADA + JABON;ASEO;20600;25800;1.00;25800
52349;viernes; 26 de junio de 2026;1:18 p. m.;cajero 1;Vendedor ;1001;Ventas Mostrador;Efectivo;7707199344832;PAÑAL VALENTINA 4XG X30;PAÑAL;31588;40800;2.00;81600
52348;viernes; 26 de junio de 2026;12:08 p. m.;cajero 1;Vendedor ;1001;Ventas Mostrador;QR Bancolombia;4863;GORRA Y PAVA PANA DECORADA OSO;ACCESORIOS;12000;26500;1.00;26500
52347;viernes; 26 de junio de 2026;11:35 a. m.;cajero 1;Vendedor ;1001;Ventas Mostrador;Nequi;7702277943150;ESTUCHE ARRURRU VIAJERO NIÑO;ASEO;24953;32000;1.00;32000
52347;viernes; 26 de junio de 2026;11:35 a. m.;cajero 1;Vendedor ;1001;Ventas Mostrador;Nequi;1133-5;MEDIA TOBACO X UNIDAD T 0 A 18 MESES;ROPA;2500;4500;1.00;4500
52347;viernes; 26 de junio de 2026;11:35 a. m.;cajero 1;Vendedor ;1001;Ventas Mostrador;Nequi;0031-1;PIJAMA PIEL DURAZNO BOTON 2 PIEZAS;ROPA;15000;36000;1.00;36000
52346;viernes; 26 de junio de 2026;11:09 a. m.;cajero 1;Vendedor ;1001;Ventas Mostrador;Efectivo;1737;PAÑAL PISCINA VALENTINA X UND T M - L;ASEO;1982;3400;1.00;3400
52345;jueves; 25 de junio de 2026;8:16 p. m.;cajero 1;Vendedor ;1001;Ventas Mostrador;QR Bancolombia;1303-2;BALACA DE TELA NVO DISEÑO;ACCESORIOS;2857;7000;1.00;7000
52344;jueves; 25 de junio de 2026;8:04 p. m.;cajero 1;Vendedor ;1001;Ventas Mostrador;Efectivo;7707233051009;PAÑITOS HUMEDOS CORCHITO X 120 UND;ASEO;7144;12000;1.00;12000
52343;jueves; 25 de junio de 2026;7:09 p. m.;cajero 1;Vendedor ;1001;Ventas Mostrador;Efectivo;1629;LEGIS MATERNO ALGODON S-M;MATERNA;18000;38000;1.00;38000
52343;jueves; 25 de junio de 2026;7:09 p. m.;cajero 1;Vendedor ;1001;Ventas Mostrador;Efectivo;1771;BUSO MATERNO TALLA U;MATERNA;30000;64000;1.00;64000
52342;jueves; 25 de junio de 2026;6:48 p. m.;cajero 1;Vendedor ;1001;Ventas Mostrador;Efectivo;1980;MEDIAS MICROFIBRA 2-4-6-8-10-12;ROPA;8500;17900;1.00;17900
52341;jueves; 25 de junio de 2026;6:37 p. m.;cajero 1;Vendedor ;1001;Ventas Mostrador;QR Bancolombia;1111;TRIO KIT MATERNO PIJAMA+PANTUFLAS;ROPA;31000;55000;1.00;55000
52340;jueves; 25 de junio de 2026;6:28 p. m.;cajero 1;Vendedor ;1001;Ventas Mostrador;Nequi;7701021116536;PAÑAL WINNY ULTRATRIM SEC 2X30;PAÑAL;26800;29700;1.00;29700
52340;jueves; 25 de junio de 2026;6:28 p. m.;cajero 1;Vendedor ;1001;Ventas Mostrador;Nequi;1943-1;BODY SUNNOZY X UNIDAD;ROPA;9600;17000;3.00;51000
52339;jueves; 25 de junio de 2026;6:07 p. m.;cajero 1;Vendedor ;1001;Ventas Mostrador;Efectivo;1003;PAPEL REGALO PLIEGO Y TARJETA;ACCESORIOS;340;1000;1.00;1000
52338;jueves; 25 de junio de 2026;6:05 p. m.;cajero 1;Vendedor ;1001;Ventas Mostrador;Efectivo;7702031291565;SHAMPOO JOHNSON X200 ORIGINAL;ASEO;17120;21400;1.00;21400
52338;jueves; 25 de junio de 2026;6:05 p. m.;cajero 1;Vendedor ;1001;Ventas Mostrador;Efectivo;7701021116499;PAÑAL WINNY ULTRATRIM SEC 1X30;PAÑAL;21743;25500;1.00;25500
52337;jueves; 25 de junio de 2026;5:50 p. m.;cajero 1;Vendedor ;1001;Ventas Mostrador;Efectivo;1420;MEDIAS ENCAJE MARATHON;ROPA;8500;14500;1.00;14500
52336;jueves; 25 de junio de 2026;5:40 p. m.;cajero 1;Vendedor ;1001;Ventas Mostrador;Efectivo;1584;COCHE + PAÑALERA JM;COCHES;180000;271000;1.00;271000
52336;jueves; 25 de junio de 2026;5:40 p. m.;cajero 1;Vendedor ;1001;Ventas Mostrador;Efectivo;1791;FORRO MEDIANO CALIBRE 4;ACCESORIOS;10000;17500;1.00;998
52335;jueves; 25 de junio de 2026;5:29 p. m.;cajero 1;Vendedor ;1001;Ventas Mostrador;Efectivo;7701021116499;PAÑAL WINNY ULTRATRIM SEC 1X30;PAÑAL;21743;25500;1.00;25500
52335;jueves; 25 de junio de 2026;5:29 p. m.;cajero 1;Vendedor ;1001;Ventas Mostrador;Efectivo;1752;MEDIAS CARTER 0-12;ROPA;7000;17000;1.00;17000
52335;jueves; 25 de junio de 2026;5:29 p. m.;cajero 1;Vendedor ;1001;Ventas Mostrador;Efectivo;5031;CONJUNTO MAKKI NIÑO;ROPA;35000;73000;1.00;73000
52334;jueves; 25 de junio de 2026;5:22 p. m.;cajero 1;Vendedor ;1001;Ventas Mostrador;Efectivo;7702277827818;SHAMPOO ARRURRU MANZANILLA 750 ML NVA PRESENTACION;ASEO;26500;42500;1.00;42500
52333;jueves; 25 de junio de 2026;4:27 p. m.;cajero 1;Vendedor ;1001;Ventas Mostrador;Daviplata;1003;PAPEL REGALO PLIEGO Y TARJETA;ACCESORIOS;340;1000;3.00;3000
52333;jueves; 25 de junio de 2026;4:27 p. m.;cajero 1;Vendedor ;1001;Ventas Mostrador;Daviplata;0031-1;PIJAMA PIEL DURAZNO BOTON 2 PIEZAS;ROPA;15000;36000;1.00;36000
52332;jueves; 25 de junio de 2026;4:20 p. m.;cajero 1;Vendedor ;1001;Ventas Mostrador;Efectivo;2157;CONJUNTO DE JEANS CON BUSO CERRADO;ROPA;35500;70000;1.00;70000
52331;jueves; 25 de junio de 2026;3:01 p. m.;cajero 1;Vendedor ;1001;Ventas Mostrador;Nequi;1057;PRIMERA MUDA PREMATURO;ROPA;18000;36000;1.00;36000
52331;jueves; 25 de junio de 2026;3:01 p. m.;cajero 1;Vendedor ;1001;Ventas Mostrador;Nequi;2117-1;MEDIAS RECIEN NACIDO X UNIDAD;ROPA;875;2500;2.00;5000
52331;jueves; 25 de junio de 2026;3:01 p. m.;cajero 1;Vendedor ;1001;Ventas Mostrador;Nequi;7708379271016;BOLSAS RECOLECTORAS MOBY;ACCESORIOS;13756;32000;1.00;32000
52330;jueves; 25 de junio de 2026;12:42 p. m.;cajero 1;Vendedor ;1001;Ventas Mostrador;Nequi;2453-1;MICA ECONOMICA COLORES;ACCESORIOS;20000;30000;1.00;30000
52329;jueves; 25 de junio de 2026;12:36 p. m.;cajero 1;Vendedor ;1001;Ventas Mostrador;Efectivo;1162;PRIMERA MUDA DE BOLSA MAJU BABY;ROPA;22000;38000;1.00;38000
52328;jueves; 25 de junio de 2026;11:03 a. m.;cajero 1;Vendedor ;1001;Ventas Mostrador;Efectivo;7701021116123;PAÑAL WINNY ULTRATRIM SEC 3X100;PAÑAL;98232;117000;1.00;105300
52327;miércoles; 24 de junio de 2026;8:07 p. m.;cajero 1;Vendedor ;1001;Ventas Mostrador;QR Bancolombia;7701021119087;PAÑAL WINNY ULTRATRIM SEC 4X100;PAÑAL;122164;144000;1.00;129600
52326;miércoles; 24 de junio de 2026;7:16 p. m.;cajero 1;Vendedor ;1001;Ventas Mostrador;Efectivo;1768;MEDIAS ESPAÑOLA MOÑO ANAVID;ROPA;8500;13500;2.00;27000
52326;miércoles; 24 de junio de 2026;7:16 p. m.;cajero 1;Vendedor ;1001;Ventas Mostrador;Efectivo;1726-1;BALETA PARA NIÑA - VALETA;VALETA - BALETA;25424;45000;2.00;90000
52325;miércoles; 24 de junio de 2026;6:59 p. m.;cajero 1;Vendedor ;1001;Ventas Mostrador;Nequi;4175;PAÑAL ETAPA 3 X UNIDAD;PAÑAL;773;1600;3.00;4800
52324;miércoles; 24 de junio de 2026;6:15 p. m.;cajero 1;Vendedor ;1001;Ventas Mostrador;Daviplata;1162;PRIMERA MUDA DE BOLSA MAJU BABY;ROPA;22000;38000;1.00;38000
52323;miércoles; 24 de junio de 2026;5:42 p. m.;cajero 1;Vendedor ;1001;Ventas Mostrador;Tarjeta Débito;1003;PAPEL REGALO PLIEGO Y TARJETA;ACCESORIOS;340;1000;1.00;1000
52323;miércoles; 24 de junio de 2026;5:42 p. m.;cajero 1;Vendedor ;1001;Ventas Mostrador;Tarjeta Débito;7701021118295;PAÑAL WINNY ULTRATRIM SEC 1X16;PAÑAL;11820;15000;1.00;15000
52323;miércoles; 24 de junio de 2026;5:42 p. m.;cajero 1;Vendedor ;1001;Ventas Mostrador;Tarjeta Débito;1776;PRIMERA MUDA ALMOHADAS;ROPA;26000;48000;1.00;48000
52322;miércoles; 24 de junio de 2026;5:38 p. m.;cajero 1;Vendedor ;1001;Ventas Mostrador;Tarjeta Débito;7701021116499;PAÑAL WINNY ULTRATRIM SEC 1X30;PAÑAL;21743;25500;1.00;25500
52321;miércoles; 24 de junio de 2026;5:36 p. m.;cajero 1;Vendedor ;1001;Ventas Mostrador;Efectivo;1737;PAÑAL PISCINA VALENTINA X UND T M - L;ASEO;1982;3400;2.00;6800
52321;miércoles; 24 de junio de 2026;5:36 p. m.;cajero 1;Vendedor ;1001;Ventas Mostrador;Efectivo;5817;BABERO PLASTICO RECOLECTOR;ACCESORIOS;3614;16000;1.00;16000
52321;miércoles; 24 de junio de 2026;5:36 p. m.;cajero 1;Vendedor ;1001;Ventas Mostrador;Efectivo;AK5210;ESTUCHE CUCHARA SILICONA X 2;ASEO;6500;13800;1.00;13800
52320;miércoles; 24 de junio de 2026;5:31 p. m.;cajero 1;Vendedor ;1001;Ventas Mostrador;Efectivo;7701021117786;PAÑAL WINNY PANTS 4X50;PAÑAL;61716;71300;1.00;65596
52319;miércoles; 24 de junio de 2026;5:11 p. m.;cajero 1;Vendedor ;1001;Ventas Mostrador;QR Bancolombia;1630;LEGIS MATERNO ALGODON L-XL;MATERNA;20000;45000;1.00;45000
52319;miércoles; 24 de junio de 2026;5:11 p. m.;cajero 1;Vendedor ;1001;Ventas Mostrador;QR Bancolombia;1265;BLUSA MATERNA SURTIDA;MATERNA;19000;38000;1.00;38000
52318;miércoles; 24 de junio de 2026;4:53 p. m.;cajero 1;Vendedor ;1001;Ventas Mostrador;Tarjeta Débito;1196-2;SUDADERA PAULIS DOBLE PANTALONEST2 A T10;ROPA;32620;66000;1.00;66000
52317;miércoles; 24 de junio de 2026;4:51 p. m.;cajero 1;Vendedor ;1001;Ventas Mostrador;Tarjeta crédito;7701021116031;PAÑAL WINNY SEC 5X50;PAÑAL;67753;78000;1.00;78000
52317;miércoles; 24 de junio de 2026;4:51 p. m.;cajero 1;Vendedor ;1001;Ventas Mostrador;Tarjeta crédito;1726;ZAPATO NO TUERCE;CALZADO;15000;35000;1.00;35000
52316;miércoles; 24 de junio de 2026;4:40 p. m.;cajero 1;Vendedor ;1001;Ventas Mostrador;Tarjeta Débito;3211-7;CONJUNTO BEISBOLERO CUERO DYK;ROPA;55000;105000;1.00;105000
52315;miércoles; 24 de junio de 2026;4:16 p. m.;cajero 1;Vendedor ;1001;Ventas Mostrador;Efectivo;8005;LLAMADIENTES DE AGUA / ANIMALITOS - FRUTA;ACCESORIOS;3966;11000;1.00;11000
52314;miércoles; 24 de junio de 2026;4:14 p. m.;cajero 1;Vendedor ;1001;Ventas Mostrador;Efectivo;2024-99;VAJILLA SILICONADA;ACCESORIOS;15000;26500;1.00;26500
52313;miércoles; 24 de junio de 2026;4:11 p. m.;cajero 1;Vendedor ;1001;Ventas Mostrador;Efectivo;1121;SONAJERO ANIMALITOS CHILLON;ACCESORIOS;14000;22500;1.00;22500
52313;miércoles; 24 de junio de 2026;4:11 p. m.;cajero 1;Vendedor ;1001;Ventas Mostrador;Efectivo;1943-1;BODY SUNNOZY X UNIDAD;ROPA;9600;17000;1.00;17000
52312;miércoles; 24 de junio de 2026;3:51 p. m.;cajero 1;Vendedor ;1001;OLIVER CLIENTE;Daviplata;7707199344825;PAÑAL VALENTINA 3GX30;PAÑAL;26400;31350;1.00;30410
52312;miércoles; 24 de junio de 2026;3:51 p. m.;cajero 1;Vendedor ;1001;OLIVER CLIENTE;Daviplata;7707199344832;PAÑAL VALENTINA 4XG X30;PAÑAL;31588;38760;1.00;37597
52312;miércoles; 24 de junio de 2026;3:51 p. m.;cajero 1;Vendedor ;1001;OLIVER CLIENTE;Daviplata;7707199348427;PAÑAL VALENTINA 5XXG X30;PAÑAL;35466;40755;1.00;39532
52311;miércoles; 24 de junio de 2026;3:36 p. m.;cajero 1;Vendedor ;1001;Ventas Mostrador;Daviplata;2080-1;BODY BLANCO X UNIDAD;ROPA;5000;10000;1.00;10000
52310;miércoles; 24 de junio de 2026;2:58 p. m.;cajero 1;Vendedor ;1001;Ventas Mostrador;Efectivo;1379;CONJUNTO MEIQUITOS BABY;ROPA;16000;30000;1.00;30000
52309;miércoles; 24 de junio de 2026;2:16 p. m.;cajero 1;Vendedor ;1001;Ventas Mostrador;Efectivo;2025;MEDIA PATIN;ROPA;2500;6500;1.00;6500
52308;miércoles; 24 de junio de 2026;1:54 p. m.;cajero 1;Vendedor ;1001;Ventas Mostrador;Efectivo;1718;ZAPATO TELA BEBE;CALZADO;10000;22000;1.00;22000
52307;miércoles; 24 de junio de 2026;12:57 p. m.;cajero 1;Vendedor ;1001;Ventas Mostrador;Efectivo;1917;BOLSA DE REGALO MEDIANA DECORADA NIÑOS;PAPELERIA;2416;4600;1.00;4600
52306;miércoles; 24 de junio de 2026;12:02 p. m.;cajero 1;Vendedor ;1001;Ventas Mostrador;QR Bancolombia;2146;PAÑAL DE TELA CON DISEÑO X UNIDAD;PAÑAL;1833;6100;2.00;12200
52305;martes; 23 de junio de 2026;8:11 p. m.;cajero 1;Vendedor ;1001;Ventas Mostrador;Efectivo;1003;PAPEL REGALO PLIEGO Y TARJETA;ACCESORIOS;340;1000;2.00;2000
52305;martes; 23 de junio de 2026;8:11 p. m.;cajero 1;Vendedor ;1001;Ventas Mostrador;Efectivo;3064;COBERTOR OVEJERO CON ESTAMPADO;LENCERIA;16000;39000;1.00;39000
52304;martes; 23 de junio de 2026;7:53 p. m.;cajero 1;Vendedor ;1001;Ventas Mostrador;Efectivo;1196-2;SUDADERA PAULIS DOBLE PANTALONEST2 A T10;ROPA;32620;66000;1.00;66000
52303;martes; 23 de junio de 2026;7:40 p. m.;cajero 1;Vendedor ;1001;Ventas Mostrador;Efectivo;7701021118295;PAÑAL WINNY ULTRATRIM SEC 1X16;PAÑAL;11820;15000;1.00;15000
52302;martes; 23 de junio de 2026;6:21 p. m.;cajero 1;Vendedor ;1001;Ventas Mostrador;Efectivo;1624-1;CHAQUETA TOMMY T:2 A LA 8;ROPA;33000;68000;1.00;68000
52301;martes; 23 de junio de 2026;6:06 p. m.;cajero 1;Vendedor ;1001;Ventas Mostrador;Efectivo;2203;ESQUELETO POR UNIDAD DISEÑO TALLA 4;ROPA;3666;6000;2.00;12000
52300;martes; 23 de junio de 2026;4:05 p. m.;cajero 1;Vendedor ;1001;Ventas Mostrador;Efectivo;1420;MEDIAS ENCAJE MARATHON;ROPA;8500;14500;1.00;14500
52300;martes; 23 de junio de 2026;4:05 p. m.;cajero 1;Vendedor ;1001;Ventas Mostrador;Efectivo;1726;ZAPATO NO TUERCE;CALZADO;15000;35000;1.00;35000
52299;martes; 23 de junio de 2026;3:32 p. m.;cajero 1;Vendedor ;1001;Ventas Mostrador;Efectivo;PTQ1167;CHUPO REPUESTO ONLY KTT-030;ACCESORIOS;1800;6500;1.00;6500
52298;martes; 23 de junio de 2026;2:27 p. m.;cajero 1;Vendedor ;1001;Ventas Mostrador;Efectivo;15001;COBIJA TAMIRON BEBE;LENCERIA;42333;69000;1.00;69000
52298;martes; 23 de junio de 2026;2:27 p. m.;cajero 1;Vendedor ;1001;Ventas Mostrador;Efectivo;1379;CONJUNTO MEIQUITOS BABY;ROPA;16000;30000;1.00;30000
52297;martes; 23 de junio de 2026;2:15 p. m.;cajero 1;Vendedor ;1001;Ventas Mostrador;Efectivo;1600;PAÑAL ADULTO L X UNIDAD;PAÑAL;2909;3900;1.00;3900
52296;martes; 23 de junio de 2026;1:02 p. m.;cajero 1;Vendedor ;1001;Ventas Mostrador;Tarjeta Débito;1768;MEDIAS ESPAÑOLA MOÑO ANAVID;ROPA;8500;13500;1.00;13500
52296;martes; 23 de junio de 2026;1:02 p. m.;cajero 1;Vendedor ;1001;Ventas Mostrador;Tarjeta Débito;1303-2;BALACA DE TELA NVO DISEÑO;ACCESORIOS;2857;7000;1.00;7000
52295;martes; 23 de junio de 2026;12:43 p. m.;cajero 1;Vendedor ;1001;Ventas Mostrador;Efectivo;1726;ZAPATO NO TUERCE;CALZADO;15000;35000;1.00;35000
52294;martes; 23 de junio de 2026;11:27 a. m.;cajero 1;Vendedor ;1001;Ventas Mostrador;Efectivo;PTQ1167;CHUPO REPUESTO ONLY KTT-030;ACCESORIOS;2500;6500;1.00;6500
52293;martes; 23 de junio de 2026;10:45 a. m.;cajero 1;Vendedor ;1001;Ventas Mostrador;QR Bancolombia;1726;ZAPATO NO TUERCE;CALZADO;15000;35000;1.00;35000
52292;martes; 23 de junio de 2026;10:39 a. m.;cajero 1;Vendedor ;1001;Ventas Mostrador;Efectivo;1331;PANTALONETA NIñA/NIñO ADIBAN;ROPA;13000;25000;1.00;25000
52291;lunes; 22 de junio de 2026;7:28 p. m.;Maria Barbosa Neuque;Vendedor ;1001;Ventas Mostrador;Efectivo;7702277299165;COLONIA ARRURRU 120 ML ROSADA NVA PREST + JABON;ASEO;20575;25800;1.00;25800
52291;lunes; 22 de junio de 2026;7:28 p. m.;Maria Barbosa Neuque;Vendedor ;1001;Ventas Mostrador;Efectivo;7702277736318;SHAMPOO ARRURRU MANZANILLA X120 NVA PRESENTACION;ASEO;9853;12400;1.00;12400
52290;lunes; 22 de junio de 2026;7:02 p. m.;Maria Barbosa Neuque;Vendedor ;1001;Ventas Mostrador;Efectivo;5817;BABERO PLASTICO RECOLECTOR;ACCESORIOS;3614;16000;1.00;16000
52289;lunes; 22 de junio de 2026;7:00 p. m.;Maria Barbosa Neuque;Vendedor ;1001;Ventas Mostrador;Efectivo;2089;CUCHARA SILICONA CURVA;ACCESORIOS;4000;8000;1.00;8000
52288;lunes; 22 de junio de 2026;4:56 p. m.;Maria Barbosa Neuque;Vendedor ;1001;Ventas Mostrador;Efectivo;PTQ1167;CHUPO REPUESTO ONLY KTT-030;ACCESORIOS;2500;6500;1.00;6500
52287;lunes; 22 de junio de 2026;4:47 p. m.;Maria Barbosa Neuque;Vendedor ;1001;Ventas Mostrador;Efectivo;2027;GORRO PASAMONTAÑAS;ROPA;7000;12500;1.00;12500
52286;lunes; 22 de junio de 2026;4:01 p. m.;Maria Barbosa Neuque;Vendedor ;1001;Ventas Mostrador;Nequi;1003;PAPEL REGALO PLIEGO Y TARJETA;ACCESORIOS;340;1000;1.00;1000
52286;lunes; 22 de junio de 2026;4:01 p. m.;Maria Barbosa Neuque;Vendedor ;1001;Ventas Mostrador;Nequi;3211-1;CONJUNTO MYP SCO EN HILO;ROPA;53000;90000;1.00;90000
52286;lunes; 22 de junio de 2026;4:01 p. m.;Maria Barbosa Neuque;Vendedor ;1001;Ventas Mostrador;Nequi;1768-1;MEDIA ESPAÑOLA DE BOTON;ROPA;6500;13000;1.00;13000
52285;lunes; 22 de junio de 2026;3:55 p. m.;Maria Barbosa Neuque;Vendedor ;1001;Ventas Mostrador;Nequi;1003;PAPEL REGALO PLIEGO Y TARJETA;ACCESORIOS;340;1000;1.00;1000
52285;lunes; 22 de junio de 2026;3:55 p. m.;Maria Barbosa Neuque;Vendedor ;1001;Ventas Mostrador;Nequi;1121;SONAJERO ANIMALITOS CHILLON;ACCESORIOS;14000;22500;1.00;22500
52285;lunes; 22 de junio de 2026;3:55 p. m.;Maria Barbosa Neuque;Vendedor ;1001;Ventas Mostrador;Nequi;1303-3;BALACA TELA DELGADA;ACCESORIOS;3000;7500;1.00;7500
52285;lunes; 22 de junio de 2026;3:55 p. m.;Maria Barbosa Neuque;Vendedor ;1001;Ventas Mostrador;Nequi;2356;VESTIDO + SACO PINK DAYS GREENN;ROPA;42000;69000;1.00;69000
52284;lunes; 22 de junio de 2026;3:28 p. m.;Maria Barbosa Neuque;Vendedor ;1001;Ventas Mostrador;Nequi;7701021117786;PAÑAL WINNY PANTS 4X50;PAÑAL;61716;71300;1.00;65596
52283;lunes; 22 de junio de 2026;2:35 p. m.;Maria Barbosa Neuque;Vendedor ;1001;Ventas Mostrador;Efectivo;1803-1;TIRANTAS COLORES NIÑOS;ACCESORIOS;4500;13000;1.00;13000
52282;lunes; 22 de junio de 2026;2:35 p. m.;Maria Barbosa Neuque;Vendedor ;1001;Ventas Mostrador;Efectivo;1111;TRIO KIT MATERNO PIJAMA+PANTUFLAS;ROPA;31000;55000;1.00;55000
52281;lunes; 22 de junio de 2026;2:07 p. m.;Maria Barbosa Neuque;Vendedor ;1001;Ventas Mostrador;Efectivo;1003;PAPEL REGALO PLIEGO Y TARJETA;ACCESORIOS;340;1000;1.00;1000
52281;lunes; 22 de junio de 2026;2:07 p. m.;Maria Barbosa Neuque;Vendedor ;1001;Ventas Mostrador;Efectivo;1420;MEDIAS ENCAJE MARATHON;ROPA;8500;14500;1.00;14500
52281;lunes; 22 de junio de 2026;2:07 p. m.;Maria Barbosa Neuque;Vendedor ;1001;Ventas Mostrador;Efectivo;1994-2;VESTIDO VELO FLOR ELEGANTE;ROPA;65000;105000;1.00;94500
52280;lunes; 22 de junio de 2026;12:08 p. m.;Maria Barbosa Neuque;Vendedor ;1001;Ventas Mostrador;Nequi;71534232090;PATIN DE LANA CARTER;ROPA;14500;29000;1.00;29000
52280;lunes; 22 de junio de 2026;12:08 p. m.;Maria Barbosa Neuque;Vendedor ;1001;Ventas Mostrador;Nequi;1303-2;BALACA DE TELA NVO DISEÑO;ACCESORIOS;2857;7000;1.00;7000
52279;lunes; 22 de junio de 2026;11:26 a. m.;Maria Barbosa Neuque;Vendedor ;1001;Ventas Mostrador;Efectivo;2042;GORRA ECONOMICA// PESQUERO BEBE;ACCESORIOS;6000;13000;1.00;13000
52278;lunes; 22 de junio de 2026;11:20 a. m.;Maria Barbosa Neuque;Vendedor ;1001;Ventas Mostrador;Efectivo;375838CABDFILAUFAF;ESTUCHE VIAJERO NIÑA ARRURRU NVA PRESENTACION;ASEO;24728;32200;1.00;32200
52277;domingo; 21 de junio de 2026;3:45 p. m.;cajero 1;;1001;Ventas Mostrador;Efectivo;7707199346256;PAÑAL VALENTINA 2MX50;PAÑAL;34217;44200;1.00;44200
52276;domingo; 21 de junio de 2026;3:41 p. m.;cajero 1;;1001;Ventas Mostrador;Efectivo;7701021116499;PAÑAL WINNY ULTRATRIM SEC 1X30;PAÑAL;21743;25500;1.00;25500
52276;domingo; 21 de junio de 2026;3:41 p. m.;cajero 1;;1001;Ventas Mostrador;Efectivo;7701021145949;PAÑITOS WINNY ALOE X100;ASEO;9529;12500;1.00;12500
52275;domingo; 21 de junio de 2026;3:28 p. m.;cajero 1;;1001;Ventas Mostrador;Efectivo;7707199344825;PAÑAL VALENTINA 3GX30;PAÑAL;26400;33000;1.00;33000
52275;domingo; 21 de junio de 2026;3:28 p. m.;cajero 1;;1001;Ventas Mostrador;Efectivo;7701021145949;PAÑITOS WINNY ALOE X100;ASEO;9529;12500;1.00;12500
52275;domingo; 21 de junio de 2026;3:28 p. m.;cajero 1;;1001;Ventas Mostrador;Efectivo;1133-5;MEDIA TOBACO X UNIDAD T 0 A 18 MESES;ROPA;2500;4500;1.00;4500
52274;domingo; 21 de junio de 2026;3:19 p. m.;cajero 1;;1001;Ventas Mostrador;Efectivo;3027;PAVAS BAUTIZO;ACCESORIOS;10000;25000;1.00;25000
52273;domingo; 21 de junio de 2026;3:17 p. m.;cajero 1;;1001;Ventas Mostrador;Nequi;1003;PAPEL REGALO PLIEGO Y TARJETA;ACCESORIOS;340;1000;1.00;1000
52273;domingo; 21 de junio de 2026;3:17 p. m.;cajero 1;;1001;Ventas Mostrador;Nequi;7701021144829;PAÑAL WINNY ULTRATRIM SENSITIVE 0X30;PAÑAL;19511;23500;1.00;23500
52273;domingo; 21 de junio de 2026;3:17 p. m.;cajero 1;;1001;Ventas Mostrador;Nequi;1721;SEMANARIO 14 PIEZAS;ROPA;30000;50000;1.00;50000
52273;domingo; 21 de junio de 2026;3:17 p. m.;cajero 1;;1001;Ventas Mostrador;Nequi;1785;KIT TERMOMETRO PEQUEÑO BABY CARE;ACCESORIOS;10084;25000;1.00;25000
52273;domingo; 21 de junio de 2026;3:17 p. m.;cajero 1;;1001;Ventas Mostrador;Nequi;2025;MEDIA PATIN;ROPA;2500;6500;1.00;6500
52272;domingo; 21 de junio de 2026;3:11 p. m.;cajero 1;;1001;Ventas Mostrador;Efectivo;1196-2;SUDADERA PAULIS DOBLE PANTALONEST2 A T10;ROPA;32620;66000;1.00;66000
52271;domingo; 21 de junio de 2026;2:55 p. m.;cajero 1;;1001;Ventas Mostrador;Nequi;7701021119087;PAÑAL WINNY ULTRATRIM SEC 4X100;PAÑAL;126500;144000;1.00;129600
52270;domingo; 21 de junio de 2026;2:53 p. m.;cajero 1;;1001;Ventas Mostrador;Nequi;65;CONJUNTO BABY FLOR REF.0065;ROPA;34000;70000;1.00;70000
52270;domingo; 21 de junio de 2026;2:53 p. m.;cajero 1;;1001;Ventas Mostrador;Nequi;2025;MEDIA PATIN;ROPA;2500;6500;1.00;6500
361;domingo; 21 de junio de 2026;2:46 p. m.;cajero 1;;1001;Ventas Mostrador;Efectivo;2117-1;MEDIAS RECIEN NACIDO X UNIDAD;ROPA;875;2500;-1.00;-2500
361;domingo; 21 de junio de 2026;2:46 p. m.;cajero 1;;1001;Ventas Mostrador;Efectivo;1998-7;PRIMERA MUHDA TEJIDA;ROPA;17500;36000;-1.00;-36000
52269;domingo; 21 de junio de 2026;2:41 p. m.;cajero 1;;1001;Ventas Mostrador;Efectivo;7701021145949;PAÑITOS WINNY ALOE X100;ASEO;9529;12500;1.00;12500
52268;domingo; 21 de junio de 2026;2:38 p. m.;cajero 1;;1001;Ventas Mostrador;Efectivo;1133-6;MEDIA TOBACO X 3 T 0 A 18 MESES;ROPA;7500;13000;2.00;26000
52267;domingo; 21 de junio de 2026;2:32 p. m.;cajero 1;;1001;Ventas Mostrador;Efectivo;1003;PAPEL REGALO PLIEGO Y TARJETA;ACCESORIOS;340;1000;1.00;1000
52266;domingo; 21 de junio de 2026;2:22 p. m.;cajero 1;;1001;Ventas Mostrador;Efectivo;2132;BOLSA DE REGALO PEQUEÑA DECORADA;PAPELERIA;1750;3200;1.00;3200
52266;domingo; 21 de junio de 2026;2:22 p. m.;cajero 1;;1001;Ventas Mostrador;Efectivo;7702277677239;COLONIA ARRURRU 60 ML ROSADA;ASEO;11500;15700;1.00;15700
52266;domingo; 21 de junio de 2026;2:22 p. m.;cajero 1;;1001;Ventas Mostrador;Efectivo;2226;ZAPATILLA CAPIBARA LUCES NIÑO;CALZADO;36000;62000;1.00;62000
52265;domingo; 21 de junio de 2026;2:20 p. m.;cajero 1;;1001;Ventas Mostrador;Tarjeta Débito;1943-1;BODY SUNNOZY X UNIDAD;ROPA;9600;17000;4.00;68000
52264;domingo; 21 de junio de 2026;1:50 p. m.;cajero 1;;1001;Ventas Mostrador;Nequi;1174;BUSO CUELLO REDONDO COLORES;ROPA;9000;16000;1.00;16000
52264;domingo; 21 de junio de 2026;1:50 p. m.;cajero 1;;1001;Ventas Mostrador;Nequi;5200;CONJUNTO UVISTAS CAFE;ROPA;60000;96000;1.00;96000
52263;domingo; 21 de junio de 2026;1:47 p. m.;cajero 1;;1001;Ventas Mostrador;Daviplata;7701021116499;PAÑAL WINNY ULTRATRIM SEC 1X30;PAÑAL;21743;25500;1.00;25500
52263;domingo; 21 de junio de 2026;1:47 p. m.;cajero 1;;1001;Ventas Mostrador;Daviplata;7701021116581;PAÑAL WINNY ULTRATRIM SEC 2X50;PAÑAL;42430;49900;1.00;45908
52263;domingo; 21 de junio de 2026;1:47 p. m.;cajero 1;;1001;Ventas Mostrador;Daviplata;1721;SEMANARIO 14 PIEZAS;ROPA;28000;50000;1.00;50000
52263;domingo; 21 de junio de 2026;1:47 p. m.;cajero 1;;1001;Ventas Mostrador;Daviplata;166051;TINA ECONOMICA DE COLORES SIN BASE;ACCESORIOS;18500;38000;1.00;38000
52263;domingo; 21 de junio de 2026;1:47 p. m.;cajero 1;;1001;Ventas Mostrador;Daviplata;7702026147631;PAÑITOS PEQUEÑIN ALMENDRA X 100 UND;ASEO;8333;10900;1.00;10900
52262;domingo; 21 de junio de 2026;1:38 p. m.;cajero 1;;1001;Ventas Mostrador;Efectivo;1930-8;GORRO HILO RECIEN NACIDO;ROPA;5000;12000;3.00;36000
52261;domingo; 21 de junio de 2026;1:29 p. m.;cajero 1;;1001;Ventas Mostrador;Efectivo;7702277672852;ESTUCHE ARRURRU ARRULLO ROSADO;ASEO;35426;43300;1.00;43300
52260;domingo; 21 de junio de 2026;1:12 p. m.;cajero 1;;1001;Ventas Mostrador;Nequi;2152-1;CONJUNTO 3 PIEZAS T:2 A T:8 PAULIS;ROPA;35000;72000;1.00;50400
52259;domingo; 21 de junio de 2026;12:32 p. m.;cajero 1;;1001;Ventas Mostrador;Efectivo;1003;PAPEL REGALO PLIEGO Y TARJETA;ACCESORIOS;340;1000;2.00;2000
52259;domingo; 21 de junio de 2026;12:32 p. m.;cajero 1;;1001;Ventas Mostrador;Efectivo;7453038485470;ESTERILIZADOR DE TETEROS GENIAL STEAMIE;ACCESORIOS;180000;250000;1.00;250000
52258;domingo; 21 de junio de 2026;11:35 a. m.;cajero 1;;1001;Ventas Mostrador;Efectivo;1726-1;BALETA PARA NIÑA - VALETA;VALETA - BALETA;25424;45000;1.00;45000
52257;domingo; 21 de junio de 2026;11:28 a. m.;cajero 1;;1001;Ventas Mostrador;Nequi;7701021111845;PAÑAL WINNY ULTRATRIM SEC 3X50;PAÑAL;50170;57900;1.00;53268
52257;domingo; 21 de junio de 2026;11:28 a. m.;cajero 1;;1001;Ventas Mostrador;Nequi;2229;BABERO MANGAS PLASTIFICADO;ACCESORIOS;5000;14500;1.00;14500
52257;domingo; 21 de junio de 2026;11:28 a. m.;cajero 1;;1001;Ventas Mostrador;Nequi;6977252932592;LLAMADIENTE CONTROL REMOTO EN GOMA;ACCESORIOS;8500;19500;1.00;19500
52256;domingo; 21 de junio de 2026;10:51 a. m.;cajero 1;;1001;Ventas Mostrador;Efectivo;1003;PAPEL REGALO PLIEGO Y TARJETA;ACCESORIOS;340;1000;2.00;2000
52255;domingo; 21 de junio de 2026;10:50 a. m.;cajero 1;;1001;Ventas Mostrador;Nequi;1162;PRIMERA MUDA DE BOLSA MAJU BABY;ROPA;22000;38000;2.00;76000
52255;domingo; 21 de junio de 2026;10:50 a. m.;cajero 1;;1001;Ventas Mostrador;Nequi;7701021115140;PAÑAL WINNY ULTRATRIM SEC 2X16;PAÑAL;14118;16000;2.00;32000
52254;domingo; 21 de junio de 2026;10:47 a. m.;cajero 1;;1001;Ventas Mostrador;Efectivo;7702789070054;COLONIA VALENTINA NIÑA X60;ASEO;9100;13500;1.00;13500
52253;domingo; 21 de junio de 2026;10:37 a. m.;cajero 1;;1001;Ventas Mostrador;Tarjeta crédito;1111;TRIO KIT MATERNO PIJAMA+PANTUFLAS;ROPA;30600;55000;1.00;55000
52253;domingo; 21 de junio de 2026;10:37 a. m.;cajero 1;;1001;Ventas Mostrador;Tarjeta crédito;2002;SEMANARIO 21 PIEZAS;ROPA;34000;53000;1.00;53000
52253;domingo; 21 de junio de 2026;10:37 a. m.;cajero 1;;1001;Ventas Mostrador;Tarjeta crédito;10010112;SEMANARIO UNICOLOR 14 PIEZAS;ROPA;42000;63000;1.00;63000
52252;domingo; 21 de junio de 2026;9:58 a. m.;cajero 1;;1001;Ventas Mostrador;Nequi;7701021114174;PAÑAL WINNY ULTRATRIM SEC 5X30;PAÑAL;41907;46900;1.00;44555
52251;domingo; 21 de junio de 2026;9:51 a. m.;cajero 1;;1001;Ventas Mostrador;Efectivo;8005;LLAMADIENTES DE AGUA / ANIMALITOS - FRUTA;ACCESORIOS;3966;11000;1.00;11000
52250;domingo; 21 de junio de 2026;9:44 a. m.;cajero 1;;1001;Ventas Mostrador;Tarjeta Débito;1629-1;PANTIS MATERNO;MATERNA;22000;32000;1.00;32000
52249;domingo; 21 de junio de 2026;9:41 a. m.;cajero 1;;1001;Ventas Mostrador;Tarjeta Débito;1943-2;BODY LEYENDA MATERNA;ROPA;15000;25000;1.00;25000
52248;sábado; 20 de junio de 2026;8:24 p. m.;cajero 1;;1001;Ventas Mostrador;Efectivo;7701021118295;PAÑAL WINNY ULTRATRIM SEC 1X16;PAÑAL;11820;15000;1.00;15000
52247;sábado; 20 de junio de 2026;8:13 p. m.;cajero 1;;1001;Ventas Mostrador;Daviplata;1196-3;SUDADERA PAULIS & CO JUNIOR CREMALLERA T4 A T10;ROPA;36500;75000;1.00;75000
52246;sábado; 20 de junio de 2026;8:13 p. m.;cajero 1;;1001;Ventas Mostrador;Efectivo;4174;PAÑAL WINNY ETAPA 5 X UNIDAD;PAÑAL;1273;1800;2.00;3600
52245;sábado; 20 de junio de 2026;8:12 p. m.;cajero 1;;1001;Ventas Mostrador;Efectivo;2025;MEDIA PATIN;ROPA;2500;6500;1.00;6500
52245;sábado; 20 de junio de 2026;8:12 p. m.;cajero 1;;1001;Ventas Mostrador;Efectivo;1303-2;BALACA DE TELA NVO DISEÑO;ACCESORIOS;2857;7000;1.00;7000
52244;sábado; 20 de junio de 2026;8:05 p. m.;cajero 1;;1001;Ventas Mostrador;Efectivo;1726;ZAPATO NO TUERCE;CALZADO;15000;35000;1.00;35000
52243;sábado; 20 de junio de 2026;7:27 p. m.;cajero 1;;1001;Ventas Mostrador;Nequi;1003;PAPEL REGALO PLIEGO Y TARJETA;ACCESORIOS;340;1000;1.00;1000
52243;sábado; 20 de junio de 2026;7:27 p. m.;cajero 1;;1001;Ventas Mostrador;Nequi;7701021115140;PAÑAL WINNY ULTRATRIM SEC 2X16;PAÑAL;14118;16000;1.00;16000
52242;sábado; 20 de junio de 2026;7:26 p. m.;cajero 1;;1001;Ventas Mostrador;Efectivo;8005;LLAMADIENTES DE AGUA / ANIMALITOS - FRUTA;ACCESORIOS;3966;11000;1.00;11000
52241;sábado; 20 de junio de 2026;7:20 p. m.;cajero 1;;1001;Ventas Mostrador;Daviplata;7707233050101;BIBERON CORCHITO MANIJA 8 ONZ;ACCESORIOS;4905;13000;1.00;13000
52241;sábado; 20 de junio de 2026;7:20 p. m.;cajero 1;;1001;Ventas Mostrador;Daviplata;1677;PAÑAL ETAPA 4 X UNIDAD;PAÑAL;1036;1700;4.00;6800
52240;sábado; 20 de junio de 2026;7:06 p. m.;cajero 1;;1001;Ventas Mostrador;Efectivo;1003;PAPEL REGALO PLIEGO Y TARJETA;ACCESORIOS;340;1000;1.00;1000
52239;sábado; 20 de junio de 2026;7:01 p. m.;cajero 1;;1001;Ventas Mostrador;Efectivo;1003;PAPEL REGALO PLIEGO Y TARJETA;ACCESORIOS;340;1000;1.00;1000
52238;sábado; 20 de junio de 2026;6:59 p. m.;cajero 1;;1001;Ventas Mostrador;Efectivo;1899;CEPILLO LAVA ENCIAS;ASEO;4000;7500;1.00;7500
52237;sábado; 20 de junio de 2026;6:41 p. m.;cajero 1;;1001;Ventas Mostrador;Efectivo;6970817283337;PAÑITOS VALENTINA X 100;ASEO;5999;11600;1.00;11600
52236;sábado; 20 de junio de 2026;6:27 p. m.;cajero 1;;1001;Ventas Mostrador;Efectivo;1003;PAPEL REGALO PLIEGO Y TARJETA;ACCESORIOS;340;1000;1.00;1000
52236;sábado; 20 de junio de 2026;6:27 p. m.;cajero 1;;1001;Ventas Mostrador;Efectivo;3211-6;CONJUNTO MYP CHALECO PANA;ROPA;50000;97000;1.00;97000
52235;sábado; 20 de junio de 2026;6:08 p. m.;cajero 1;;1001;Ventas Mostrador;Efectivo;4175;PAÑAL ETAPA 3 X UNIDAD;PAÑAL;773;1600;1.00;1600
52234;sábado; 20 de junio de 2026;5:22 p. m.;cajero 1;;1001;Ventas Mostrador;Efectivo;7701021111975;PAÑAL WINNY 0X50;PAÑAL;32517;34500;1.00;34500
52233;sábado; 20 de junio de 2026;5:18 p. m.;cajero 1;;1001;Ventas Mostrador;Efectivo;1003;PAPEL REGALO PLIEGO Y TARJETA;ACCESORIOS;340;1000;2.00;2000
52233;sábado; 20 de junio de 2026;5:18 p. m.;cajero 1;;1001;Ventas Mostrador;Efectivo;7701021116581;PAÑAL WINNY ULTRATRIM SEC 2X50;PAÑAL;42430;49900;1.00;45908
52233;sábado; 20 de junio de 2026;5:18 p. m.;cajero 1;;1001;Ventas Mostrador;Efectivo;2025;MEDIA PATIN;ROPA;2500;6500;1.00;6500
52232;sábado; 20 de junio de 2026;5:06 p. m.;cajero 1;;1001;Ventas Mostrador;Efectivo;4863;GORRA Y PAVA PANA DECORADA OSO;ACCESORIOS;12000;26500;1.00;26500
52231;sábado; 20 de junio de 2026;4:58 p. m.;cajero 1;;1001;Ventas Mostrador;Efectivo;6970817283337;PAÑITOS VALENTINA X 100;ASEO;5999;11600;1.00;11600
52230;sábado; 20 de junio de 2026;4:58 p. m.;cajero 1;;1001;Ventas Mostrador;Nequi;1943-1;BODY SUNNOZY X UNIDAD;ROPA;9600;17000;1.00;17000
52229;sábado; 20 de junio de 2026;4:56 p. m.;cajero 1;;1001;Ventas Mostrador;Nequi;7701021118295;PAÑAL WINNY ULTRATRIM SEC 1X16;PAÑAL;11820;15000;1.00;15000
52229;sábado; 20 de junio de 2026;4:56 p. m.;cajero 1;;1001;Ventas Mostrador;Nequi;2025;MEDIA PATIN;ROPA;2519;6500;1.00;6500
52229;sábado; 20 de junio de 2026;4:56 p. m.;cajero 1;;1001;Ventas Mostrador;Nequi;7707233050354;TETERO CORCHITO PREMATURO 2 ONZ;ACCESORIOS;3588;9000;1.00;9000
52228;sábado; 20 de junio de 2026;4:54 p. m.;cajero 1;;1001;Ventas Mostrador;Nequi;2002;SEMANARIO 21 PIEZAS;ROPA;34000;53000;1.00;53000
52227;sábado; 20 de junio de 2026;4:51 p. m.;cajero 1;;1001;Ventas Mostrador;Nequi;166054;TINA ECONOMICA DE COLORES CON BASE;ASEO;32000;45000;1.00;45000
52226;sábado; 20 de junio de 2026;4:48 p. m.;cajero 1;;1001;Ventas Mostrador;Efectivo;1420;MEDIAS ENCAJE MARATHON;ROPA;8500;14500;1.00;14500
52226;sábado; 20 de junio de 2026;4:48 p. m.;cajero 1;;1001;Ventas Mostrador;Efectivo;1998;TORERO DE HILO;ROPA;20000;40000;1.00;40000
52225;sábado; 20 de junio de 2026;3:22 p. m.;cajero 1;;1001;Ventas Mostrador;Tarjeta crédito;7701021115140;PAÑAL WINNY ULTRATRIM SEC 2X16;PAÑAL;14118;16000;2.00;32000
52225;sábado; 20 de junio de 2026;3:22 p. m.;cajero 1;;1001;Ventas Mostrador;Tarjeta crédito;1376-1;TINA PLEGABLE CON ACCESORIOS;ACCESORIOS;125000;185000;1.00;185000
52224;sábado; 20 de junio de 2026;3:15 p. m.;cajero 1;;1001;Ventas Mostrador;QR Bancolombia;1726;ZAPATO NO TUERCE;CALZADO;15000;35000;1.00;35000
52223;sábado; 20 de junio de 2026;3:12 p. m.;cajero 1;;1001;Ventas Mostrador;Nequi;1196-1;SUDADERA B. CERRADO PAULIS & CO JUNIOR T4 A T10;ROPA;32000;72000;1.00;72000
52222;sábado; 20 de junio de 2026;3:04 p. m.;cajero 1;;1001;Ventas Mostrador;Efectivo;1351-3;FULAR NIÑA NIÑO;ACCESORIOS;32000;65000;1.00;65000
52221;sábado; 20 de junio de 2026;3:03 p. m.;cajero 1;;1001;Ventas Mostrador;Nequi;1174;BUSO CUELLO REDONDO COLORES;ROPA;9000;16000;1.00;16000
52221;sábado; 20 de junio de 2026;3:03 p. m.;cajero 1;;1001;Ventas Mostrador;Nequi;7702277642930;COLONIA ARRURRU 800 ML NUEVA PRESENTACION;ASEO;45200;69900;1.00;69900
52220;sábado; 20 de junio de 2026;2:59 p. m.;cajero 1;;1001;Ventas Mostrador;Nequi;7701021111821;PAÑAL WINNY ULTRATRIM 3X30;PAÑAL;32500;35800;1.00;34010
52220;sábado; 20 de junio de 2026;2:59 p. m.;cajero 1;;1001;Ventas Mostrador;Nequi;2925;JARDINERA PANA PUPPY;ROPA;40000;70000;1.00;70000
52219;sábado; 20 de junio de 2026;2:44 p. m.;cajero 1;;1001;Ventas Mostrador;Efectivo;6971233886362;TETERO AVENT / ONLY 11 ONZ REPLICA;ACCESORIOS;10000;22000;1.00;22000
52219;sábado; 20 de junio de 2026;2:44 p. m.;cajero 1;;1001;Ventas Mostrador;Efectivo;6977252934060;BOLSA RECOLECTORA ONLY X60;ACCESORIOS;22000;45000;1.00;45000
52218;sábado; 20 de junio de 2026;2:39 p. m.;cajero 1;;1001;Ventas Mostrador;Efectivo;1917;BOLSA DE REGALO MEDIANA DECORADA NIÑOS;PAPELERIA;2416;4600;1.00;4600
52218;sábado; 20 de junio de 2026;2:39 p. m.;cajero 1;;1001;Ventas Mostrador;Efectivo;725-1;CONJUNTO GAB KIDS NIÑA /O T:2 A T:6;ROPA;43000;86000;1.00;86000
52217;sábado; 20 de junio de 2026;2:31 p. m.;cajero 1;;1001;Ventas Mostrador;Efectivo;1329;JEAN - PANTALON DRILL BEBE T:2 A T:;ROPA;24833;55000;1.00;55000
52216;sábado; 20 de junio de 2026;1:56 p. m.;cajero 1;;1001;Ventas Mostrador;Efectivo;1757;PAÑALERA CUNA UNICOLOR / CARTERS;PAÑALERA;65000;160000;1.00;160000
52215;sábado; 20 de junio de 2026;1:47 p. m.;cajero 1;;1001;Ventas Mostrador;Efectivo;7701021111821;PAÑAL WINNY ULTRATRIM 3X30;PAÑAL;32500;35800;1.00;34010
52215;sábado; 20 de junio de 2026;1:47 p. m.;cajero 1;;1001;Ventas Mostrador;Efectivo;1918;BOLSA DE REGALO GRANDE JUMBO DECORADA;PAPELERIA;3300;6000;1.00;6000
52215;sábado; 20 de junio de 2026;1:47 p. m.;cajero 1;;1001;Ventas Mostrador;Efectivo;0031-1;PIJAMA PIEL DURAZNO BOTON 2 PIEZAS;ROPA;17285;36000;1.00;36000
52215;sábado; 20 de junio de 2026;1:47 p. m.;cajero 1;;1001;Ventas Mostrador;Efectivo;7701684000128;CREMA ALMIPRO UNGUENTO 125 GRS;ASEO;28000;40000;1.00;40000
52214;sábado; 20 de junio de 2026;12:14 p. m.;cajero 1;;1001;Ventas Mostrador;Nequi;7701021118318;PAñAL WINNY ULTRATRIM SEC 3X16;PAÑAL;17222;22300;1.00;22300
52214;sábado; 20 de junio de 2026;12:14 p. m.;cajero 1;;1001;Ventas Mostrador;Nequi;1303-2;BALACA DE TELA NVO DISEÑO;ACCESORIOS;2857;7000;1.00;7000
52213;sábado; 20 de junio de 2026;12:10 p. m.;cajero 1;;1001;Ventas Mostrador;Efectivo;1003;PAPEL REGALO PLIEGO Y TARJETA;ACCESORIOS;340;1000;1.00;1000
52213;sábado; 20 de junio de 2026;12:10 p. m.;cajero 1;;1001;Ventas Mostrador;Efectivo;7701021145949;PAÑITOS WINNY ALOE X100;ASEO;9529;12500;1.00;12500
52213;sábado; 20 de junio de 2026;12:10 p. m.;cajero 1;;1001;Ventas Mostrador;Efectivo;1379-2;CONJUNTO FABY 3 PEIZAS;ROPA;16000;31000;1.00;31000
52212;sábado; 20 de junio de 2026;11:54 a. m.;cajero 1;;1001;Ventas Mostrador;Efectivo;71534232090;PATIN DE LANA CARTER;ROPA;14500;29000;1.00;29000
52211;sábado; 20 de junio de 2026;11:37 a. m.;cajero 1;;1001;Ventas Mostrador;Efectivo;7701021111821;PAÑAL WINNY ULTRATRIM 3X30;PAÑAL;32500;35800;1.00;34010
52211;sábado; 20 de junio de 2026;11:37 a. m.;cajero 1;;1001;Ventas Mostrador;Efectivo;1918;BOLSA DE REGALO GRANDE JUMBO DECORADA;PAPELERIA;3300;6000;1.00;6000
52211;sábado; 20 de junio de 2026;11:37 a. m.;cajero 1;;1001;Ventas Mostrador;Efectivo;1967;SUDADERA BABY KIDS;ROPA;20000;40000;1.00;40000
52210;viernes; 19 de junio de 2026;8:22 p. m.;cajero 1;Vendedor ;1001;Ventas Mostrador;Nequi;7701021116123;PAÑAL WINNY ULTRATRIM SEC 3X100;PAÑAL;98232;117000;1.00;105300
52209;viernes; 19 de junio de 2026;8:01 p. m.;cajero 1;Vendedor ;1001;Ventas Mostrador;Efectivo;2224;TUTU POR UNIDAD;ROPA;13000;26900;1.00;26900
52208;viernes; 19 de junio de 2026;7:52 p. m.;cajero 1;Vendedor ;1001;Ventas Mostrador;Efectivo;SY A0776;FLOTADOR DE BRAZOS;PISCINA;12000;25000;1.00;25000
52207;viernes; 19 de junio de 2026;7:28 p. m.;cajero 1;Vendedor ;1001;Ventas Mostrador;Efectivo;7701021116512;PAÑAL WINNY ULTRATRIM SEC 1X50;PAÑAL;36237;41500;1.00;39176
52207;viernes; 19 de junio de 2026;7:28 p. m.;cajero 1;Vendedor ;1001;Ventas Mostrador;Efectivo;10279;CHUPO DE ENTRETENCION CORCHITO CON CADENA;ACCESORIOS;8867;18000;1.00;18000
52206;viernes; 19 de junio de 2026;7:08 p. m.;cajero 1;Vendedor ;1001;Ventas Mostrador;Efectivo;1980;MEDIAS MICROFIBRA 2-4-6-8-10-12;ROPA;8500;17900;1.00;17900
52205;viernes; 19 de junio de 2026;6:55 p. m.;cajero 1;Vendedor ;1001;Ventas Mostrador;Nequi;2046;PRIMERA MUDA COFRE CANASTA;ROPA;40000;64000;1.00;64000
52204;viernes; 19 de junio de 2026;6:26 p. m.;cajero 1;Vendedor ;1001;Ventas Mostrador;Nequi;7701021147585;PAÑAL WINNY ULTRATRIM SEC 4X50;PAÑAL;61716;71300;1.00;64170
52203;viernes; 19 de junio de 2026;6:19 p. m.;cajero 1;Vendedor ;1001;Ventas Mostrador;Nequi;7701021114006;PAÑAL WINNY ULTRATRIM SEC 4X30;PAÑAL;38518;42600;1.00;40470
52202;viernes; 19 de junio de 2026;6:17 p. m.;cajero 1;Vendedor ;1001;Ventas Mostrador;Nequi;7702277375838;ESTUCHE ARRURRU VIAJERO ROSADO NVA PRESENTACION;ASEO;23800;32200;1.00;32200
52202;viernes; 19 de junio de 2026;6:17 p. m.;cajero 1;Vendedor ;1001;Ventas Mostrador;Nequi;1917;BOLSA DE REGALO MEDIANA DECORADA NIÑOS;PAPELERIA;2416;4600;1.00;4600
52201;viernes; 19 de junio de 2026;6:14 p. m.;cajero 1;Vendedor ;1001;Ventas Mostrador;Efectivo;1003;PAPEL REGALO PLIEGO Y TARJETA;ACCESORIOS;340;1000;2.00;2000
52201;viernes; 19 de junio de 2026;6:14 p. m.;cajero 1;Vendedor ;1001;Ventas Mostrador;Efectivo;1771-1;BABERO CARITA;ACCESORIOS;5000;10000;1.00;10000
52201;viernes; 19 de junio de 2026;6:14 p. m.;cajero 1;Vendedor ;1001;Ventas Mostrador;Efectivo;2117-1;MEDIAS RECIEN NACIDO X UNIDAD;ROPA;875;2500;1.00;2500
52201;viernes; 19 de junio de 2026;6:14 p. m.;cajero 1;Vendedor ;1001;Ventas Mostrador;Efectivo;7701021115140;PAÑAL WINNY ULTRATRIM SEC 2X16;PAÑAL;14118;16000;1.00;16000
52201;viernes; 19 de junio de 2026;6:14 p. m.;cajero 1;Vendedor ;1001;Ventas Mostrador;Efectivo;0031-2;PIJAMA 2 PIEZAS BUSO CERRADO;ROPA;22000;40000;1.00;40000
52200;viernes; 19 de junio de 2026;6:05 p. m.;cajero 1;Vendedor ;1001;Ventas Mostrador;Nequi;1620;SONAJERO WINNYW POOH / MINNIE /TIGER;ACCESORIOS;14000;29000;1.00;29000
52199;viernes; 19 de junio de 2026;6:01 p. m.;cajero 1;Vendedor ;1001;Ventas Mostrador;Daviplata;1980;MEDIAS MICROFIBRA 2-4-6-8-10-12;ROPA;8500;17900;2.00;35800
52198;viernes; 19 de junio de 2026;5:21 p. m.;cajero 1;Vendedor ;1001;Ventas Mostrador;Nequi;6970817283337;PAÑITOS VALENTINA X 100;ASEO;5994;11600;4.00;29232
52197;viernes; 19 de junio de 2026;4:08 p. m.;cajero 1;Vendedor ;1001;Ventas Mostrador;Nequi;2117-1;MEDIAS RECIEN NACIDO X UNIDAD;ROPA;875;2500;1.00;2500
52197;viernes; 19 de junio de 2026;4:08 p. m.;cajero 1;Vendedor ;1001;Ventas Mostrador;Nequi;1998-7;PRIMERA MUHDA TEJIDA;ROPA;17500;36000;1.00;36000
52196;viernes; 19 de junio de 2026;3:56 p. m.;cajero 1;Vendedor ;1001;Ventas Mostrador;Efectivo;1003;PAPEL REGALO PLIEGO Y TARJETA;ACCESORIOS;340;1000;1.00;1000
52196;viernes; 19 de junio de 2026;3:56 p. m.;cajero 1;Vendedor ;1001;Ventas Mostrador;Efectivo;1379;CONJUNTO MEIQUITOS BABY;ROPA;15000;30000;1.00;30000
52195;viernes; 19 de junio de 2026;3:42 p. m.;cajero 1;Vendedor ;1001;Ventas Mostrador;Efectivo;1133-6;MEDIA TOBACO X 3 T 0 A 18 MESES;ROPA;7500;13000;1.00;13000
52193;viernes; 19 de junio de 2026;3:38 p. m.;cajero 1;Vendedor ;1001;Ventas Mostrador;Efectivo;7702057087586;CREMA NUMERO 4 X110 GRAMOS ORIGINAL;ASEO;36252;43500;1.00;43500
52193;viernes; 19 de junio de 2026;3:38 p. m.;cajero 1;Vendedor ;1001;Ventas Mostrador;Efectivo;7701021116031;PAÑAL WINNY SEC 5X50;PAÑAL;67753;78000;1.00;71760
52192;viernes; 19 de junio de 2026;2:59 p. m.;cajero 1;Vendedor ;1001;Ventas Mostrador;Efectivo;7701021145949;PAÑITOS WINNY ALOE X100;ASEO;9529;12500;1.00;12500
52191;viernes; 19 de junio de 2026;2:59 p. m.;cajero 1;Vendedor ;1001;Ventas Mostrador;Efectivo;7701021116581;PAÑAL WINNY ULTRATRIM SEC 2X50;PAÑAL;42430;49900;1.00;45908
52189;jueves; 18 de junio de 2026;8:33 p. m.;cajero 1;Vendedor ;1001;Ventas Mostrador;Nequi;7701021111975;PAÑAL WINNY 0X50;PAÑAL;32517;34500;1.00;34500
52189;jueves; 18 de junio de 2026;8:33 p. m.;cajero 1;Vendedor ;1001;Ventas Mostrador;Nequi;2002;SEMANARIO 21 PIEZAS;ROPA;34000;53000;1.00;53000
52189;jueves; 18 de junio de 2026;8:33 p. m.;cajero 1;Vendedor ;1001;Ventas Mostrador;Nequi;7701021145949;PAÑITOS WINNY ALOE X100;ASEO;9529;12500;1.00;12500
52189;jueves; 18 de junio de 2026;8:33 p. m.;cajero 1;Vendedor ;1001;Ventas Mostrador;Nequi;2117-1;MEDIAS RECIEN NACIDO X UNIDAD;ROPA;875;2500;2.00;5000
52188;jueves; 18 de junio de 2026;8:05 p. m.;cajero 1;Vendedor ;1001;Ventas Mostrador;Efectivo;1386;JARDINERA JEANS NIÑA CORAZONES T:2 A T:6;ROPA;35000;72000;1.00;72000
52187;jueves; 18 de junio de 2026;8:00 p. m.;cajero 1;Vendedor ;1001;Ventas Mostrador;Efectivo;1917;BOLSA DE REGALO MEDIANA DECORADA NIÑOS;PAPELERIA;2416;4600;1.00;4600
52186;jueves; 18 de junio de 2026;7:59 p. m.;cajero 1;Vendedor ;1001;Ventas Mostrador;Nequi;1186;BAYETILLA CAMISA ROJA X3;ROPA;7500;14500;1.00;14500
52186;jueves; 18 de junio de 2026;7:59 p. m.;cajero 1;Vendedor ;1001;Ventas Mostrador;Nequi;7701021118295;PAÑAL WINNY ULTRATRIM SEC 1X16;PAÑAL;11820;15000;1.00;15000
52186;jueves; 18 de junio de 2026;7:59 p. m.;cajero 1;Vendedor ;1001;Ventas Mostrador;Nequi;1379;CONJUNTO MEIQUITOS BABY;ROPA;15000;30000;1.00;30000
52185;jueves; 18 de junio de 2026;7:19 p. m.;cajero 1;Vendedor ;1001;Ventas Mostrador;Efectivo;2112;BUSO CUELLO TORTUGA T - 2 A 16;COLEGIO;9000;15000;1.00;15000
52184;jueves; 18 de junio de 2026;7:03 p. m.;cajero 1;Vendedor ;1001;Ventas Mostrador;Efectivo;5817;BABERO PLASTICO RECOLECTOR;ACCESORIOS;3614;16000;1.00;16000
52183;jueves; 18 de junio de 2026;5:56 p. m.;cajero 1;Vendedor ;1001;Ventas Mostrador;Nequi;7701021111845;PAÑAL WINNY ULTRATRIM SEC 3X50;PAÑAL;50170;57900;1.00;53268
52183;jueves; 18 de junio de 2026;5:56 p. m.;cajero 1;Vendedor ;1001;Ventas Mostrador;Nequi;7701021145949;PAÑITOS WINNY ALOE X100;ASEO;9529;12500;1.00;12500
52182;jueves; 18 de junio de 2026;5:38 p. m.;cajero 1;Vendedor ;1001;Ventas Mostrador;Nequi;7707199344825;PAÑAL VALENTINA 3GX30;PAÑAL;26400;33000;1.00;33000
52181;jueves; 18 de junio de 2026;5:31 p. m.;cajero 1;Vendedor ;1001;Ventas Mostrador;Efectivo;1998;TORERO DE HILO;ROPA;20000;40000;1.00;40000
52181;jueves; 18 de junio de 2026;5:31 p. m.;cajero 1;Vendedor ;1001;Ventas Mostrador;Efectivo;2080-1;BODY BLANCO X UNIDAD;ROPA;5000;10000;1.00;10000
52180;jueves; 18 de junio de 2026;4:12 p. m.;cajero 1;Vendedor ;1001;Ventas Mostrador;Nequi;1334;PORTA LECHE X3;ACCESORIOS;10600;16100;1.00;16100
52179;jueves; 18 de junio de 2026;3:16 p. m.;cajero 1;Vendedor ;1001;Ventas Mostrador;Efectivo;1135;BATA LABORATORIO NIÑO;COLEGIO;14000;25000;1.00;25000
52178;jueves; 18 de junio de 2026;1:16 p. m.;cajero 1;Vendedor ;1001;Ventas Mostrador;Efectivo;7702277733447;COLONIA ARRURRU 60 ML AZUL;ASEO;11500;15700;1.00;15700
52177;jueves; 18 de junio de 2026;1:05 p. m.;cajero 1;Vendedor ;1001;Ventas Mostrador;Efectivo;1400;PAÑAL ETAPA 2 X UNIDAD;PAÑAL;825;1600;4.00;6400
52176;jueves; 18 de junio de 2026;12:00 p. m.;cajero 1;Vendedor ;1001;Ventas Mostrador;Nequi;1118;CAPA ESTAMPADA SENCILLA;LLUVIA;16000;40000;1.00;40000
52175;jueves; 18 de junio de 2026;10:57 a. m.;cajero 1;Vendedor ;1001;Ventas Mostrador;Efectivo;7702277244271;COLONIA ARRURRU 30 ML ROSADA NVA PRESENTACION;ASEO;6200;8300;1.00;8300
52175;jueves; 18 de junio de 2026;10:57 a. m.;cajero 1;Vendedor ;1001;Ventas Mostrador;Efectivo;1420-1;MEDIA BAMBI - TOBILLERA OSO;ROPA;6000;13000;1.00;13000
52174;jueves; 18 de junio de 2026;9:49 a. m.;cajero 1;Vendedor ;1001;Ventas Mostrador;Nequi;1806-3;CAMISETA SEDA FRIA CUELLO REDONDO;ROPA;15000;30000;1.00;30000
52173;miércoles; 17 de junio de 2026;7:38 p. m.;Maria Barbosa Neuque;Vendedor ;1001;Ventas Mostrador;Nequi;7707199344832;PAÑAL VALENTINA 4XG X30;PAÑAL;31588;40800;1.00;40800
52173;miércoles; 17 de junio de 2026;7:38 p. m.;Maria Barbosa Neuque;Vendedor ;1001;Ventas Mostrador;Nequi;7702057089290;YODORA X60+32 GRAMOS;ASEO;23307;28000;1.00;28000
52172;miércoles; 17 de junio de 2026;7:26 p. m.;Maria Barbosa Neuque;Vendedor ;1001;Ventas Mostrador;Nequi;1791;FORRO MEDIANO CALIBRE 4;ACCESORIOS;11000;17500;1.00;17500
52171;miércoles; 17 de junio de 2026;7:14 p. m.;Maria Barbosa Neuque;Vendedor ;1001;Ventas Mostrador;Efectivo;2229;BABERO MANGAS PLASTIFICADO;ACCESORIOS;5000;14500;1.00;14500
52170;miércoles; 17 de junio de 2026;6:40 p. m.;Maria Barbosa Neuque;Vendedor ;1001;Ventas Mostrador;Efectivo;7701021111845;PAÑAL WINNY ULTRATRIM SEC 3X50;PAÑAL;50170;57900;1.00;53268
52169;miércoles; 17 de junio de 2026;6:32 p. m.;Maria Barbosa Neuque;Vendedor ;1001;Ventas Mostrador;Nequi;1118;CAPA ESTAMPADA SENCILLA;LLUVIA;16000;40000;1.00;40000
52168;miércoles; 17 de junio de 2026;6:11 p. m.;Maria Barbosa Neuque;Vendedor ;1001;Ventas Mostrador;Efectivo;7702026147631;PAÑITOS PEQUEÑIN ALMENDRA X 100 UND;ASEO;8333;10900;1.00;10900
52167;miércoles; 17 de junio de 2026;6:09 p. m.;Maria Barbosa Neuque;Vendedor ;1001;Ventas Mostrador;Nequi;1133-6;MEDIA TOBACO X 3 T 0 A 18 MESES;ROPA;7500;13000;1.00;13000
52167;miércoles; 17 de junio de 2026;6:09 p. m.;Maria Barbosa Neuque;Vendedor ;1001;Ventas Mostrador;Nequi;1806-1;CAMISETA POLO SEDA FRIA NIÑO;ROPA;20000;40000;1.00;40000
52166;miércoles; 17 de junio de 2026;6:02 p. m.;Maria Barbosa Neuque;Vendedor ;1001;Ventas Mostrador;Efectivo;2117-1;MEDIAS RECIEN NACIDO X UNIDAD;ROPA;875;2500;1.00;2500
52165;miércoles; 17 de junio de 2026;5:16 p. m.;Maria Barbosa Neuque;Vendedor ;1001;Ventas Mostrador;Efectivo;7891010037185;CREMA ORIGINAL JOHNSON X200ML;ASEO;17620;22100;1.00;22100
52165;miércoles; 17 de junio de 2026;5:16 p. m.;Maria Barbosa Neuque;Vendedor ;1001;Ventas Mostrador;Efectivo;2120;SACO TERMICO BEBE;ROPA;9000;28000;1.00;28000
52165;miércoles; 17 de junio de 2026;5:16 p. m.;Maria Barbosa Neuque;Vendedor ;1001;Ventas Mostrador;Efectivo;6971233886362;TETERO AVENT / ONLY 11 ONZ REPLICA;ACCESORIOS;10000;22000;1.00;22000
52165;miércoles; 17 de junio de 2026;5:16 p. m.;Maria Barbosa Neuque;Vendedor ;1001;Ventas Mostrador;Efectivo;0202-1;CEPILLO MUSICAL + PEINILLA;ACCESORIOS;6000;11000;1.00;11000
52164;miércoles; 17 de junio de 2026;5:04 p. m.;Maria Barbosa Neuque;Vendedor ;1001;Ventas Mostrador;Efectivo;7702057088835;CREMA NUMERO.4 X20 GRAMOS ORIGINAL;ASEO;8562;9900;1.00;9900
52163;miércoles; 17 de junio de 2026;3:48 p. m.;Maria Barbosa Neuque;Vendedor ;1001;Ventas Mostrador;Nequi;1776;PRIMERA MUDA ALMOHADAS;ROPA;29000;48000;1.00;48000
52162;miércoles; 17 de junio de 2026;3:39 p. m.;Maria Barbosa Neuque;Vendedor ;1001;Ventas Mostrador;Nequi;4863;GORRA Y PAVA PANA DECORADA OSO;ACCESORIOS;11000;26500;1.00;26500
52162;miércoles; 17 de junio de 2026;3:39 p. m.;Maria Barbosa Neuque;Vendedor ;1001;Ventas Mostrador;Nequi;29-4C;SONAJERO PALO CHILLON;ACCESORIOS;10000;20000;1.00;20000
52161;miércoles; 17 de junio de 2026;11:54 a. m.;Maria Barbosa Neuque;Vendedor ;1001;Ventas Mostrador;Nequi;1003;PAPEL REGALO PLIEGO Y TARJETA;ACCESORIOS;340;1000;1.00;1000
52161;miércoles; 17 de junio de 2026;11:54 a. m.;Maria Barbosa Neuque;Vendedor ;1001;Ventas Mostrador;Nequi;1196-2;SUDADERA PAULIS DOBLE PANTALONEST2 A T10;ROPA;32620;66000;1.00;66000
52160;miércoles; 17 de junio de 2026;11:46 a. m.;Maria Barbosa Neuque;Vendedor ;1001;Ventas Mostrador;Efectivo;1565;PIJAMA FINA TERMICA NIÑO - NIÑA;ROPA;17998;44000;1.00;44000
52159;miércoles; 17 de junio de 2026;10:47 a. m.;Maria Barbosa Neuque;Vendedor ;1001;Ventas Mostrador;Efectivo;6959048200252;TOALLAS VALENTINA MATERNA X10;ASEO;8333;13500;3.00;40500
52158;miércoles; 17 de junio de 2026;10:45 a. m.;Maria Barbosa Neuque;Vendedor ;1001;Ventas Mostrador;Efectivo;7702031132844;ACEITE JOHNSON ORIGINAL X50ML;ASEO;6998;8800;1.00;8800
52157;miércoles; 17 de junio de 2026;10:10 a. m.;Maria Barbosa Neuque;Vendedor ;1001;Ventas Mostrador;Efectivo;PTQ1167;CHUPO REPUESTO ONLY KTT-030;ACCESORIOS;2500;6500;1.00;6500
52156;martes; 16 de junio de 2026;8:23 p. m.;cajero 1;Vendedor ;1001;Ventas Mostrador;Efectivo;7702277244271;COLONIA ARRURRU 30 ML ROSADA NVA PRESENTACION;ASEO;6200;8300;1.00;8300
52155;martes; 16 de junio de 2026;7:50 p. m.;cajero 1;Vendedor ;1001;Ventas Mostrador;Efectivo;6970817283337;PAÑITOS VALENTINA X 100;ASEO;6000;11600;1.00;11600
52154;martes; 16 de junio de 2026;7:08 p. m.;cajero 1;Vendedor ;1001;Ventas Mostrador;Nequi;1935;CHUPO ENTRETENCION SUPER HEROES / ANIMALITOS;ACCESORIOS;3749;13100;1.00;13100
52153;martes; 16 de junio de 2026;6:50 p. m.;cajero 1;Vendedor ;1001;Ventas Mostrador;Nequi;7702277883234;SHAMPOO ARRURRU 2 EN 1 AVENA POR 750 ML NUEVA PRESENTACION;ASEO;28500;42500;1.00;42500
52153;martes; 16 de junio de 2026;6:50 p. m.;cajero 1;Vendedor ;1001;Ventas Mostrador;Nequi;7702277642930;COLONIA ARRURRU 800 ML NUEVA PRESENTACION;ASEO;44900;69900;1.00;69900
52152;martes; 16 de junio de 2026;6:40 p. m.;cajero 1;Vendedor ;1001;Ventas Mostrador;Nequi;1588;BLUSA MATERNA RESORTE;MATERNA;25000;59000;1.00;59000
52151;martes; 16 de junio de 2026;6:26 p. m.;cajero 1;Vendedor ;1001;Ventas Mostrador;Efectivo;7707199344832;PAÑAL VALENTINA 4XG X30;PAÑAL;31588;40800;1.00;40800
52150;martes; 16 de junio de 2026;6:25 p. m.;cajero 1;Vendedor ;1001;Ventas Mostrador;Efectivo;1379;CONJUNTO MEIQUITOS BABY;ROPA;15000;30000;1.00;30000
52150;martes; 16 de junio de 2026;6:25 p. m.;cajero 1;Vendedor ;1001;Ventas Mostrador;Efectivo;1303-2;BALACA DE TELA NVO DISEÑO;ACCESORIOS;3000;7000;1.00;7000
52150;martes; 16 de junio de 2026;6:25 p. m.;cajero 1;Vendedor ;1001;Ventas Mostrador;Efectivo;7702026147631;PAÑITOS PEQUEÑIN ALMENDRA X 100 UND;ASEO;8333;10900;1.00;10900
52149;martes; 16 de junio de 2026;6:24 p. m.;cajero 1;Vendedor ;1001;Ventas Mostrador;Nequi;4863;GORRA Y PAVA PANA DECORADA OSO;ACCESORIOS;11000;26500;1.00;26500
52148;martes; 16 de junio de 2026;6:22 p. m.;cajero 1;Vendedor ;1001;Ventas Mostrador;Nequi;1363;GABAN NIÑA T: 2 - T: 4;ROPA;35000;70000;1.00;70000
52148;martes; 16 de junio de 2026;6:22 p. m.;cajero 1;Vendedor ;1001;Ventas Mostrador;Nequi;1419-5;MEDIA CACHIMIR VARIOS COLORES NIÑA;ROPA;12000;16900;1.00;16900
52147;martes; 16 de junio de 2026;6:16 p. m.;cajero 1;Vendedor ;1001;Ventas Mostrador;Nequi;1782;FORRO PASEADOR CALIBRE 4;ACCESORIOS;9000;14500;1.00;14500
52146;martes; 16 de junio de 2026;6:08 p. m.;cajero 1;Vendedor ;1001;Ventas Mostrador;Efectivo;1996;ESQUELETO POR UNIDAD CON DISEÑO TALLA 8;ROPA;3666;6500;2.00;13000
52146;martes; 16 de junio de 2026;6:08 p. m.;cajero 1;Vendedor ;1001;Ventas Mostrador;Efectivo;1996-1;ESQUELETO POR UNIDAD CON DISEÑO T:2 A T:10;ROPA;3666;6500;2.00;13000
52145;martes; 16 de junio de 2026;5:58 p. m.;cajero 1;Vendedor ;1001;Ventas Mostrador;Efectivo;2080;BODY BLANCO X3 REF2080;ROPA;15000;30000;1.00;30000
52145;martes; 16 de junio de 2026;5:58 p. m.;cajero 1;Vendedor ;1001;Ventas Mostrador;Efectivo;1196-2;SUDADERA PAULIS DOBLE PANTALONEST2 A T10;ROPA;32620;66000;1.00;66000
52144;martes; 16 de junio de 2026;5:53 p. m.;cajero 1;Vendedor ;1001;Ventas Mostrador;Efectivo;7701021116635;PAÑAL WINNY ULTRATRIM PANT 4X30;PAÑAL;38177;42600;1.00;40470
52143;martes; 16 de junio de 2026;5:51 p. m.;cajero 1;Vendedor ;1001;Ventas Mostrador;Nequi;0031-1;PIJAMA PIEL DURAZNO BOTON 2 PIEZAS;ROPA;17285;36000;1.00;36000
52143;martes; 16 de junio de 2026;5:51 p. m.;cajero 1;Vendedor ;1001;Ventas Mostrador;Nequi;0031-2;PIJAMA 2 PIEZAS BUSO CERRADO;ROPA;22000;40000;1.00;40000
52143;martes; 16 de junio de 2026;5:51 p. m.;cajero 1;Vendedor ;1001;Ventas Mostrador;Nequi;1133-6;MEDIA TOBACO X 3 T 0 A 18 MESES;ROPA;7500;13000;1.00;13000
52142;martes; 16 de junio de 2026;5:50 p. m.;cajero 1;Vendedor ;1001;Ventas Mostrador;Nequi;1363;GABAN NIÑA T: 2 - T: 4;ROPA;35000;70000;1.00;70000
52142;martes; 16 de junio de 2026;5:50 p. m.;cajero 1;Vendedor ;1001;Ventas Mostrador;Nequi;1994-2;VESTIDO VELO FLOR ELEGANTE;ROPA;65000;105000;1.00;105000
52141;martes; 16 de junio de 2026;5:31 p. m.;cajero 1;Vendedor ;1001;Ventas Mostrador;Daviplata;1138-2;SUDADERA SAFARY PAULIS & CO;ROPA;32650;64000;1.00;64000
52140;martes; 16 de junio de 2026;4:47 p. m.;cajero 1;Vendedor ;1001;Ventas Mostrador;Efectivo;2146;PAÑAL DE TELA CON DISEÑO X UNIDAD;PAÑAL;1833;6100;2.00;12200
52139;martes; 16 de junio de 2026;4:38 p. m.;cajero 1;Vendedor ;1001;Ventas Mostrador;QR Bancolombia;1133-6;MEDIA TOBACO X 3 T 0 A 18 MESES;ROPA;7500;13000;1.00;13000
52138;martes; 16 de junio de 2026;4:25 p. m.;cajero 1;Vendedor ;1001;Ventas Mostrador;Efectivo;1726;ZAPATO NO TUERCE;CALZADO;15000;35000;1.00;35000
52137;martes; 16 de junio de 2026;4:02 p. m.;cajero 1;Vendedor ;1001;Ventas Mostrador;Efectivo;1295;CREMA VALENTINA ANTIPAÑALITIS X110;ASEO;17500;25000;1.00;25000
52137;martes; 16 de junio de 2026;4:02 p. m.;cajero 1;Vendedor ;1001;Ventas Mostrador;Efectivo;7701021147585;PAÑAL WINNY ULTRATRIM SEC 4X50;PAÑAL;61716;71300;1.00;65596
52137;martes; 16 de junio de 2026;4:02 p. m.;cajero 1;Vendedor ;1001;Ventas Mostrador;Efectivo;7701021145949;PAÑITOS WINNY ALOE X100;ASEO;9529;12500;1.00;12500
52137;martes; 16 de junio de 2026;4:02 p. m.;cajero 1;Vendedor ;1001;Ventas Mostrador;Efectivo;2132;BOLSA DE REGALO PEQUEÑA DECORADA;PAPELERIA;1750;3200;1.00;3200
52136;martes; 16 de junio de 2026;3:47 p. m.;cajero 1;Vendedor ;1001;Ventas Mostrador;Efectivo;2146;PAÑAL DE TELA CON DISEÑO X UNIDAD;PAÑAL;1833;6100;1.00;6100
52136;martes; 16 de junio de 2026;3:47 p. m.;cajero 1;Vendedor ;1001;Ventas Mostrador;Efectivo;800610;SONAJERO PASTA OBSEQUIO;JUGUETES;2214;3500;1.00;3080
52135;martes; 16 de junio de 2026;3:23 p. m.;cajero 1;Vendedor ;1001;Ventas Mostrador;Efectivo;7702277882374;COLONIA ARRURRU 120 ML AZUL + JABON NVA PREST;ASEO;20600;25800;1.00;25800
52134;martes; 16 de junio de 2026;2:56 p. m.;cajero 1;Vendedor ;1001;Ventas Mostrador;Nequi;2117-1;MEDIAS RECIEN NACIDO X UNIDAD;ROPA;875;2500;1.00;2500
52134;martes; 16 de junio de 2026;2:56 p. m.;cajero 1;Vendedor ;1001;Ventas Mostrador;Nequi;1998-7;PRIMERA MUHDA TEJIDA;ROPA;17500;36000;1.00;36000
52133;martes; 16 de junio de 2026;2:44 p. m.;cajero 1;Vendedor ;1001;Ventas Mostrador;Nequi;7701021118318;PAñAL WINNY ULTRATRIM SEC 3X16;PAÑAL;17222;22300;1.00;22300
52132;martes; 16 de junio de 2026;1:10 p. m.;cajero 1;Vendedor ;1001;Ventas Mostrador;Nequi;7701021116499;PAÑAL WINNY ULTRATRIM SEC 1X30;PAÑAL;21743;25500;1.00;25500
52132;martes; 16 de junio de 2026;1:10 p. m.;cajero 1;Vendedor ;1001;Ventas Mostrador;Nequi;2203;ESQUELETO POR UNIDAD DISEÑO TALLA 4;ROPA;3666;6000;2.00;12000
52132;martes; 16 de junio de 2026;1:10 p. m.;cajero 1;Vendedor ;1001;Ventas Mostrador;Nequi;6957090201159;TETERO ONLY 4 ONZ SIN OREJAS;ACCESORIOS;6500;19000;1.00;19000
52132;martes; 16 de junio de 2026;1:10 p. m.;cajero 1;Vendedor ;1001;Ventas Mostrador;Nequi;7702026147631;PAÑITOS PEQUEÑIN ALMENDRA X 100 UND;ASEO;8333;10900;1.00;10900
52131;martes; 16 de junio de 2026;12:55 p. m.;cajero 1;Vendedor ;1001;Ventas Mostrador;Efectivo;138055651561;COPITOS VALENTINA X300 UN;ASEO;3416;6900;1.00;6900
52130;martes; 16 de junio de 2026;12:26 p. m.;cajero 1;Vendedor ;1001;Ventas Mostrador;Efectivo;7701021111975;PAÑAL WINNY 0X50;PAÑAL;32517;34500;1.00;34500
52130;martes; 16 de junio de 2026;12:26 p. m.;cajero 1;Vendedor ;1001;Ventas Mostrador;Efectivo;1196-2;SUDADERA PAULIS DOBLE PANTALONEST2 A T10;ROPA;32620;66000;1.00;66000
52129;martes; 16 de junio de 2026;10:52 a. m.;cajero 1;Vendedor ;1001;Ventas Mostrador;Efectivo;6957931451712;PAÑAL VALENTINA ADULTO PANT L X20;PAÑAL;59000;86200;1.00;86200
52128;lunes; 15 de junio de 2026;6:46 p. m.;cajero 1;Vendedor ;1001;Ventas Mostrador;Nequi;1902;GORRO ESTUCHE X3;ROPA;7000;18000;1.00;18000
52128;lunes; 15 de junio de 2026;6:46 p. m.;cajero 1;Vendedor ;1001;Ventas Mostrador;Nequi;1379;CONJUNTO MEIQUITOS BABY;ROPA;15000;30000;1.00;30000
52127;lunes; 15 de junio de 2026;6:12 p. m.;cajero 1;Vendedor ;1001;Ventas Mostrador;Efectivo;1135;BATA LABORATORIO NIÑO;COLEGIO;14000;25000;1.00;25000
52126;lunes; 15 de junio de 2026;6:03 p. m.;cajero 1;Vendedor ;1001;Ventas Mostrador;Nequi;7701021145949;PAÑITOS WINNY ALOE X100;ASEO;9529;12500;1.00;12500
52125;lunes; 15 de junio de 2026;5:54 p. m.;cajero 1;Vendedor ;1001;Ventas Mostrador;Efectivo;1003;PAPEL REGALO PLIEGO Y TARJETA;ACCESORIOS;340;1000;1.00;1000
52125;lunes; 15 de junio de 2026;5:54 p. m.;cajero 1;Vendedor ;1001;Ventas Mostrador;Efectivo;1718;ZAPATO TELA BEBE;CALZADO;10000;22000;1.00;22000
52125;lunes; 15 de junio de 2026;5:54 p. m.;cajero 1;Vendedor ;1001;Ventas Mostrador;Efectivo;1133-4;MEDIAS FASHION TALLA 2 A 4;ROPA;2500;3500;1.00;3500
52125;lunes; 15 de junio de 2026;5:54 p. m.;cajero 1;Vendedor ;1001;Ventas Mostrador;Efectivo;725-1;CONJUNTO GAB KIDS NIÑA /O T:2 A T:6;ROPA;43000;86000;1.00;83076
52124;lunes; 15 de junio de 2026;5:11 p. m.;cajero 1;Vendedor ;1001;Ventas Mostrador;Tarjeta Débito;7701021116499;PAÑAL WINNY ULTRATRIM SEC 1X30;PAÑAL;22400;25500;1.00;25500
52124;lunes; 15 de junio de 2026;5:11 p. m.;cajero 1;Vendedor ;1001;Ventas Mostrador;Tarjeta Débito;1918;BOLSA DE REGALO GRANDE JUMBO DECORADA;PAPELERIA;3300;6000;1.00;6000
52124;lunes; 15 de junio de 2026;5:11 p. m.;cajero 1;Vendedor ;1001;Ventas Mostrador;Tarjeta Débito;2093;SALIDA DE BAÑO T4 A T10;ASEO;22000;36000;1.00;36000
52124;lunes; 15 de junio de 2026;5:11 p. m.;cajero 1;Vendedor ;1001;Ventas Mostrador;Tarjeta Débito;7702277581130;PAÑITOS ARRURRU ALOE X120;ASEO;11500;14300;1.00;14300
52124;lunes; 15 de junio de 2026;5:11 p. m.;cajero 1;Vendedor ;1001;Ventas Mostrador;Tarjeta Débito;1608-1;SLEEPING NIÑO/NIÑA TERMICO;ACCESORIOS;20000;38000;1.00;38000
52123;lunes; 15 de junio de 2026;5:00 p. m.;cajero 1;Vendedor ;1001;Ventas Mostrador;Efectivo;2;TENIS DIESEL NIÑO T 21 A 31;CALZADO;27751;45000;1.00;24975
52122;lunes; 15 de junio de 2026;4:55 p. m.;cajero 1;Vendedor ;1001;Ventas Mostrador;Nequi;3211-3;CONJUNTO MELODY CHAQUETA BEISBOLERA NIÑO;ROPA;50000;110000;1.00;110000
52121;lunes; 15 de junio de 2026;4:40 p. m.;cajero 1;Vendedor ;1001;Ventas Mostrador;Efectivo;2117-1;MEDIAS RECIEN NACIDO X UNIDAD;ROPA;875;2500;3.00;7500
52120;lunes; 15 de junio de 2026;4:22 p. m.;cajero 1;Vendedor ;1001;Ventas Mostrador;Efectivo;7701021115140;PAÑAL WINNY ULTRATRIM SEC 2X16;PAÑAL;14118;16000;1.00;16000
52120;lunes; 15 de junio de 2026;4:22 p. m.;cajero 1;Vendedor ;1001;Ventas Mostrador;Efectivo;1943-1;BODY SUNNOZY X UNIDAD;ROPA;9600;17000;1.00;17000
52119;lunes; 15 de junio de 2026;3:43 p. m.;cajero 1;Vendedor ;1001;Ventas Mostrador;Nequi;1118;CAPA ESTAMPADA SENCILLA;LLUVIA;16000;40000;2.00;80000
52118;lunes; 15 de junio de 2026;3:39 p. m.;cajero 1;Vendedor ;1001;Ventas Mostrador;Nequi;2254-1;CAMISETA NIÑA/ NIÑO TIPO POLO;ROPA;13000;29500;1.00;29500
52117;lunes; 15 de junio de 2026;2:48 p. m.;cajero 1;Vendedor ;1001;Ventas Mostrador;Efectivo;7702277642930;COLONIA ARRURRU 800 ML NUEVA PRESENTACION;ASEO;51500;69900;1.00;69900
52116;lunes; 15 de junio de 2026;2:29 p. m.;cajero 1;Vendedor ;1001;Ventas Mostrador;Efectivo;7701021147585;PAÑAL WINNY ULTRATRIM SEC 4X50;PAÑAL;61716;71300;1.00;65596
52115;lunes; 15 de junio de 2026;1:57 p. m.;cajero 1;Vendedor ;1001;Ventas Mostrador;Efectivo;1003;PAPEL REGALO PLIEGO Y TARJETA;ACCESORIOS;340;1000;1.00;1000
52115;lunes; 15 de junio de 2026;1:57 p. m.;cajero 1;Vendedor ;1001;Ventas Mostrador;Efectivo;0031-2;PIJAMA 2 PIEZAS BUSO CERRADO;ROPA;22000;40000;1.00;40000
52114;lunes; 15 de junio de 2026;1:47 p. m.;cajero 1;Vendedor ;1001;Ventas Mostrador;Efectivo;6970817283337;PAÑITOS VALENTINA X 100;ASEO;6000;11600;1.00;11600
52113;lunes; 15 de junio de 2026;1:09 p. m.;cajero 1;Vendedor ;1001;Ventas Mostrador;Nequi;1196-3;SUDADERA PAULIS & CO JUNIOR CREMALLERA T4 A T10;ROPA;36500;75000;1.00;75000
52112;lunes; 15 de junio de 2026;1:05 p. m.;cajero 1;Vendedor ;1001;Ventas Mostrador;Efectivo;7702031132844;ACEITE JOHNSON ORIGINAL X50ML;ASEO;6998;8800;1.00;8800
52111;lunes; 15 de junio de 2026;12:58 p. m.;cajero 1;Vendedor ;1001;Ventas Mostrador;Nequi;5001;MEDIA BLANCA PELLIZCO T:4 A T:12;COLEGIO;8750;12500;1.00;12500
52110;lunes; 15 de junio de 2026;12:55 p. m.;cajero 1;Vendedor ;1001;Ventas Mostrador;Nequi;2224;TUTU POR UNIDAD;ROPA;13000;26900;1.00;26900
52109;lunes; 15 de junio de 2026;12:50 p. m.;cajero 1;Vendedor ;1001;Ventas Mostrador;Efectivo;7707199346249;PAÑAL VALENTINA 1PX50;PAÑAL;29800;37300;1.00;37300
52109;lunes; 15 de junio de 2026;12:50 p. m.;cajero 1;Vendedor ;1001;Ventas Mostrador;Efectivo;6927022243274;PAÑAL VALENTINA R.N 0X50;PAÑAL;30126;36000;1.00;36000
52108;lunes; 15 de junio de 2026;12:47 p. m.;cajero 1;Vendedor ;1001;Ventas Mostrador;Efectivo;2117-1;MEDIAS RECIEN NACIDO X UNIDAD;ROPA;875;2500;5.00;12500
52107;lunes; 15 de junio de 2026;12:14 p. m.;cajero 1;Vendedor ;1001;Ventas Mostrador;Tarjeta Débito;7701021116536;PAÑAL WINNY ULTRATRIM SEC 2X30;PAÑAL;25978;29700;1.00;29700
52107;lunes; 15 de junio de 2026;12:14 p. m.;cajero 1;Vendedor ;1001;Ventas Mostrador;Tarjeta Débito;1918;BOLSA DE REGALO GRANDE JUMBO DECORADA;PAPELERIA;3144;6000;1.00;6000
52107;lunes; 15 de junio de 2026;12:14 p. m.;cajero 1;Vendedor ;1001;Ventas Mostrador;Tarjeta Débito;7702277892861;ESTUCHE ARRURRU ABUELITA NIÑA NVA PRESENTACION;ASEO;60350;90000;1.00;90000
52106;lunes; 15 de junio de 2026;12:01 p. m.;cajero 1;Vendedor ;1001;Ventas Mostrador;Efectivo;1768;MEDIAS ESPAÑOLA MOÑO ANAVID;ROPA;8500;13500;1.00;13500
52105;lunes; 15 de junio de 2026;11:37 a. m.;cajero 1;Vendedor ;1001;Ventas Mostrador;Efectivo;7701021116536;PAÑAL WINNY ULTRATRIM SEC 2X30;PAÑAL;25978;29700;1.00;29700
52104;lunes; 15 de junio de 2026;11:32 a. m.;cajero 1;Vendedor ;1001;Ventas Mostrador;Tarjeta Débito;1159-1;TETEROS ONLY X 2 UNID DE 2 ONZ;ACCESORIOS;15000;25000;1.00;25000
52103;lunes; 15 de junio de 2026;11:27 a. m.;cajero 1;Vendedor ;1001;Ventas Mostrador;Efectivo;1782;FORRO PASEADOR CALIBRE 4;ACCESORIOS;9000;14500;1.00;14500
52102;lunes; 15 de junio de 2026;10:12 a. m.;cajero 1;Vendedor ;1001;Ventas Mostrador;Nequi;1980;MEDIAS MICROFIBRA 2-4-6-8-10-12;ROPA;8500;17900;1.00;17900
52101;domingo; 14 de junio de 2026;7:43 p. m.;cajero 1;;1001;Ventas Mostrador;Daviplata;7707199344832;PAÑAL VALENTINA 4XG X30;PAÑAL;31588;40800;1.00;40800
52100;domingo; 14 de junio de 2026;7:13 p. m.;cajero 1;;1001;Ventas Mostrador;Tarjeta Débito;7701021147585;PAÑAL WINNY ULTRATRIM SEC 4X50;PAÑAL;61716;71300;1.00;71300
52099;domingo; 14 de junio de 2026;7:08 p. m.;cajero 1;;1001;Ventas Mostrador;Nequi;1133-6;MEDIA TOBACO X 3 T 0 A 18 MESES;ROPA;7500;13000;1.00;13000
52098;domingo; 14 de junio de 2026;7:00 p. m.;cajero 1;;1001;Ventas Mostrador;Efectivo;1726;ZAPATO NO TUERCE;CALZADO;15000;35000;1.00;35000
52098;domingo; 14 de junio de 2026;7:00 p. m.;cajero 1;;1001;Ventas Mostrador;Efectivo;7702277677239;COLONIA ARRURRU 60 ML ROSADA;ASEO;11500;15700;1.00;15700
52098;domingo; 14 de junio de 2026;7:00 p. m.;cajero 1;;1001;Ventas Mostrador;Efectivo;2925;JARDINERA PANA PUPPY;ROPA;40000;70000;1.00;70000
52097;domingo; 14 de junio de 2026;6:53 p. m.;cajero 1;;1001;Ventas Mostrador;Efectivo;138055651561;COPITOS VALENTINA X300 UN;ASEO;3416;6900;1.00;6900
52096;domingo; 14 de junio de 2026;6:39 p. m.;cajero 1;;1001;Ventas Mostrador;Nequi;2084;COBIJA VICTORIA;LENCERIA;38000;65000;1.00;65000
52095;domingo; 14 de junio de 2026;6:32 p. m.;cajero 1;;1001;Ventas Mostrador;Daviplata;1980;MEDIAS MICROFIBRA 2-4-6-8-10-12;ROPA;8500;17900;2.00;35800
52094;domingo; 14 de junio de 2026;6:15 p. m.;cajero 1;;1001;Ventas Mostrador;Efectivo;1726;ZAPATO NO TUERCE;CALZADO;15000;35000;1.00;35000
52093;domingo; 14 de junio de 2026;6:06 p. m.;cajero 1;;1001;Ventas Mostrador;Efectivo;6971233886362;TETERO AVENT / ONLY 11 ONZ REPLICA;ACCESORIOS;10000;22000;1.00;22000
52092;domingo; 14 de junio de 2026;6:02 p. m.;cajero 1;;1001;Ventas Mostrador;Efectivo;7701021114006;PAÑAL WINNY ULTRATRIM SEC 4X30;PAÑAL;38518;42600;1.00;40470
52092;domingo; 14 de junio de 2026;6:02 p. m.;cajero 1;;1001;Ventas Mostrador;Efectivo;7702191662977;JABON DOVE BABY EN BARRA;ASEO;3966;5800;1.00;5800
52091;domingo; 14 de junio de 2026;6:01 p. m.;cajero 1;;1001;Ventas Mostrador;Efectivo;4175;PAÑAL ETAPA 3 X UNIDAD;PAÑAL;773;1600;3.00;4800
52090;domingo; 14 de junio de 2026;5:17 p. m.;cajero 1;;1001;Ventas Mostrador;Efectivo;2084;COBIJA VICTORIA;LENCERIA;38000;65000;1.00;65000
52089;domingo; 14 de junio de 2026;5:09 p. m.;cajero 1;;1001;Ventas Mostrador;Efectivo;7702277617112;COLONIA ARRURRU 800 ML ROSADA NVA PRESENT;ASEO;45200;69900;1.00;69900
52088;domingo; 14 de junio de 2026;4:41 p. m.;cajero 1;;1001;Ventas Mostrador;Efectivo;1003;PAPEL REGALO PLIEGO Y TARJETA;ACCESORIOS;340;1000;1.00;1000
52088;domingo; 14 de junio de 2026;4:41 p. m.;cajero 1;;1001;Ventas Mostrador;Efectivo;7701021116499;PAÑAL WINNY ULTRATRIM SEC 1X30;PAÑAL;22400;25500;1.00;25500
52088;domingo; 14 de junio de 2026;4:41 p. m.;cajero 1;;1001;Ventas Mostrador;Efectivo;7701021145949;PAÑITOS WINNY ALOE X100;ASEO;9529;12500;1.00;12500
52087;domingo; 14 de junio de 2026;4:33 p. m.;cajero 1;;1001;Ventas Mostrador;Efectivo;1420;MEDIAS ENCAJE MARATHON;ROPA;8500;14500;1.00;14500
52086;domingo; 14 de junio de 2026;4:32 p. m.;cajero 1;;1001;Ventas Mostrador;Efectivo;2095;VESTIDO UNICORNIO;ROPA;18000;68000;1.00;68000
52085;domingo; 14 de junio de 2026;4:26 p. m.;cajero 1;;1001;Ventas Mostrador;Efectivo;1003;PAPEL REGALO PLIEGO Y TARJETA;ACCESORIOS;340;1000;1.00;1000
52085;domingo; 14 de junio de 2026;4:26 p. m.;cajero 1;;1001;Ventas Mostrador;Efectivo;7701021116512;PAÑAL WINNY ULTRATRIM SEC 1X50;PAÑAL;36237;41500;1.00;39218
52085;domingo; 14 de junio de 2026;4:26 p. m.;cajero 1;;1001;Ventas Mostrador;Efectivo;1379;CONJUNTO MEIQUITOS BABY;ROPA;15000;30000;1.00;30000
52084;domingo; 14 de junio de 2026;4:19 p. m.;cajero 1;;1001;Ventas Mostrador;Nequi;7701021114006;PAÑAL WINNY ULTRATRIM SEC 4X30;PAÑAL;38518;42600;1.00;40470
52083;domingo; 14 de junio de 2026;4:17 p. m.;cajero 1;;1001;Ventas Mostrador;Daviplata;1917;BOLSA DE REGALO MEDIANA DECORADA NIÑOS;PAPELERIA;2416;4600;1.00;4600
52083;domingo; 14 de junio de 2026;4:17 p. m.;cajero 1;;1001;Ventas Mostrador;Daviplata;2132;BOLSA DE REGALO PEQUEÑA DECORADA;PAPELERIA;1750;3200;1.00;3200
52083;domingo; 14 de junio de 2026;4:17 p. m.;cajero 1;;1001;Ventas Mostrador;Daviplata;7701021115140;PAÑAL WINNY ULTRATRIM SEC 2X16;PAÑAL;14118;16000;1.00;16000
52082;domingo; 14 de junio de 2026;4:14 p. m.;cajero 1;;1001;Ventas Mostrador;Nequi;7701021115140;PAÑAL WINNY ULTRATRIM SEC 2X16;PAÑAL;14118;16000;1.00;16000
52081;domingo; 14 de junio de 2026;4:12 p. m.;cajero 1;;1001;Ventas Mostrador;Nequi;2066;CAMBIADOR + TOALLA CREACIONES RUSSI;ACCESORIOS;10000;25000;1.00;25000
52080;domingo; 14 de junio de 2026;3:47 p. m.;cajero 1;;1001;Ventas Mostrador;Efectivo;1726;ZAPATO NO TUERCE;CALZADO;15000;35000;1.00;35000
52079;domingo; 14 de junio de 2026;3:46 p. m.;cajero 1;;1001;Ventas Mostrador;Nequi;2132;BOLSA DE REGALO PEQUEÑA DECORADA;PAPELERIA;1750;3200;1.00;3200
52079;domingo; 14 de junio de 2026;3:46 p. m.;cajero 1;;1001;Ventas Mostrador;Nequi;1196-2;SUDADERA PAULIS DOBLE PANTALONEST2 A T10;ROPA;32620;66000;1.00;66000
52078;domingo; 14 de junio de 2026;3:28 p. m.;cajero 1;;1001;Ventas Mostrador;Efectivo;1344;FORRO EXTRA GRANDE CALIBRE 4;ACCESORIOS;12000;19500;1.00;19500
52077;domingo; 14 de junio de 2026;3:21 p. m.;cajero 1;;1001;Ventas Mostrador;Daviplata;7701021116635;PAÑAL WINNY ULTRATRIM PANT 4X30;PAÑAL;38177;42600;1.00;40470
52076;domingo; 14 de junio de 2026;3:20 p. m.;cajero 1;;1001;Ventas Mostrador;Efectivo;PTQ1167;CHUPO REPUESTO ONLY KTT-030;ACCESORIOS;2500;6500;1.00;6500
52075;domingo; 14 de junio de 2026;3:18 p. m.;cajero 1;;1001;Ventas Mostrador;Efectivo;1003;PAPEL REGALO PLIEGO Y TARJETA;ACCESORIOS;340;1000;1.00;1000
52075;domingo; 14 de junio de 2026;3:18 p. m.;cajero 1;;1001;Ventas Mostrador;Efectivo;0328-2;BODY *3 CON LEYENDA;ROPA;18000;35000;1.00;35000
52075;domingo; 14 de junio de 2026;3:18 p. m.;cajero 1;;1001;Ventas Mostrador;Efectivo;1634-1;JEANS BOTA CAMPANA BEBE T:2 Y T4;ROPA;28000;55000;1.00;55000
52074;domingo; 14 de junio de 2026;2:50 p. m.;cajero 1;;1001;Ventas Mostrador;Nequi;4175;PAÑAL ETAPA 3 X UNIDAD;PAÑAL;773;1600;4.00;6400
52073;domingo; 14 de junio de 2026;2:45 p. m.;cajero 1;;1001;Ventas Mostrador;Efectivo;7707233050101;BIBERON CORCHITO MANIJA 8 ONZ;ACCESORIOS;4905;13000;2.00;26000
52073;domingo; 14 de junio de 2026;2:45 p. m.;cajero 1;;1001;Ventas Mostrador;Efectivo;7707233050026;CHUPO BLANDO REPUESTO BIBERON CORCHITO NRO 3;ACCESORIOS;586;2600;3.00;7800
52073;domingo; 14 de junio de 2026;2:45 p. m.;cajero 1;;1001;Ventas Mostrador;Efectivo;7707233050019;CHUPO CORCHITO MEDIADO NRO 2;ACCESORIOS;556;2400;1.00;2400
52072;domingo; 14 de junio de 2026;2:42 p. m.;cajero 1;;1001;Ventas Mostrador;Tarjeta crédito;1003;PAPEL REGALO PLIEGO Y TARJETA;ACCESORIOS;340;1000;4.00;4000
52072;domingo; 14 de junio de 2026;2:42 p. m.;cajero 1;;1001;Ventas Mostrador;Tarjeta crédito;1186;BAYETILLA CAMISA ROJA X3;ROPA;7500;14500;1.00;14500
52072;domingo; 14 de junio de 2026;2:42 p. m.;cajero 1;;1001;Ventas Mostrador;Tarjeta crédito;7701021116536;PAÑAL WINNY ULTRATRIM SEC 2X30;PAÑAL;25978;29700;1.00;29700
52072;domingo; 14 de junio de 2026;2:42 p. m.;cajero 1;;1001;Ventas Mostrador;Tarjeta crédito;7701021111821;PAÑAL WINNY ULTRATRIM 3X30;PAÑAL;32500;35800;1.00;35800
52072;domingo; 14 de junio de 2026;2:42 p. m.;cajero 1;;1001;Ventas Mostrador;Tarjeta crédito;3064;COBERTOR OVEJERO CON ESTAMPADO;LENCERIA;16000;39000;1.00;39000
52072;domingo; 14 de junio de 2026;2:42 p. m.;cajero 1;;1001;Ventas Mostrador;Tarjeta crédito;7702026147631;PAÑITOS PEQUEÑIN ALMENDRA X 100 UND;ASEO;8333;10900;2.00;21800
52071;domingo; 14 de junio de 2026;2:22 p. m.;cajero 1;;1001;Ventas Mostrador;Efectivo;2249;PIJAMA ENTERIZA KOKITOS T6 - T 8;ROPA;18000;37000;1.00;37000
52070;domingo; 14 de junio de 2026;2:18 p. m.;cajero 1;;1001;Ventas Mostrador;Tarjeta Débito;1935;CHUPO ENTRETENCION SUPER HEROES / ANIMALITOS;ACCESORIOS;3749;13100;1.00;13100
52070;domingo; 14 de junio de 2026;2:18 p. m.;cajero 1;;1001;Ventas Mostrador;Tarjeta Débito;2143;GORRO ALGODON X 3;ROPA;5000;13000;1.00;13000
52070;domingo; 14 de junio de 2026;2:18 p. m.;cajero 1;;1001;Ventas Mostrador;Tarjeta Débito;1420-1;MEDIA BAMBI - TOBILLERA OSO;ROPA;6000;13000;1.00;13000
52070;domingo; 14 de junio de 2026;2:18 p. m.;cajero 1;;1001;Ventas Mostrador;Tarjeta Débito;1943-2;BODY LEYENDA MATERNA;ROPA;15000;25000;1.00;25000
52069;domingo; 14 de junio de 2026;2:12 p. m.;cajero 1;;1001;Ventas Mostrador;Daviplata;1003;PAPEL REGALO PLIEGO Y TARJETA;ACCESORIOS;340;1000;1.00;1000
52069;domingo; 14 de junio de 2026;2:12 p. m.;cajero 1;;1001;Ventas Mostrador;Daviplata;2056;RUANA FINA ABIERTA NIÑA;LENCERIA;24000;48000;2.00;96000
52069;domingo; 14 de junio de 2026;2:12 p. m.;cajero 1;;1001;Ventas Mostrador;Daviplata;1196-2;SUDADERA PAULIS DOBLE PANTALONEST2 A T10;ROPA;32620;66000;1.00;66000
52068;domingo; 14 de junio de 2026;1:44 p. m.;cajero 1;;1001;Ventas Mostrador;Tarjeta crédito;1003;PAPEL REGALO PLIEGO Y TARJETA;ACCESORIOS;340;1000;2.00;2000
52068;domingo; 14 de junio de 2026;1:44 p. m.;cajero 1;;1001;Ventas Mostrador;Tarjeta crédito;2201;COBIJA DOBLE ALMOHADA;LENCERIA;36000;65000;1.00;65000
52067;domingo; 14 de junio de 2026;1:17 p. m.;cajero 1;;1001;Ventas Mostrador;Nequi;1791;FORRO MEDIANO CALIBRE 4;ACCESORIOS;11000;17500;1.00;17500
52066;domingo; 14 de junio de 2026;1:16 p. m.;cajero 1;;1001;Ventas Mostrador;Efectivo;1003;PAPEL REGALO PLIEGO Y TARJETA;ACCESORIOS;340;1000;1.00;1000
52065;domingo; 14 de junio de 2026;12:48 p. m.;cajero 1;;1001;Ventas Mostrador;Nequi;1174;BUSO CUELLO REDONDO COLORES;ROPA;9000;16000;1.00;16000
52065;domingo; 14 de junio de 2026;12:48 p. m.;cajero 1;;1001;Ventas Mostrador;Nequi;1768;MEDIAS ESPAÑOLA MOÑO ANAVID;ROPA;8500;13500;1.00;13500
52064;domingo; 14 de junio de 2026;12:46 p. m.;cajero 1;;1001;Ventas Mostrador;Nequi;7701021116635;PAÑAL WINNY ULTRATRIM PANT 4X30;PAÑAL;38177;42600;1.00;40470
52063;domingo; 14 de junio de 2026;12:42 p. m.;cajero 1;;1001;Ventas Mostrador;Efectivo;1174;BUSO CUELLO REDONDO COLORES;ROPA;9000;16000;1.00;16000
52063;domingo; 14 de junio de 2026;12:42 p. m.;cajero 1;;1001;Ventas Mostrador;Efectivo;1980;MEDIAS MICROFIBRA 2-4-6-8-10-12;ROPA;8500;17900;1.00;17900
52062;domingo; 14 de junio de 2026;12:24 p. m.;cajero 1;;1001;Ventas Mostrador;Nequi;1003;PAPEL REGALO PLIEGO Y TARJETA;ACCESORIOS;340;1000;2.00;2000
52062;domingo; 14 de junio de 2026;12:24 p. m.;cajero 1;;1001;Ventas Mostrador;Nequi;1608;SLEEPING NIÑO/NIÑA;LENCERIA;19028;40000;1.00;40000
52062;domingo; 14 de junio de 2026;12:24 p. m.;cajero 1;;1001;Ventas Mostrador;Nequi;7701021111821;PAÑAL WINNY ULTRATRIM 3X30;PAÑAL;32500;35800;1.00;33999
52061;domingo; 14 de junio de 2026;12:01 p. m.;cajero 1;;1001;Ventas Mostrador;Nequi;2146;PAÑAL DE TELA CON DISEÑO X UNIDAD;PAÑAL;1833;6100;2.00;12200
52060;domingo; 14 de junio de 2026;11:41 a. m.;cajero 1;;1001;Ventas Mostrador;Nequi;2152-1;CONJUNTO 3 PIEZAS T:2 A T:8 PAULIS;ROPA;35000;72000;1.00;50400
52059;domingo; 14 de junio de 2026;9:12 a. m.;cajero 1;;1001;Ventas Mostrador;Nequi;7701021116635;PAÑAL WINNY ULTRATRIM PANT 4X30;PAÑAL;38482;42600;1.00;40470
52059;domingo; 14 de junio de 2026;9:12 a. m.;cajero 1;;1001;Ventas Mostrador;Nequi;7702026147631;PAÑITOS PEQUEÑIN ALMENDRA X 100 UND;ASEO;8333;10900;1.00;10900
52058;sábado; 13 de junio de 2026;8:23 p. m.;cajero 1;;1001;Ventas Mostrador;Efectivo;1003;PAPEL REGALO PLIEGO Y TARJETA;ACCESORIOS;340;1000;1.00;1000
52058;sábado; 13 de junio de 2026;8:23 p. m.;cajero 1;;1001;Ventas Mostrador;Efectivo;7701021116512;PAÑAL WINNY ULTRATRIM SEC 1X50;PAÑAL;36237;41500;1.00;39197
52058;sábado; 13 de junio de 2026;8:23 p. m.;cajero 1;;1001;Ventas Mostrador;Efectivo;7702026147631;PAÑITOS PEQUEÑIN ALMENDRA X 100 UND;ASEO;8333;10900;1.00;10900
52057;sábado; 13 de junio de 2026;8:12 p. m.;cajero 1;;1001;Ventas Mostrador;Nequi;7702031132844;ACEITE JOHNSON ORIGINAL X50ML;ASEO;6998;8800;1.00;8800
52056;sábado; 13 de junio de 2026;7:31 p. m.;cajero 1;;1001;Ventas Mostrador;Efectivo;1917;BOLSA DE REGALO MEDIANA DECORADA NIÑOS;PAPELERIA;2416;4600;1.00;4600
52055;sábado; 13 de junio de 2026;6:58 p. m.;cajero 1;;1001;Ventas Mostrador;Tarjeta Débito;7702031878452;CREMA DE PEINAR EXTRA HUMECTANTE X 200 ML;ASEO;17120;21400;1.00;21400
52055;sábado; 13 de junio de 2026;6:58 p. m.;cajero 1;;1001;Ventas Mostrador;Tarjeta Débito;7702031036746;CREMA JOHNSON LIQUIDA ANTES DE DORMIR X 200 ML;ASEO;14500;20500;1.00;20500
52055;sábado; 13 de junio de 2026;6:58 p. m.;cajero 1;;1001;Ventas Mostrador;Tarjeta Débito;1175;CIRIO DECORADO;BAUTIZO;10000;17000;1.00;17000
52054;sábado; 13 de junio de 2026;6:51 p. m.;cajero 1;;1001;Ventas Mostrador;Efectivo;1003;PAPEL REGALO PLIEGO Y TARJETA;ACCESORIOS;340;1000;1.00;1000
52053;sábado; 13 de junio de 2026;6:15 p. m.;cajero 1;;1001;Ventas Mostrador;Nequi;1726;ZAPATO NO TUERCE;CALZADO;15000;35000;1.00;35000
52052;sábado; 13 de junio de 2026;6:12 p. m.;cajero 1;;1001;Ventas Mostrador;Daviplata;1726;ZAPATO NO TUERCE;CALZADO;15000;35000;1.00;35000
52052;sábado; 13 de junio de 2026;6:12 p. m.;cajero 1;;1001;Ventas Mostrador;Daviplata;1980;MEDIAS MICROFIBRA 2-4-6-8-10-12;ROPA;8500;17900;1.00;17900
52052;sábado; 13 de junio de 2026;6:12 p. m.;cajero 1;;1001;Ventas Mostrador;Daviplata;2925;JARDINERA PANA PUPPY;ROPA;40000;70000;1.00;70000
52051;sábado; 13 de junio de 2026;5:58 p. m.;cajero 1;;1001;Ventas Mostrador;Nequi;3211-6;CONJUNTO MYP CHALECO PANA;ROPA;50000;97000;1.00;97000
52050;sábado; 13 de junio de 2026;5:58 p. m.;cajero 1;;1001;Ventas Mostrador;Nequi;7707199344825;PAÑAL VALENTINA 3GX30;PAÑAL;26400;33000;2.00;66000
52049;sábado; 13 de junio de 2026;5:47 p. m.;cajero 1;;1001;Ventas Mostrador;Efectivo;7701021147585;PAÑAL WINNY ULTRATRIM SEC 4X50;PAÑAL;61716;71300;1.00;65596
52048;sábado; 13 de junio de 2026;5:39 p. m.;cajero 1;;1001;Ventas Mostrador;Efectivo;7702277884569;COLONIA ARRURRU 400 ML ROSADA+CREMA X 220 ORIGINAL;ASEO;42400;53000;1.00;53000
52047;sábado; 13 de junio de 2026;5:38 p. m.;cajero 1;;1001;Ventas Mostrador;Efectivo;7891150036383;JABON LIQUIDO DOVE BABY HIPOALERGENICO;ASEO;18000;23500;1.00;23500
52046;sábado; 13 de junio de 2026;5:36 p. m.;cajero 1;;1001;Ventas Mostrador;Efectivo;7701021147585;PAÑAL WINNY ULTRATRIM SEC 4X50;PAÑAL;61716;71300;1.00;65596
52045;sábado; 13 de junio de 2026;5:31 p. m.;cajero 1;;1001;Ventas Mostrador;Nequi;1980;MEDIAS MICROFIBRA 2-4-6-8-10-12;ROPA;8500;17900;1.00;17900
52045;sábado; 13 de junio de 2026;5:31 p. m.;cajero 1;;1001;Ventas Mostrador;Nequi;2203;ESQUELETO POR UNIDAD DISEÑO TALLA 4;ROPA;3666;6000;3.00;18000
52045;sábado; 13 de junio de 2026;5:31 p. m.;cajero 1;;1001;Ventas Mostrador;Nequi;2155;ROPA INTERIOR NIÑO X UNIDAD;ROPA;2500;6200;2.00;12400
52044;sábado; 13 de junio de 2026;5:00 p. m.;cajero 1;;1001;Ventas Mostrador;Efectivo;4863-2;PAVA BEBE EN PANA -DRILL;ACCESORIOS;13000;28500;2.00;50000
52043;sábado; 13 de junio de 2026;4:57 p. m.;cajero 1;;1001;Ventas Mostrador;Nequi;1111;TRIO KIT MATERNO PIJAMA+PANTUFLAS;ROPA;30600;55000;1.00;55000
52042;sábado; 13 de junio de 2026;4:53 p. m.;cajero 1;;1001;Ventas Mostrador;Efectivo;1003;PAPEL REGALO PLIEGO Y TARJETA;ACCESORIOS;340;1000;1.00;1000
52042;sábado; 13 de junio de 2026;4:53 p. m.;cajero 1;;1001;Ventas Mostrador;Efectivo;7701021116536;PAÑAL WINNY ULTRATRIM SEC 2X30;PAÑAL;25978;29700;1.00;29700
52042;sábado; 13 de junio de 2026;4:53 p. m.;cajero 1;;1001;Ventas Mostrador;Efectivo;22732;JARDINERA NISAM T: 6 A 9 MESES;ROPA;25000;48000;1.00;48000
52041;sábado; 13 de junio de 2026;4:21 p. m.;cajero 1;;1001;Ventas Mostrador;Tarjeta crédito;1917;BOLSA DE REGALO MEDIANA DECORADA NIÑOS;PAPELERIA;2416;4600;1.00;4600
52041;sábado; 13 de junio de 2026;4:21 p. m.;cajero 1;;1001;Ventas Mostrador;Tarjeta crédito;7702026147631;PAÑITOS PEQUEÑIN ALMENDRA X 100 UND;ASEO;8333;10900;1.00;10900
52041;sábado; 13 de junio de 2026;4:21 p. m.;cajero 1;;1001;Ventas Mostrador;Tarjeta crédito;3211-1;CONJUNTO MYP SCO EN HILO;ROPA;53000;90000;1.00;90000
52040;sábado; 13 de junio de 2026;4:19 p. m.;cajero 1;;1001;Ventas Mostrador;Daviplata;7701021144829;PAÑAL WINNY ULTRATRIM SENSITIVE 0X30;PAÑAL;19511;23500;1.00;23500
52040;sábado; 13 de junio de 2026;4:19 p. m.;cajero 1;;1001;Ventas Mostrador;Daviplata;1918;BOLSA DE REGALO GRANDE JUMBO DECORADA;PAPELERIA;3144;6000;1.00;6000
52039;sábado; 13 de junio de 2026;3:49 p. m.;cajero 1;;1001;Ventas Mostrador;Nequi;7707199344825;PAÑAL VALENTINA 3GX30;PAÑAL;26400;33000;1.00;33000
52038;sábado; 13 de junio de 2026;3:43 p. m.;cajero 1;;1001;Ventas Mostrador;Tarjeta Débito;1303-2;BALACA DE TELA NVO DISEÑO;ACCESORIOS;3000;7000;2.00;14000
52037;sábado; 13 de junio de 2026;3:42 p. m.;cajero 1;;1001;Ventas Mostrador;Efectivo;1138-2;SUDADERA SAFARY PAULIS & CO;ROPA;32650;64000;1.00;64000
52036;sábado; 13 de junio de 2026;3:35 p. m.;cajero 1;;1001;Ventas Mostrador;Daviplata;3019;VESTIDO DE BAÑO NIÑA DESCOTE ESPALDA;PISCINA;35000;56000;1.00;56000
52035;sábado; 13 de junio de 2026;3:11 p. m.;cajero 1;;1001;Ventas Mostrador;Efectivo;2025;MEDIA PATIN;ROPA;2519;6500;1.00;6500
52034;sábado; 13 de junio de 2026;3:06 p. m.;cajero 1;;1001;Ventas Mostrador;Daviplata;1720;PASEADOR TIPO SOMBRILLA;COCHES - PASEADOR;130000;190000;1.00;190000
52034;sábado; 13 de junio de 2026;3:06 p. m.;cajero 1;;1001;Ventas Mostrador;Daviplata;1782;FORRO PASEADOR CALIBRE 4;ACCESORIOS;9000;14500;1.00;0
52033;sábado; 13 de junio de 2026;3:03 p. m.;cajero 1;;1001;Ventas Mostrador;Tarjeta Débito;7701021145949;PAÑITOS WINNY ALOE X100;ASEO;9529;12500;1.00;12500
52033;sábado; 13 de junio de 2026;3:03 p. m.;cajero 1;;1001;Ventas Mostrador;Tarjeta Débito;2117-1;MEDIAS RECIEN NACIDO X UNIDAD;ROPA;875;2500;2.00;5000
52033;sábado; 13 de junio de 2026;3:03 p. m.;cajero 1;;1001;Ventas Mostrador;Tarjeta Débito;7702277943150....;ESTUCHE VIAJERO NIÑO NVA PRESENTACION;ASEO;23800;32200;1.00;32200
52032;sábado; 13 de junio de 2026;2:46 p. m.;cajero 1;;1001;Ventas Mostrador;Efectivo;1003;PAPEL REGALO PLIEGO Y TARJETA;ACCESORIOS;340;1000;2.00;2000
52032;sábado; 13 de junio de 2026;2:46 p. m.;cajero 1;;1001;Ventas Mostrador;Efectivo;7702277375838;ESTUCHE ARRURRU VIAJERO ROSADO NVA PRESENTACION;ASEO;23800;32200;1.00;32200
52032;sábado; 13 de junio de 2026;2:46 p. m.;cajero 1;;1001;Ventas Mostrador;Efectivo;7702026147631;PAÑITOS PEQUEÑIN ALMENDRA X 100 UND;ASEO;8333;10900;1.00;10900
52032;sábado; 13 de junio de 2026;2:46 p. m.;cajero 1;;1001;Ventas Mostrador;Efectivo;0031-1;PIJAMA PIEL DURAZNO BOTON 2 PIEZAS;ROPA;17285;36000;1.00;36000
52031;sábado; 13 de junio de 2026;2:42 p. m.;cajero 1;;1001;Ventas Mostrador;Efectivo;7702026147631;PAÑITOS PEQUEÑIN ALMENDRA X 100 UND;ASEO;8333;10900;1.00;10900
52030;sábado; 13 de junio de 2026;2:39 p. m.;cajero 1;;1001;Ventas Mostrador;Efectivo;138055651561;COPITOS VALENTINA X300 UN;ASEO;3416;6900;1.00;6900
52029;sábado; 13 de junio de 2026;2:13 p. m.;cajero 1;;1001;Ventas Mostrador;Nequi;1726;ZAPATO NO TUERCE;CALZADO;15000;35000;1.00;35000
52029;sábado; 13 de junio de 2026;2:13 p. m.;cajero 1;;1001;Ventas Mostrador;Nequi;2223-1;SANDALIA NO TUERCE;CALZADO;15000;37000;1.00;37000
52028;sábado; 13 de junio de 2026;2:07 p. m.;cajero 1;;1001;Ventas Mostrador;Efectivo;2088;BABUCHA BEBE;CALZADO;12000;28000;1.00;28000
52027;sábado; 13 de junio de 2026;1:53 p. m.;cajero 1;;1001;Ventas Mostrador;Nequi;1918;BOLSA DE REGALO GRANDE JUMBO DECORADA;PAPELERIA;3144;6000;1.00;6000
52027;sábado; 13 de junio de 2026;1:53 p. m.;cajero 1;;1001;Ventas Mostrador;Nequi;1010;PAÑALERA DE LADO ECONOMICA;PAÑALERA;39000;75000;1.00;75000
52026;sábado; 13 de junio de 2026;1:26 p. m.;cajero 1;;1001;Ventas Mostrador;Nequi;1695;VESTIDO VELO ESTRELLAS;ROPA;35000;70000;1.00;70000
52025;sábado; 13 de junio de 2026;1:17 p. m.;cajero 1;;1001;Ventas Mostrador;Nequi;1608;SLEEPING NIÑO/NIÑA;LENCERIA;19250;40000;1.00;40000
52024;sábado; 13 de junio de 2026;12:48 p. m.;cajero 1;;1001;Ventas Mostrador;Efectivo;7701021116499;PAÑAL WINNY ULTRATRIM SEC 1X30;PAÑAL;22400;25500;1.00;25500
52024;sábado; 13 de junio de 2026;12:48 p. m.;cajero 1;;1001;Ventas Mostrador;Efectivo;7701021116536;PAÑAL WINNY ULTRATRIM SEC 2X30;PAÑAL;25978;29700;1.00;29700
52024;sábado; 13 de junio de 2026;12:48 p. m.;cajero 1;;1001;Ventas Mostrador;Efectivo;1379;CONJUNTO MEIQUITOS BABY;ROPA;15000;30000;1.00;30000
52024;sábado; 13 de junio de 2026;12:48 p. m.;cajero 1;;1001;Ventas Mostrador;Efectivo;1196-2;SUDADERA PAULIS DOBLE PANTALONEST2 A T10;ROPA;32620;66000;1.00;66000
52024;sábado; 13 de junio de 2026;12:48 p. m.;cajero 1;;1001;Ventas Mostrador;Efectivo;7701021115140;PAÑAL WINNY ULTRATRIM SEC 2X16;PAÑAL;14118;16000;1.00;16000
52024;sábado; 13 de junio de 2026;12:48 p. m.;cajero 1;;1001;Ventas Mostrador;Efectivo;7707233051009;PAÑITOS HUMEDOS CORCHITO X 120 UND;ASEO;7144;12000;1.00;12000
52023;sábado; 13 de junio de 2026;12:23 p. m.;cajero 1;;1001;Ventas Mostrador;Efectivo;2203;ESQUELETO POR UNIDAD DISEÑO TALLA 4;ROPA;3666;6000;3.00;18000
52022;sábado; 13 de junio de 2026;12:12 p. m.;cajero 1;;1001;Ventas Mostrador;Nequi;1295;CREMA VALENTINA ANTIPAÑALITIS X110;ASEO;17500;25000;1.00;25000
52022;sábado; 13 de junio de 2026;12:12 p. m.;cajero 1;;1001;Ventas Mostrador;Nequi;1296;CREMA VALENTINA ANTIPAÑALITIS X20G;ASEO;5375;7600;1.00;7600
52022;sábado; 13 de junio de 2026;12:12 p. m.;cajero 1;;1001;Ventas Mostrador;Nequi;14060;BABERO TRES COMIDAS + 2BABITAS;ACCESORIOS;7500;15300;1.00;15300
52022;sábado; 13 de junio de 2026;12:12 p. m.;cajero 1;;1001;Ventas Mostrador;Nequi;7701021116123;PAÑAL WINNY ULTRATRIM SEC 3X100;PAÑAL;101600;117000;1.00;105300
52022;sábado; 13 de junio de 2026;12:12 p. m.;cajero 1;;1001;Ventas Mostrador;Nequi;6970817283337;PAÑITOS VALENTINA X 100;ASEO;6000;11600;3.00;34800
52021;sábado; 13 de junio de 2026;11:44 a. m.;cajero 1;;1001;Ventas Mostrador;Efectivo;1782;FORRO PASEADOR CALIBRE 4;ACCESORIOS;9000;14500;1.00;14500
52020;sábado; 13 de junio de 2026;11:40 a. m.;cajero 1;;1001;Ventas Mostrador;Efectivo;7701021111845;PAÑAL WINNY ULTRATRIM SEC 3X50;PAÑAL;50170;57900;1.00;53268
52019;viernes; 12 de junio de 2026;7:55 p. m.;cajero 1;Vendedor ;1001;Ventas Mostrador;Efectivo;2453-1;MICA ECONOMICA COLORES;ACCESORIOS;7200;30000;1.00;30000
52018;viernes; 12 de junio de 2026;7:53 p. m.;cajero 1;Vendedor ;1001;Ventas Mostrador;Daviplata;2224;TUTU POR UNIDAD;ROPA;13000;26900;1.00;26900
52017;viernes; 12 de junio de 2026;7:42 p. m.;cajero 1;Vendedor ;1001;Ventas Mostrador;Nequi;1196-2;SUDADERA PAULIS DOBLE PANTALONEST2 A T10;ROPA;32620;66000;1.00;66000
52017;viernes; 12 de junio de 2026;7:42 p. m.;cajero 1;Vendedor ;1001;Ventas Mostrador;Nequi;1303-2;BALACA DE TELA NVO DISEÑO;ACCESORIOS;3000;7000;1.00;7000
52016;viernes; 12 de junio de 2026;7:35 p. m.;cajero 1;Vendedor ;1001;Ventas Mostrador;Efectivo;12345678912;PASEADOR TRES RUEDAS 31100;COCHES - PASEADOR;130000;190000;1.00;190000
52016;viernes; 12 de junio de 2026;7:35 p. m.;cajero 1;Vendedor ;1001;Ventas Mostrador;Efectivo;1782;FORRO PASEADOR CALIBRE 4;ACCESORIOS;9000;14500;1.00;0
52015;viernes; 12 de junio de 2026;7:31 p. m.;cajero 1;Vendedor ;1001;Ventas Mostrador;Efectivo;7701021115140;PAÑAL WINNY ULTRATRIM SEC 2X16;PAÑAL;14118;16000;1.00;16000
52014;viernes; 12 de junio de 2026;7:26 p. m.;cajero 1;Vendedor ;1001;Ventas Mostrador;Nequi;1768;MEDIAS ESPAÑOLA MOÑO ANAVID;ROPA;8500;13500;1.00;13500
52014;viernes; 12 de junio de 2026;7:26 p. m.;cajero 1;Vendedor ;1001;Ventas Mostrador;Nequi;1363-2;GABAN ELEGANTE CON BOINA;ROPA;35000;82000;1.00;82000
52013;viernes; 12 de junio de 2026;7:08 p. m.;cajero 1;Vendedor ;1001;Ventas Mostrador;Efectivo;4863-2;PAVA BEBE EN PANA -DRILL;ACCESORIOS;13000;28500;1.00;28500
52012;viernes; 12 de junio de 2026;6:59 p. m.;cajero 1;Vendedor ;1001;Ventas Mostrador;Efectivo;1768;MEDIAS ESPAÑOLA MOÑO ANAVID;ROPA;8500;13500;1.00;13500
52012;viernes; 12 de junio de 2026;6:59 p. m.;cajero 1;Vendedor ;1001;Ventas Mostrador;Efectivo;1303-2;BALACA DE TELA NVO DISEÑO;ACCESORIOS;3000;7000;1.00;7000
52012;viernes; 12 de junio de 2026;6:59 p. m.;cajero 1;Vendedor ;1001;Ventas Mostrador;Efectivo;1379-1;VESTIDOS MEIQUITOS;ROPA;16000;30000;1.00;30000
52011;viernes; 12 de junio de 2026;6:37 p. m.;cajero 1;Vendedor ;1001;Ventas Mostrador;Nequi;1980;MEDIAS MICROFIBRA 2-4-6-8-10-12;ROPA;8500;17900;1.00;17900
52011;viernes; 12 de junio de 2026;6:37 p. m.;cajero 1;Vendedor ;1001;Ventas Mostrador;Nequi;2224;TUTU POR UNIDAD;ROPA;13000;26900;1.00;26900
52010;viernes; 12 de junio de 2026;6:01 p. m.;cajero 1;Vendedor ;1001;Ventas Mostrador;Daviplata;7701021111845;PAÑAL WINNY ULTRATRIM SEC 3X50;PAÑAL;50170;57900;1.00;53268
52009;viernes; 12 de junio de 2026;5:56 p. m.;cajero 1;Vendedor ;1001;Ventas Mostrador;Nequi;2002;SEMANARIO 21 PIEZAS;ROPA;34000;53000;1.00;53000
52009;viernes; 12 de junio de 2026;5:56 p. m.;cajero 1;Vendedor ;1001;Ventas Mostrador;Nequi;1917;BOLSA DE REGALO MEDIANA DECORADA NIÑOS;PAPELERIA;2416;4600;1.00;4600
52009;viernes; 12 de junio de 2026;5:56 p. m.;cajero 1;Vendedor ;1001;Ventas Mostrador;Nequi;166054;TINA ECONOMICA DE COLORES CON BASE;ASEO;27500;45000;1.00;45000
52008;viernes; 12 de junio de 2026;5:07 p. m.;cajero 1;Vendedor ;1001;Ventas Mostrador;Efectivo;685;CONJUNTO NISAM X 6 PIEZAS NIÑO;ROPA;47000;73600;1.00;73600
52007;viernes; 12 de junio de 2026;5:03 p. m.;cajero 1;Vendedor ;1001;Ventas Mostrador;Efectivo;3029;ARNES MALETERO NIÑA/ NIÑO;ACCESORIOS;36000;49000;1.00;49000
52006;viernes; 12 de junio de 2026;4:58 p. m.;cajero 1;Vendedor ;1001;Ventas Mostrador;Efectivo;2025;MEDIA PATIN;ROPA;2519;6500;1.00;6500
52006;viernes; 12 de junio de 2026;4:58 p. m.;cajero 1;Vendedor ;1001;Ventas Mostrador;Efectivo;1943-2;BODY LEYENDA MATERNA;ROPA;15000;25000;1.00;25000
52005;viernes; 12 de junio de 2026;4:58 p. m.;cajero 1;Vendedor ;1001;Ventas Mostrador;Efectivo;7701021118295;PAÑAL WINNY ULTRATRIM SEC 1X16;PAÑAL;11820;15000;1.00;15000
52004;viernes; 12 de junio de 2026;4:55 p. m.;cajero 1;Vendedor ;1001;Ventas Mostrador;Nequi;1196-2;SUDADERA PAULIS DOBLE PANTALONEST2 A T10;ROPA;32620;66000;1.00;66000
52004;viernes; 12 de junio de 2026;4:55 p. m.;cajero 1;Vendedor ;1001;Ventas Mostrador;Nequi;1133-2;PAQUETE MEDIA FASHION X 3 TALLA ESTAMPADA;ROPA;7000;18000;1.00;18000
52004;viernes; 12 de junio de 2026;4:55 p. m.;cajero 1;Vendedor ;1001;Ventas Mostrador;Nequi;0031-1;PIJAMA PIEL DURAZNO BOTON 2 PIEZAS;ROPA;17285;36000;1.00;36000
52003;viernes; 12 de junio de 2026;4:52 p. m.;cajero 1;Vendedor ;1001;Ventas Mostrador;Efectivo;2027;GORRO PASAMONTAÑAS;ROPA;7000;12500;1.00;12500
52003;viernes; 12 de junio de 2026;4:52 p. m.;cajero 1;Vendedor ;1001;Ventas Mostrador;Efectivo;0031-1;PIJAMA PIEL DURAZNO BOTON 2 PIEZAS;ROPA;17285;36000;1.00;36000
52001;viernes; 12 de junio de 2026;4:05 p. m.;cajero 1;Vendedor ;1001;Ventas Mostrador;Efectivo;2132;BOLSA DE REGALO PEQUEÑA DECORADA;PAPELERIA;1750;3200;1.00;3200
52001;viernes; 12 de junio de 2026;4:05 p. m.;cajero 1;Vendedor ;1001;Ventas Mostrador;Efectivo;6977252931915;RECOLECTORAS DE LECHE ONLY;ACCESORIOS;10000;21000;1.00;21000
52001;viernes; 12 de junio de 2026;4:05 p. m.;cajero 1;Vendedor ;1001;Ventas Mostrador;Efectivo;29-4C;SONAJERO PALO CHILLON;ACCESORIOS;10000;20000;1.00;20000
52000;viernes; 12 de junio de 2026;4:01 p. m.;cajero 1;Vendedor ;1001;Ventas Mostrador;Efectivo;1718;ZAPATO TELA BEBE;CALZADO;10000;22000;1.00;22000
51999;viernes; 12 de junio de 2026;3:56 p. m.;cajero 1;Vendedor ;1001;Ventas Mostrador;Nequi;L023;SUDADERA IMPORTADA ADIDAS T: 2 - T:6;ROPA;55000;115000;1.00;115000
51999;viernes; 12 de junio de 2026;3:56 p. m.;cajero 1;Vendedor ;1001;Ventas Mostrador;Nequi;1133-6;MEDIA TOBACO X 3 T 0 A 18 MESES;ROPA;7500;13000;1.00;13000
51998;viernes; 12 de junio de 2026;12:55 p. m.;cajero 1;Vendedor ;1001;Ventas Mostrador;Efectivo;1133-6;MEDIA TOBACO X 3 T 0 A 18 MESES;ROPA;7500;13000;1.00;13000
51997;viernes; 12 de junio de 2026;10:48 a. m.;cajero 1;Vendedor ;1001;Ventas Mostrador;Efectivo;1003;PAPEL REGALO PLIEGO Y TARJETA;ACCESORIOS;340;1000;1.00;1000
51997;viernes; 12 de junio de 2026;10:48 a. m.;cajero 1;Vendedor ;1001;Ventas Mostrador;Efectivo;2002;SEMANARIO 21 PIEZAS;ROPA;34000;53000;1.00;53000
51996;viernes; 12 de junio de 2026;10:40 a. m.;cajero 1;Vendedor ;1001;Ventas Mostrador;Efectivo;2088;BABUCHA BEBE;CALZADO;12000;28000;1.00;28000
51996;viernes; 12 de junio de 2026;10:40 a. m.;cajero 1;Vendedor ;1001;Ventas Mostrador;Efectivo;2132;BOLSA DE REGALO PEQUEÑA DECORADA;PAPELERIA;1750;3200;1.00;3200
51996;viernes; 12 de junio de 2026;10:40 a. m.;cajero 1;Vendedor ;1001;Ventas Mostrador;Efectivo;0031-1;PIJAMA PIEL DURAZNO BOTON 2 PIEZAS;ROPA;17285;36000;1.00;36000
51995;jueves; 11 de junio de 2026;8:03 p. m.;cajero 1;Vendedor ;1001;Ventas Mostrador;Daviplata;7702026147631;PAÑITOS PEQUEÑIN ALMENDRA X 100 UND;ASEO;8333;10900;1.00;10900
51994;jueves; 11 de junio de 2026;7:20 p. m.;cajero 1;Vendedor ;1001;Ventas Mostrador;Efectivo;1608;SLEEPING NIÑO/NIÑA;LENCERIA;19000;40000;1.00;40000
51993;jueves; 11 de junio de 2026;7:15 p. m.;cajero 1;Vendedor ;1001;Ventas Mostrador;Efectivo;138055651561;COPITOS VALENTINA X300 UN;ASEO;3416;6900;1.00;6900
51993;jueves; 11 de junio de 2026;7:15 p. m.;cajero 1;Vendedor ;1001;Ventas Mostrador;Efectivo;7702277244271;COLONIA ARRURRU 30 ML ROSADA NVA PRESENTACION;ASEO;6200;8300;1.00;8300
51993;jueves; 11 de junio de 2026;7:15 p. m.;cajero 1;Vendedor ;1001;Ventas Mostrador;Efectivo;517C;SONAJERO FELPA DONA;ACCESORIOS;10500;21000;1.00;21000
51992;jueves; 11 de junio de 2026;7:10 p. m.;cajero 1;Vendedor ;1001;Ventas Mostrador;Nequi;1003;PAPEL REGALO PLIEGO Y TARJETA;ACCESORIOS;340;1000;1.00;1000
51992;jueves; 11 de junio de 2026;7:10 p. m.;cajero 1;Vendedor ;1001;Ventas Mostrador;Nequi;1752;MEDIAS CARTER 0-12;ROPA;7000;17000;1.00;17000
51992;jueves; 11 de junio de 2026;7:10 p. m.;cajero 1;Vendedor ;1001;Ventas Mostrador;Nequi;3064;COBERTOR OVEJERO CON ESTAMPADO;LENCERIA;16000;39000;1.00;39000
51991;jueves; 11 de junio de 2026;6:56 p. m.;cajero 1;Vendedor ;1001;Ventas Mostrador;Efectivo;2224;TUTU POR UNIDAD;ROPA;13000;26900;1.00;26900
51990;jueves; 11 de junio de 2026;6:53 p. m.;cajero 1;Vendedor ;1001;Ventas Mostrador;Efectivo;1768;MEDIAS ESPAÑOLA MOÑO ANAVID;ROPA;8500;13500;1.00;13500
51989;jueves; 11 de junio de 2026;6:12 p. m.;cajero 1;Vendedor ;1001;Ventas Mostrador;Nequi;7702031132844;ACEITE JOHNSON ORIGINAL X50ML;ASEO;6998;8800;1.00;8800
51989;jueves; 11 de junio de 2026;6:12 p. m.;cajero 1;Vendedor ;1001;Ventas Mostrador;Nequi;7702277244271;COLONIA ARRURRU 30 ML ROSADA NVA PRESENTACION;ASEO;6200;8300;1.00;8300
51988;jueves; 11 de junio de 2026;5:50 p. m.;cajero 1;Vendedor ;1001;Ventas Mostrador;Nequi;65;CONJUNTO BABY FLOR REF.0065;ROPA;34000;70000;1.00;70000
51988;jueves; 11 de junio de 2026;5:50 p. m.;cajero 1;Vendedor ;1001;Ventas Mostrador;Nequi;2211;CONJUNTO SHORT NIÑA CHIKIS;ROPA;32000;62000;1.00;62000
51987;jueves; 11 de junio de 2026;5:37 p. m.;cajero 1;Vendedor ;1001;Ventas Mostrador;Efectivo;2080-1;BODY BLANCO X UNIDAD;ROPA;5000;10000;1.00;10000
51986;jueves; 11 de junio de 2026;4:28 p. m.;Maria Barbosa Neuque;Vendedor ;1001;Ventas Mostrador;Efectivo;5031;CONJUNTO MAKKI NIÑO;ROPA;35000;73000;1.00;73000
51985;jueves; 11 de junio de 2026;3:30 p. m.;Maria Barbosa Neuque;Vendedor ;1001;Ventas Mostrador;Nequi;1577;SEMANARIO DE BLUSAS UNICOLOR;ROPA;19000;36000;1.00;36000
51985;jueves; 11 de junio de 2026;3:30 p. m.;Maria Barbosa Neuque;Vendedor ;1001;Ventas Mostrador;Nequi;15001;COBIJA TAMIRON BEBE;LENCERIA;42000;69000;1.00;69000
51985;jueves; 11 de junio de 2026;3:30 p. m.;Maria Barbosa Neuque;Vendedor ;1001;Ventas Mostrador;Nequi;1162;PRIMERA MUDA DE BOLSA MAJU BABY;ROPA;22000;38000;1.00;38000
51985;jueves; 11 de junio de 2026;3:30 p. m.;Maria Barbosa Neuque;Vendedor ;1001;Ventas Mostrador;Nequi;2117-1;MEDIAS RECIEN NACIDO X UNIDAD;ROPA;875;2500;1.00;2500
51984;jueves; 11 de junio de 2026;2:57 p. m.;Maria Barbosa Neuque;Vendedor ;1001;Ventas Mostrador;Efectivo;1003;PAPEL REGALO PLIEGO Y TARJETA;ACCESORIOS;321;1000;1.00;1000
51984;jueves; 11 de junio de 2026;2:57 p. m.;Maria Barbosa Neuque;Vendedor ;1001;Ventas Mostrador;Efectivo;7701021118318;PAñAL WINNY ULTRATRIM SEC 3X16;PAÑAL;17222;22300;1.00;22300
51984;jueves; 11 de junio de 2026;2:57 p. m.;Maria Barbosa Neuque;Vendedor ;1001;Ventas Mostrador;Efectivo;1776;PRIMERA MUDA ALMOHADAS;ROPA;29000;48000;1.00;48000
51983;jueves; 11 de junio de 2026;1:47 p. m.;Maria Barbosa Neuque;Vendedor ;1001;Ventas Mostrador;Efectivo;1654;TENIS CONVERS VARIOS COLORES;CALZADO;32000;54000;1.00;50004
51982;jueves; 11 de junio de 2026;1:40 p. m.;Maria Barbosa Neuque;Vendedor ;1001;Ventas Mostrador;Daviplata;572;TETERO ONLY 2 ONZ;ACCESORIOS;7500;14000;1.00;14000
51981;jueves; 11 de junio de 2026;1:05 p. m.;Maria Barbosa Neuque;Vendedor ;1001;Ventas Mostrador;Efectivo;1398-4;CONJUNTO CHIKIS 3 PIEZAS NIÑA;ROPA;45000;87000;1.00;83085
51980;jueves; 11 de junio de 2026;1:02 p. m.;Maria Barbosa Neuque;Vendedor ;1001;Ventas Mostrador;Efectivo;6959048200252;TOALLAS VALENTINA MATERNA X10;ASEO;8333;13500;1.00;13500
51979;jueves; 11 de junio de 2026;12:47 p. m.;Maria Barbosa Neuque;Vendedor ;1001;Ventas Mostrador;Efectivo;2152-1;CONJUNTO 3 PIEZAS T:2 A T:8 PAULIS;ROPA;35000;72000;1.00;50400
51978;jueves; 11 de junio de 2026;12:41 p. m.;Maria Barbosa Neuque;Vendedor ;1001;Ventas Mostrador;Nequi;2042;GORRA ECONOMICA// PESQUERO BEBE;ACCESORIOS;6000;13000;1.00;13000
51977;jueves; 11 de junio de 2026;12:40 p. m.;Maria Barbosa Neuque;Vendedor ;1001;Ventas Mostrador;Efectivo;PTQ1167;CHUPO REPUESTO ONLY KTT-030;ACCESORIOS;2500;6500;1.00;6500
51976;jueves; 11 de junio de 2026;10:43 a. m.;Maria Barbosa Neuque;Vendedor ;1001;Ventas Mostrador;Efectivo;166054;TINA ECONOMICA DE COLORES CON BASE;ASEO;27500;45000;1.00;45000
51975;miércoles; 10 de junio de 2026;7:57 p. m.;Maria Barbosa Neuque;Vendedor ;1001;Ventas Mostrador;Nequi;1111;TRIO KIT MATERNO PIJAMA+PANTUFLAS;ROPA;30600;55000;1.00;55000
51974;miércoles; 10 de junio de 2026;7:30 p. m.;Maria Barbosa Neuque;Vendedor ;1001;Ventas Mostrador;Tarjeta crédito;140126;CORTA UÑAS + LIMA DE AGUA MOBY;ACCESORIOS;7517;15000;1.00;15000
51973;miércoles; 10 de junio de 2026;7:10 p. m.;Maria Barbosa Neuque;Vendedor ;1001;Ventas Mostrador;Efectivo;1419-3;MEDIA CACHIMIR AZUL ADULTO T:S- T:M T:L;COLEGIO;13500;19500;1.00;19500
51972;miércoles; 10 de junio de 2026;7:08 p. m.;Maria Barbosa Neuque;Vendedor ;1001;Ventas Mostrador;Tarjeta Débito;7701021119087;PAÑAL WINNY ULTRATRIM SEC 4X100;PAÑAL;126500;144000;1.00;129600
51971;miércoles; 10 de junio de 2026;6:55 p. m.;Maria Barbosa Neuque;Vendedor ;1001;Ventas Mostrador;Efectivo;7707199348427;PAÑAL VALENTINA 5XXG X30;PAÑAL;35466;42900;2.00;85800
51970;miércoles; 10 de junio de 2026;6:37 p. m.;Maria Barbosa Neuque;Vendedor ;1001;Ventas Mostrador;Nequi;2028;CAMINADOR PINPONG;CAMINADORES;65000;95000;1.00;90060
51969;miércoles; 10 de junio de 2026;6:29 p. m.;Maria Barbosa Neuque;Vendedor ;1001;Ventas Mostrador;Nequi;7701021116512;PAÑAL WINNY ULTRATRIM SEC 1X50;PAÑAL;36237;41500;1.00;39176
51969;miércoles; 10 de junio de 2026;6:29 p. m.;Maria Barbosa Neuque;Vendedor ;1001;Ventas Mostrador;Nequi;1920;TARJETA DE REGALO;ACCESORIOS;30;500;1.00;500
51969;miércoles; 10 de junio de 2026;6:29 p. m.;Maria Barbosa Neuque;Vendedor ;1001;Ventas Mostrador;Nequi;7707233050392;TETERO CORCHITO COCHARA + CHUPO 5 ONZ;ACCESORIOS;10763;22000;1.00;22000
51968;miércoles; 10 de junio de 2026;5:54 p. m.;Maria Barbosa Neuque;Vendedor ;1001;Ventas Mostrador;Nequi;7707233050651;VASO BOQUILLA DURA;ACCESORIOS;11315;23000;1.00;23000
51967;miércoles; 10 de junio de 2026;5:25 p. m.;Maria Barbosa Neuque;Vendedor ;1001;Ventas Mostrador;Efectivo;3064;COBERTOR OVEJERO CON ESTAMPADO;LENCERIA;16000;39000;1.00;39000
51966;miércoles; 10 de junio de 2026;5:22 p. m.;Maria Barbosa Neuque;Vendedor ;1001;Ventas Mostrador;Efectivo;7701021116512;PAÑAL WINNY ULTRATRIM SEC 1X50;PAÑAL;36237;41500;1.00;38180
51965;miércoles; 10 de junio de 2026;4:12 p. m.;Maria Barbosa Neuque;Vendedor ;1001;Ventas Mostrador;Nequi;7701021116666;PAÑAL WINNY ULTRATRIM PANT 5X30;PAÑAL;41907;46900;1.00;44555
51965;miércoles; 10 de junio de 2026;4:12 p. m.;Maria Barbosa Neuque;Vendedor ;1001;Ventas Mostrador;Nequi;1624-1;CHAQUETA TOMMY T:2 A LA 8;ROPA;33000;68000;1.00;68000
51964;miércoles; 10 de junio de 2026;4:07 p. m.;Maria Barbosa Neuque;Vendedor ;1001;Ventas Mostrador;Daviplata;7701021117786;PAÑAL WINNY PANTS 4X50;PAÑAL;61716;71300;1.00;65596
51963;miércoles; 10 de junio de 2026;2:32 p. m.;Maria Barbosa Neuque;Vendedor ;1001;Ventas Mostrador;Efectivo;6970817283337;PAÑITOS VALENTINA X 100;ASEO;6000;11600;1.00;11600
51963;miércoles; 10 de junio de 2026;2:32 p. m.;Maria Barbosa Neuque;Vendedor ;1001;Ventas Mostrador;Efectivo;7702277244271;COLONIA ARRURRU 30 ML ROSADA NVA PRESENTACION;ASEO;6200;8300;1.00;8300
51962;miércoles; 10 de junio de 2026;12:40 p. m.;Maria Barbosa Neuque;Vendedor ;1001;Ventas Mostrador;Efectivo;2217;CAMISETA BLANCA CUELLO REDONDO T 2 A 16;ROPA;6000;10000;1.00;10000
51961;miércoles; 10 de junio de 2026;12:40 p. m.;Maria Barbosa Neuque;Vendedor ;1001;Ventas Mostrador;Daviplata;166054;TINA ECONOMICA DE COLORES CON BASE;ASEO;27500;45000;1.00;45000
51960;miércoles; 10 de junio de 2026;11:57 a. m.;Maria Barbosa Neuque;Vendedor ;1001;Ventas Mostrador;Efectivo;2115;BABERO SEMANARIO X7;ACCESORIOS;8000;14000;1.00;14000
51959;miércoles; 10 de junio de 2026;11:28 a. m.;Maria Barbosa Neuque;Vendedor ;1001;Ventas Mostrador;Efectivo;7701021145949;PAÑITOS WINNY ALOE X100;ASEO;9529;12500;1.00;12500
51959;miércoles; 10 de junio de 2026;11:28 a. m.;Maria Barbosa Neuque;Vendedor ;1001;Ventas Mostrador;Efectivo;1917;BOLSA DE REGALO MEDIANA DECORADA NIÑOS;PAPELERIA;2416;4600;1.00;4600
51959;miércoles; 10 de junio de 2026;11:28 a. m.;Maria Barbosa Neuque;Vendedor ;1001;Ventas Mostrador;Efectivo;1572;PRIMERA MUDA IMPORTADA HONOR BABY;ROPA;40000;80000;1.00;80000
51958;miércoles; 10 de junio de 2026;10:17 a. m.;Maria Barbosa Neuque;Vendedor ;1001;Ventas Mostrador;Efectivo;1572;PRIMERA MUDA IMPORTADA HONOR BABY;ROPA;40000;75000;1.00;75000
51957;martes; 9 de junio de 2026;8:04 p. m.;cajero 1;Vendedor ;1001;Ventas Mostrador;Nequi;7701021116031;PAÑAL WINNY SEC 5X50;PAÑAL;67753;78000;1.00;71760
51956;martes; 9 de junio de 2026;8:00 p. m.;cajero 1;Vendedor ;1001;Ventas Mostrador;Efectivo;2117-1;MEDIAS RECIEN NACIDO X UNIDAD;ROPA;875;2500;4.00;10000
51956;martes; 9 de junio de 2026;8:00 p. m.;cajero 1;Vendedor ;1001;Ventas Mostrador;Efectivo;3211-0;CONJUNTO STIMPY CUERINA NIÑA;ROPA;36000;88000;1.00;88000
51955;martes; 9 de junio de 2026;7:58 p. m.;cajero 1;Vendedor ;1001;Ventas Mostrador;Efectivo;2152-1;CONJUNTO 3 PIEZAS T:2 A T:8 PAULIS;ROPA;35000;72000;1.00;50400
51954;martes; 9 de junio de 2026;7:04 p. m.;cajero 1;Vendedor ;1001;Ventas Mostrador;Efectivo;BXA302;ASPIRADOR NASAL DE MANGUERA;ACCESORIOS;6500;20000;1.00;20000
51953;martes; 9 de junio de 2026;6:56 p. m.;cajero 1;Vendedor ;1001;Ventas Mostrador;Nequi;1003;PAPEL REGALO PLIEGO Y TARJETA;ACCESORIOS;321;1000;1.00;1000
51953;martes; 9 de junio de 2026;6:56 p. m.;cajero 1;Vendedor ;1001;Ventas Mostrador;Nequi;7701021116536;PAÑAL WINNY ULTRATRIM SEC 2X30;PAÑAL;25978;29700;1.00;29700
51953;martes; 9 de junio de 2026;6:56 p. m.;cajero 1;Vendedor ;1001;Ventas Mostrador;Nequi;2115;BABERO SEMANARIO X7;ACCESORIOS;8000;14000;1.00;14000
51952;martes; 9 de junio de 2026;6:42 p. m.;cajero 1;Vendedor ;1001;Ventas Mostrador;Nequi;1228;COLCHONETA ANTIREFLUJO;LACTANCIA;45000;76000;1.00;76000
51952;martes; 9 de junio de 2026;6:42 p. m.;cajero 1;Vendedor ;1001;Ventas Mostrador;Nequi;7701021116499;PAÑAL WINNY ULTRATRIM SEC 1X30;PAÑAL;22400;25500;1.00;25500
51952;martes; 9 de junio de 2026;6:42 p. m.;cajero 1;Vendedor ;1001;Ventas Mostrador;Nequi;6939287459086;TETERO IMITACION AVEAT 4 ONZ SIN MANIJA;ACCESORIOS;7000;15000;1.00;15000
51952;martes; 9 de junio de 2026;6:42 p. m.;cajero 1;Vendedor ;1001;Ventas Mostrador;Nequi;0031-1;PIJAMA PIEL DURAZNO BOTON 2 PIEZAS;ROPA;17285;36000;1.00;36000
51951;martes; 9 de junio de 2026;6:33 p. m.;cajero 1;Vendedor ;1001;Ventas Mostrador;Efectivo;1029;ADAPTADOR BAÑO VALENTINA REF.623 AZUL;ADAPTADORES;34950;42000;1.00;36960
51950;martes; 9 de junio de 2026;6:31 p. m.;cajero 1;Vendedor ;1001;Ventas Mostrador;Nequi;1344;FORRO EXTRA GRANDE CALIBRE 4;ACCESORIOS;12000;19500;1.00;19500
51949;martes; 9 de junio de 2026;6:13 p. m.;cajero 1;Vendedor ;1001;Ventas Mostrador;Nequi;2002;SEMANARIO 21 PIEZAS;ROPA;34000;53000;1.00;53000
51948;martes; 9 de junio de 2026;6:11 p. m.;cajero 1;Vendedor ;1001;Ventas Mostrador;Efectivo;1003;PAPEL REGALO PLIEGO Y TARJETA;ACCESORIOS;321;1000;1.00;1000
51948;martes; 9 de junio de 2026;6:11 p. m.;cajero 1;Vendedor ;1001;Ventas Mostrador;Efectivo;7701021116536;PAÑAL WINNY ULTRATRIM SEC 2X30;PAÑAL;25978;29700;1.00;29700
51948;martes; 9 de junio de 2026;6:11 p. m.;cajero 1;Vendedor ;1001;Ventas Mostrador;Efectivo;1379;CONJUNTO MEIQUITOS BABY;ROPA;15000;30000;1.00;30000
51947;martes; 9 de junio de 2026;6:10 p. m.;cajero 1;Vendedor ;1001;Ventas Mostrador;Efectivo;2117-1;MEDIAS RECIEN NACIDO X UNIDAD;ROPA;875;2500;1.00;2500
51947;martes; 9 de junio de 2026;6:10 p. m.;cajero 1;Vendedor ;1001;Ventas Mostrador;Efectivo;1943-2;BODY LEYENDA MATERNA;ROPA;15000;25000;1.00;25000
51946;martes; 9 de junio de 2026;5:26 p. m.;cajero 1;Vendedor ;1001;Ventas Mostrador;Efectivo;1419-1;MEDIA CACHIMIR BLANCA NIÑO T:2 - T:12;COLEGIO;9500;16900;1.00;16900
51945;martes; 9 de junio de 2026;5:15 p. m.;cajero 1;Vendedor ;1001;Ventas Mostrador;Efectivo;2155;ROPA INTERIOR NIÑO X UNIDAD;ROPA;2500;6200;3.00;18600
51944;martes; 9 de junio de 2026;5:10 p. m.;cajero 1;Vendedor ;1001;Ventas Mostrador;Daviplata;1917;BOLSA DE REGALO MEDIANA DECORADA NIÑOS;PAPELERIA;2416;4600;1.00;4600
51944;martes; 9 de junio de 2026;5:10 p. m.;cajero 1;Vendedor ;1001;Ventas Mostrador;Daviplata;7702277563808;ESTUCHE ARRURRU BABY SHOWER NIÑO NVA PRESENTACION;ASEO;42600;67400;1.00;67400
51943;martes; 9 de junio de 2026;5:06 p. m.;cajero 1;Vendedor ;1001;Ventas Mostrador;Efectivo;7701021145949;PAÑITOS WINNY ALOE X100;ASEO;9529;12500;1.00;12500
51943;martes; 9 de junio de 2026;5:06 p. m.;cajero 1;Vendedor ;1001;Ventas Mostrador;Efectivo;1138-2;SUDADERA SAFARY PAULIS & CO;ROPA;32650;64000;1.00;64000
51942;martes; 9 de junio de 2026;3:34 p. m.;cajero 1;Vendedor ;1001;Ventas Mostrador;Efectivo;1118;CAPA ESTAMPADA SENCILLA;LLUVIA;16000;40000;1.00;40000
51941;martes; 9 de junio de 2026;3:19 p. m.;cajero 1;Vendedor ;1001;Ventas Mostrador;Nequi;1600;PAÑAL ADULTO L X UNIDAD;PAÑAL;2909;3900;4.00;15600
51940;martes; 9 de junio de 2026;12:50 p. m.;cajero 1;Vendedor ;1001;Ventas Mostrador;Efectivo;7702277461265;COLONIA ARRURRU 400 ML ROSADA NVA PRESENTACION;ASEO;41500;51900;1.00;51900
51939;martes; 9 de junio de 2026;12:47 p. m.;cajero 1;Vendedor ;1001;Ventas Mostrador;Efectivo;7707199348427;PAÑAL VALENTINA 5XXG X30;PAÑAL;35466;42900;1.00;42900
51938;martes; 9 de junio de 2026;12:45 p. m.;cajero 1;Vendedor ;1001;Ventas Mostrador;Efectivo;2217;CAMISETA BLANCA CUELLO REDONDO T 2 A 16;ROPA;6000;10000;3.00;30000
51937;martes; 9 de junio de 2026;11:42 a. m.;cajero 1;Vendedor ;1001;Ventas Mostrador;Efectivo;1630;LEGIS MATERNO ALGODON L-XL;MATERNA;20000;45000;1.00;45000
51936;martes; 9 de junio de 2026;11:25 a. m.;cajero 1;Vendedor ;1001;Ventas Mostrador;Efectivo;2025;MEDIA PATIN;ROPA;2500;6500;1.00;6500
51936;martes; 9 de junio de 2026;11:25 a. m.;cajero 1;Vendedor ;1001;Ventas Mostrador;Efectivo;1133-6;MEDIA TOBACO X 3 T 0 A 18 MESES;ROPA;7500;13000;1.00;13000
51935;martes; 9 de junio de 2026;11:18 a. m.;cajero 1;Vendedor ;1001;Ventas Mostrador;Efectivo;7707233050088;TETERO CORCHITO SIN MANIJA 8OZ;ACCESORIOS;4200;13000;1.00;13000
51934;martes; 9 de junio de 2026;10:44 a. m.;cajero 1;Vendedor ;1001;Ventas Mostrador;Efectivo;1695;VESTIDO VELO ESTRELLAS;ROPA;35000;70000;1.00;66080
51933;martes; 9 de junio de 2026;10:23 a. m.;cajero 1;Vendedor ;1001;Ventas Mostrador;Nequi;1196-2;SUDADERA PAULIS DOBLE PANTALONEST2 A T10;ROPA;32620;66000;1.00;66000
51932;lunes; 8 de junio de 2026;6:25 p. m.;cajero 1;Vendedor ;1001;Ventas Mostrador;Nequi;1118;CAPA ESTAMPADA SENCILLA;LLUVIA;16000;40000;1.00;40000
51931;lunes; 8 de junio de 2026;5:52 p. m.;cajero 1;Vendedor ;1001;Ventas Mostrador;Efectivo;1135;BATA LABORATORIO NIÑO;COLEGIO;14000;25000;1.00;25000
51930;lunes; 8 de junio de 2026;5:17 p. m.;cajero 1;Vendedor ;1001;Ventas Mostrador;Efectivo;2925;JARDINERA PANA PUPPY;ROPA;40000;70000;1.00;70000
51930;lunes; 8 de junio de 2026;5:17 p. m.;cajero 1;Vendedor ;1001;Ventas Mostrador;Efectivo;1231-2;PAÑAL ADULTO CONTENT M X UNIDAD;PAÑAL;2945;3700;10.00;37000
51929;lunes; 8 de junio de 2026;5:05 p. m.;cajero 1;Vendedor ;1001;Ventas Mostrador;Tarjeta crédito;6970817283337;PAÑITOS VALENTINA X 100;ASEO;6000;11600;1.00;11600
51928;lunes; 8 de junio de 2026;4:33 p. m.;cajero 1;Vendedor ;1001;Ventas Mostrador;Nequi;1344;FORRO EXTRA GRANDE CALIBRE 4;ACCESORIOS;12000;19500;1.00;19500
51927;lunes; 8 de junio de 2026;4:08 p. m.;cajero 1;Vendedor ;1001;Ventas Mostrador;Efectivo;3070;ROPA INTERIOR NIÑA X UNIDAD;ROPA;2000;6000;2.00;12000
51927;lunes; 8 de junio de 2026;4:08 p. m.;cajero 1;Vendedor ;1001;Ventas Mostrador;Efectivo;1379-2;CONJUNTO FABY 3 PEIZAS;ROPA;16000;31000;1.00;31000
51926;lunes; 8 de junio de 2026;4:06 p. m.;cajero 1;Vendedor ;1001;Ventas Mostrador;Efectivo;2201;COBIJA DOBLE ALMOHADA;LENCERIA;36000;65000;1.00;65000
51925;lunes; 8 de junio de 2026;3:29 p. m.;cajero 1;Vendedor ;1001;Ventas Mostrador;Efectivo;1905;MITONES X 3;ROPA;5000;10500;1.00;10500
51925;lunes; 8 de junio de 2026;3:29 p. m.;cajero 1;Vendedor ;1001;Ventas Mostrador;Efectivo;7702277943150....;ESTUCHE VIAJERO NIÑO NVA PRESENTACION;ASEO;23800;32200;1.00;32200
51925;lunes; 8 de junio de 2026;3:29 p. m.;cajero 1;Vendedor ;1001;Ventas Mostrador;Efectivo;166051;TINA ECONOMICA DE COLORES SIN BASE;ACCESORIOS;18500;38000;1.00;38000
51924;lunes; 8 de junio de 2026;3:14 p. m.;cajero 1;Vendedor ;1001;Ventas Mostrador;Nequi;1768;MEDIAS ESPAÑOLA MOÑO ANAVID;ROPA;8500;13500;1.00;13500
51924;lunes; 8 de junio de 2026;3:14 p. m.;cajero 1;Vendedor ;1001;Ventas Mostrador;Nequi;2132;BOLSA DE REGALO PEQUEÑA DECORADA;PAPELERIA;1750;3200;1.00;3200
51924;lunes; 8 de junio de 2026;3:14 p. m.;cajero 1;Vendedor ;1001;Ventas Mostrador;Nequi;2925;JARDINERA PANA PUPPY;ROPA;40000;70000;1.00;70000
51923;lunes; 8 de junio de 2026;3:03 p. m.;cajero 1;Vendedor ;1001;Ventas Mostrador;Efectivo;1174;BUSO CUELLO REDONDO COLORES;ROPA;9000;16000;1.00;16000
51922;lunes; 8 de junio de 2026;2:28 p. m.;cajero 1;Vendedor ;1001;Ventas Mostrador;Efectivo;1344;FORRO EXTRA GRANDE CALIBRE 4;ACCESORIOS;11000;19500;1.00;19500
51921;lunes; 8 de junio de 2026;2:27 p. m.;cajero 1;Vendedor ;1001;Ventas Mostrador;Nequi;1118;CAPA ESTAMPADA SENCILLA;LLUVIA;19000;40000;1.00;40000
51920;lunes; 8 de junio de 2026;2:22 p. m.;cajero 1;Vendedor ;1001;Ventas Mostrador;Tarjeta crédito;6971233886362;TETERO AVENT / ONLY 11 ONZ REPLICA;ACCESORIOS;9750;22000;2.00;44000
51920;lunes; 8 de junio de 2026;2:22 p. m.;cajero 1;Vendedor ;1001;Ventas Mostrador;Tarjeta crédito;6977252930161;TETERO ONLY 8ONZ AVK9 REPLICA;ACCESORIOS;10000;17000;1.00;17000
51919;lunes; 8 de junio de 2026;2:18 p. m.;cajero 1;Vendedor ;1001;Ventas Mostrador;Efectivo;2140;RUANA TERMICA ESTAMPADA;LENCERIA;25000;45000;1.00;40005
51918;lunes; 8 de junio de 2026;1:37 p. m.;cajero 1;Vendedor ;1001;Ventas Mostrador;Efectivo;7701021116536;PAÑAL WINNY ULTRATRIM SEC 2X30;PAÑAL;25978;29700;1.00;29700
51917;lunes; 8 de junio de 2026;12:58 p. m.;cajero 1;Vendedor ;1001;Ventas Mostrador;Efectivo;7701021116536;PAÑAL WINNY ULTRATRIM SEC 2X30;PAÑAL;26700;29700;1.00;29700
51917;lunes; 8 de junio de 2026;12:58 p. m.;cajero 1;Vendedor ;1001;Ventas Mostrador;Efectivo;1752;MEDIAS CARTER 0-12;ROPA;7000;17000;1.00;17000
51917;lunes; 8 de junio de 2026;12:58 p. m.;cajero 1;Vendedor ;1001;Ventas Mostrador;Efectivo;2925;JARDINERA PANA PUPPY;ROPA;40000;70000;1.00;70000
51917;lunes; 8 de junio de 2026;12:58 p. m.;cajero 1;Vendedor ;1001;Ventas Mostrador;Efectivo;1943-1;BODY SUNNOZY X UNIDAD;ROPA;9600;17000;2.00;34000
51916;lunes; 8 de junio de 2026;12:39 p. m.;cajero 1;Vendedor ;1001;Ventas Mostrador;Nequi;1186;BAYETILLA CAMISA ROJA X3;ROPA;7500;14500;1.00;14500
51916;lunes; 8 de junio de 2026;12:39 p. m.;cajero 1;Vendedor ;1001;Ventas Mostrador;Nequi;1554;ESQUELETO BLANCO NIÑO;COLEGIO;5420;9500;3.00;28500
51916;lunes; 8 de junio de 2026;12:39 p. m.;cajero 1;Vendedor ;1001;Ventas Mostrador;Nequi;1272;BOXER NIÑO BLACK KIDS TALLA 2 A 16;ROPA;6000;8800;2.00;17600
51916;lunes; 8 de junio de 2026;12:39 p. m.;cajero 1;Vendedor ;1001;Ventas Mostrador;Nequi;2155;ROPA INTERIOR NIÑO X UNIDAD;ROPA;2500;6200;1.00;6200
51915;lunes; 8 de junio de 2026;11:47 a. m.;cajero 1;Vendedor ;1001;Ventas Mostrador;Efectivo;1419-2;MEDIA CACHIMIR AZUL NIÑA T:2 - T:12;COLEGIO;8015;16900;1.00;16900
51914;lunes; 8 de junio de 2026;11:34 a. m.;cajero 1;Vendedor ;1001;Ventas Mostrador;Efectivo;3064;COBERTOR OVEJERO CON ESTAMPADO;LENCERIA;16000;39000;1.00;39000
51913;lunes; 8 de junio de 2026;11:31 a. m.;cajero 1;Vendedor ;1001;Ventas Mostrador;Efectivo;3064;COBERTOR OVEJERO CON ESTAMPADO;LENCERIA;16000;39000;1.00;39000
51912;lunes; 8 de junio de 2026;10:59 a. m.;cajero 1;Vendedor ;1001;Ventas Mostrador;Efectivo;1162;PRIMERA MUDA DE BOLSA MAJU BABY;ROPA;22000;38000;1.00;38000
51911;lunes; 8 de junio de 2026;10:55 a. m.;cajero 1;Vendedor ;1001;Ventas Mostrador;Efectivo;4298;COLONIA PARVULITOS DE 30 ML;ASEO;4400;7000;1.00;7000
51910;lunes; 8 de junio de 2026;10:40 a. m.;cajero 1;Vendedor ;1001;Ventas Mostrador;Daviplata;1188;CARGADOR BEBE ESTAMPADO PROMOCION;ACCESORIOS;0;27000;1.00;27000
51909;lunes; 8 de junio de 2026;10:10 a. m.;cajero 1;Vendedor ;1001;Ventas Mostrador;Tarjeta Débito;PTQ1167;CHUPO REPUESTO ONLY KTT-030;ACCESORIOS;2500;6500;2.00;13000
51908;domingo; 7 de junio de 2026;7:10 p. m.;cajero 1;;1001;Ventas Mostrador;Nequi;1420;MEDIAS ENCAJE MARATHON;ROPA;8500;14500;1.00;14500
51908;domingo; 7 de junio de 2026;7:10 p. m.;cajero 1;;1001;Ventas Mostrador;Nequi;1726;ZAPATO NO TUERCE;CALZADO;15000;35000;1.00;35000
51907;domingo; 7 de junio de 2026;6:57 p. m.;cajero 1;;1001;Ventas Mostrador;Efectivo;2080;BODY BLANCO X3 REF2080;ROPA;15000;30000;1.00;30000
51906;domingo; 7 de junio de 2026;6:55 p. m.;cajero 1;;1001;Ventas Mostrador;Efectivo;2117-1;MEDIAS RECIEN NACIDO X UNIDAD;ROPA;875;2500;6.00;15000
51905;domingo; 7 de junio de 2026;6:10 p. m.;cajero 1;;1001;Ventas Mostrador;Nequi;1726;ZAPATO NO TUERCE;CALZADO;15000;35000;1.00;35000
51904;domingo; 7 de junio de 2026;6:05 p. m.;cajero 1;;1001;Ventas Mostrador;Efectivo;2118;CONJUNTO CHIKIS CORBATIN TIRANTAS;ROPA;25000;70000;1.00;70000
51903;domingo; 7 de junio de 2026;5:54 p. m.;cajero 1;;1001;Ventas Mostrador;Efectivo;1189;GUANTE BLANCO;ROPA;3000;6500;1.00;6500
51902;domingo; 7 de junio de 2026;5:49 p. m.;cajero 1;;1001;Ventas Mostrador;Efectivo;1003;PAPEL REGALO PLIEGO Y TARJETA;ACCESORIOS;321;1000;1.00;1000
51902;domingo; 7 de junio de 2026;5:49 p. m.;cajero 1;;1001;Ventas Mostrador;Efectivo;0031-1;PIJAMA PIEL DURAZNO BOTON 2 PIEZAS;ROPA;15500;36000;1.00;36000
51901;domingo; 7 de junio de 2026;5:27 p. m.;cajero 1;;1001;Ventas Mostrador;Efectivo;1303-2;BALACA DE TELA NVO DISEÑO;ACCESORIOS;3000;7000;2.00;14000
51901;domingo; 7 de junio de 2026;5:27 p. m.;cajero 1;;1001;Ventas Mostrador;Efectivo;1379-2;CONJUNTO FABY 3 PEIZAS;ROPA;16000;31000;2.00;62000
51900;domingo; 7 de junio de 2026;5:19 p. m.;cajero 1;;1001;Ventas Mostrador;Efectivo;7707199344825;PAÑAL VALENTINA 3GX30;PAÑAL;26400;33000;1.00;33000
51899;domingo; 7 de junio de 2026;5:15 p. m.;cajero 1;;1001;Ventas Mostrador;Nequi;1917;BOLSA DE REGALO MEDIANA DECORADA NIÑOS;PAPELERIA;2416;4600;1.00;4600
51899;domingo; 7 de junio de 2026;5:15 p. m.;cajero 1;;1001;Ventas Mostrador;Nequi;0031-1;PIJAMA PIEL DURAZNO BOTON 2 PIEZAS;ROPA;15500;36000;1.00;36000
51898;domingo; 7 de junio de 2026;5:07 p. m.;cajero 1;;1001;Ventas Mostrador;Nequi;7701021115140;PAÑAL WINNY ULTRATRIM SEC 2X16;PAÑAL;14700;16000;1.00;16000
51897;domingo; 7 de junio de 2026;5:04 p. m.;cajero 1;;1001;Ventas Mostrador;Efectivo;1803-1;TIRANTAS COLORES NIÑOS;ACCESORIOS;4500;13000;1.00;13000
51896;domingo; 7 de junio de 2026;4:56 p. m.;cajero 1;;1001;Ventas Mostrador;Efectivo;2025;MEDIA PATIN;ROPA;2500;6500;1.00;6500
51896;domingo; 7 de junio de 2026;4:56 p. m.;cajero 1;;1001;Ventas Mostrador;Efectivo;1379-2;CONJUNTO FABY 3 PEIZAS;ROPA;16000;31000;1.00;31000
51895;domingo; 7 de junio de 2026;4:43 p. m.;cajero 1;;1001;Ventas Mostrador;Efectivo;1635-1;PANTIS MATERNO TALLA UNICA;MATERNA;18000;32000;1.00;32000
51894;domingo; 7 de junio de 2026;4:40 p. m.;cajero 1;;1001;Ventas Mostrador;Nequi;2217;CAMISETA BLANCA CUELLO REDONDO T 2 A 16;ROPA;6000;10000;1.00;10000
51894;domingo; 7 de junio de 2026;4:40 p. m.;cajero 1;;1001;Ventas Mostrador;Nequi;2224;TUTU POR UNIDAD;ROPA;13000;26900;1.00;26900
51893;domingo; 7 de junio de 2026;4:04 p. m.;cajero 1;;1001;Ventas Mostrador;Efectivo;138055651561;COPITOS VALENTINA X300 UN;ASEO;3416;6900;1.00;6900
51892;domingo; 7 de junio de 2026;3:56 p. m.;cajero 1;;1001;Ventas Mostrador;Nequi;7702277892861;ESTUCHE ARRURRU ABUELITA NIÑA NVA PRESENTACION;ASEO;60350;90000;1.00;90000
51891;domingo; 7 de junio de 2026;3:40 p. m.;cajero 1;;1001;Ventas Mostrador;Nequi;7702277943150....;ESTUCHE VIAJERO NIÑO NVA PRESENTACION;ASEO;23800;32200;1.00;32200
51890;domingo; 7 de junio de 2026;3:34 p. m.;cajero 1;;1001;Ventas Mostrador;Efectivo;1003;PAPEL REGALO PLIEGO Y TARJETA;ACCESORIOS;321;1000;1.00;1000
51889;domingo; 7 de junio de 2026;3:33 p. m.;cajero 1;;1001;Ventas Mostrador;Efectivo;2002;SEMANARIO 21 PIEZAS;ROPA;34000;53000;1.00;53000
51888;domingo; 7 de junio de 2026;3:11 p. m.;cajero 1;;1001;Ventas Mostrador;Nequi;1003;PAPEL REGALO PLIEGO Y TARJETA;ACCESORIOS;321;1000;1.00;1000
51888;domingo; 7 de junio de 2026;3:11 p. m.;cajero 1;;1001;Ventas Mostrador;Nequi;2157;CONJUNTO DE JEANS CON BUSO CERRADO;ROPA;35500;70000;1.00;70000
51887;domingo; 7 de junio de 2026;3:10 p. m.;cajero 1;;1001;Ventas Mostrador;Efectivo;1980;MEDIAS MICROFIBRA 2-4-6-8-10-12;ROPA;8500;17900;1.00;17900
51886;domingo; 7 de junio de 2026;3:00 p. m.;cajero 1;;1001;Ventas Mostrador;Efectivo;7701021116536;PAÑAL WINNY ULTRATRIM SEC 2X30;PAÑAL;26700;29700;1.00;29700
51886;domingo; 7 de junio de 2026;3:00 p. m.;cajero 1;;1001;Ventas Mostrador;Efectivo;7701021145949;PAÑITOS WINNY ALOE X100;ASEO;9529;12500;1.00;12500
51885;domingo; 7 de junio de 2026;2:58 p. m.;cajero 1;;1001;Ventas Mostrador;Efectivo;7701021145949;PAÑITOS WINNY ALOE X100;ASEO;9529;12500;1.00;12500
51883;domingo; 7 de junio de 2026;2:23 p. m.;cajero 1;;1001;Ventas Mostrador;Efectivo;1003;PAPEL REGALO PLIEGO Y TARJETA;ACCESORIOS;321;1000;2.00;2000
51883;domingo; 7 de junio de 2026;2:23 p. m.;cajero 1;;1001;Ventas Mostrador;Efectivo;7701021116581;PAÑAL WINNY ULTRATRIM SEC 2X50;PAÑAL;42430;49900;1.00;45908
51883;domingo; 7 de junio de 2026;2:23 p. m.;cajero 1;;1001;Ventas Mostrador;Efectivo;7701021145949;PAÑITOS WINNY ALOE X100;ASEO;9529;12500;1.00;12500
51882;domingo; 7 de junio de 2026;2:16 p. m.;cajero 1;;1001;Ventas Mostrador;Efectivo;7701021111975;PAÑAL WINNY 0X50;PAÑAL;32517;34500;2.00;69000
51881;domingo; 7 de junio de 2026;2:15 p. m.;cajero 1;;1001;Ventas Mostrador;Efectivo;1003;PAPEL REGALO PLIEGO Y TARJETA;ACCESORIOS;321;1000;3.00;3000
51881;domingo; 7 de junio de 2026;2:15 p. m.;cajero 1;;1001;Ventas Mostrador;Efectivo;7701021115140;PAÑAL WINNY ULTRATRIM SEC 2X16;PAÑAL;14700;16000;1.00;16000
51881;domingo; 7 de junio de 2026;2:15 p. m.;cajero 1;;1001;Ventas Mostrador;Efectivo;22731;JARDINERA NISAM TALLA UNICA;ROPA;20000;45000;1.00;45000
51880;domingo; 7 de junio de 2026;1:53 p. m.;cajero 1;;1001;Ventas Mostrador;Tarjeta crédito;7453038485470;ESTERILIZADOR DE TETEROS GENIAL STEAMIE;ACCESORIOS;180000;250000;1.00;250000
51879;domingo; 7 de junio de 2026;1:43 p. m.;cajero 1;;1001;Ventas Mostrador;Daviplata;1226;COJIN DE LACTANCIA NIÑA/NIÑO;LACTANCIA;31000;68000;1.00;68000
51879;domingo; 7 de junio de 2026;1:43 p. m.;cajero 1;;1001;Ventas Mostrador;Daviplata;7701021116581;PAÑAL WINNY ULTRATRIM SEC 2X50;PAÑAL;42430;49900;1.00;49900
51879;domingo; 7 de junio de 2026;1:43 p. m.;cajero 1;;1001;Ventas Mostrador;Daviplata;7702277084198;COLONIA ARRURRU NIÑO NVA PRESENTACION 30 ML;ASEO;6600;8300;1.00;8300
51878;domingo; 7 de junio de 2026;1:37 p. m.;cajero 1;;1001;Ventas Mostrador;Nequi;1288;CORRAL VALENTINA REF.930C AZUL;CORRALES;263750;342900;1.00;279464
51878;domingo; 7 de junio de 2026;1:37 p. m.;cajero 1;;1001;Ventas Mostrador;Nequi;1584;COCHE + PAÑALERA JM;COCHES;165000;271000;1.00;220594
51878;domingo; 7 de junio de 2026;1:37 p. m.;cajero 1;;1001;Ventas Mostrador;Nequi;7701021116604;PAÑAL WINNY ULTRATRIM SEC 2X100;PAÑAL;83994;100000;1.00;90000
51877;domingo; 7 de junio de 2026;1:19 p. m.;cajero 1;;1001;Ventas Mostrador;Efectivo;1768;MEDIAS ESPAÑOLA MOÑO ANAVID;ROPA;8500;13500;1.00;13500
51876;domingo; 7 de junio de 2026;12:53 p. m.;cajero 1;;1001;Ventas Mostrador;Efectivo;1003;PAPEL REGALO PLIEGO Y TARJETA;ACCESORIOS;321;1000;1.00;1000
51876;domingo; 7 de junio de 2026;12:53 p. m.;cajero 1;;1001;Ventas Mostrador;Efectivo;1386;JARDINERA JEANS NIÑA CORAZONES T:2 A T:6;ROPA;35000;72000;1.00;72000
51876;domingo; 7 de junio de 2026;12:53 p. m.;cajero 1;;1001;Ventas Mostrador;Efectivo;4863-2;PAVA BEBE EN PANA -DRILL;ACCESORIOS;13000;28500;1.00;28500
51875;domingo; 7 de junio de 2026;12:33 p. m.;cajero 1;;1001;Ventas Mostrador;Efectivo;1003;PAPEL REGALO PLIEGO Y TARJETA;ACCESORIOS;321;1000;1.00;1000
51874;domingo; 7 de junio de 2026;12:16 p. m.;cajero 1;;1001;Ventas Mostrador;Efectivo;1003;PAPEL REGALO PLIEGO Y TARJETA;ACCESORIOS;321;1000;1.00;1000
51873;domingo; 7 de junio de 2026;12:15 p. m.;cajero 1;;1001;Ventas Mostrador;Nequi;1003;PAPEL REGALO PLIEGO Y TARJETA;ACCESORIOS;321;1000;4.00;4000
51873;domingo; 7 de junio de 2026;12:15 p. m.;cajero 1;;1001;Ventas Mostrador;Nequi;7701021111821;PAÑAL WINNY ULTRATRIM 3X30;PAÑAL;32500;35800;1.00;35800
51873;domingo; 7 de junio de 2026;12:15 p. m.;cajero 1;;1001;Ventas Mostrador;Nequi;1776;PRIMERA MUDA ALMOHADAS;ROPA;26000;48000;1.00;48000
51873;domingo; 7 de junio de 2026;12:15 p. m.;cajero 1;;1001;Ventas Mostrador;Nequi;2140-1;RUANA DOBLE FAX;LLUVIA;14500;36000;1.00;36000
51873;domingo; 7 de junio de 2026;12:15 p. m.;cajero 1;;1001;Ventas Mostrador;Nequi;263;CONJUNTO 3 PIEZAS OSO;ROPA;30000;72000;1.00;72000
51873;domingo; 7 de junio de 2026;12:15 p. m.;cajero 1;;1001;Ventas Mostrador;Nequi;2201;COBIJA DOBLE ALMOHADA;LENCERIA;36000;65000;1.00;65000
51873;domingo; 7 de junio de 2026;12:15 p. m.;cajero 1;;1001;Ventas Mostrador;Nequi;1376;TINA PLEGABLE UNISEX;BAÑERAS;125000;155000;1.00;155000
51873;domingo; 7 de junio de 2026;12:15 p. m.;cajero 1;;1001;Ventas Mostrador;Nequi;6935316100196;LAVA TETEROS OBSEQUIO;ACCESORIOS;2300;3000;1.00;0
51872;domingo; 7 de junio de 2026;12:10 p. m.;cajero 1;;1001;Ventas Mostrador;Efectivo;1003;PAPEL REGALO PLIEGO Y TARJETA;ACCESORIOS;321;1000;1.00;1000
51872;domingo; 7 de junio de 2026;12:10 p. m.;cajero 1;;1001;Ventas Mostrador;Efectivo;2140-1;RUANA DOBLE FAX;LLUVIA;14500;36000;1.00;36000
51872;domingo; 7 de junio de 2026;12:10 p. m.;cajero 1;;1001;Ventas Mostrador;Efectivo;3211-4;CONJUNTO MELODY CHAQUETA BEISBOLERA NIÑA;ROPA;58000;105000;1.00;105000
51871;domingo; 7 de junio de 2026;11:58 a. m.;cajero 1;;1001;Ventas Mostrador;Efectivo;1162;PRIMERA MUDA DE BOLSA MAJU BABY;ROPA;22000;38000;1.00;38000
51871;domingo; 7 de junio de 2026;11:58 a. m.;cajero 1;;1001;Ventas Mostrador;Efectivo;2117-1;MEDIAS RECIEN NACIDO X UNIDAD;ROPA;875;2500;3.00;6975
51871;domingo; 7 de junio de 2026;11:58 a. m.;cajero 1;;1001;Ventas Mostrador;Efectivo;3064;COBERTOR OVEJERO CON ESTAMPADO;LENCERIA;16000;39000;1.00;39000
51871;domingo; 7 de junio de 2026;11:58 a. m.;cajero 1;;1001;Ventas Mostrador;Efectivo;2046-1;PRIMERA MUDA FINA CAJA MAITOS;ROPA;33000;66000;1.00;66000
51870;domingo; 7 de junio de 2026;11:53 a. m.;cajero 1;;1001;Ventas Mostrador;Tarjeta Débito;1721;SEMANARIO 14 PIEZAS;ROPA;28000;50000;1.00;50000
51870;domingo; 7 de junio de 2026;11:53 a. m.;cajero 1;;1001;Ventas Mostrador;Tarjeta Débito;1162;PRIMERA MUDA DE BOLSA MAJU BABY;ROPA;22000;38000;1.00;38000
51870;domingo; 7 de junio de 2026;11:53 a. m.;cajero 1;;1001;Ventas Mostrador;Tarjeta Débito;3064;COBERTOR OVEJERO CON ESTAMPADO;LENCERIA;16000;39000;1.00;39000
51870;domingo; 7 de junio de 2026;11:53 a. m.;cajero 1;;1001;Ventas Mostrador;Tarjeta Débito;1351-3;FULAR NIÑA NIÑO;ACCESORIOS;32000;65000;1.00;65000
51869;domingo; 7 de junio de 2026;11:46 a. m.;cajero 1;;1001;Ventas Mostrador;Efectivo;1799;RODILLERA CARTER;ACCESORIOS;4972;12000;2.00;24000
51869;domingo; 7 de junio de 2026;11:46 a. m.;cajero 1;;1001;Ventas Mostrador;Efectivo;1133-6;MEDIA TOBACO X 3 T 0 A 18 MESES;ROPA;7500;13000;1.00;13000
51868;domingo; 7 de junio de 2026;11:33 a. m.;cajero 1;;1001;Ventas Mostrador;Efectivo;7701021117908;PAÑAL WINNY PANTS 5X50;PAÑAL;67754;78000;1.00;71760
51867;domingo; 7 de junio de 2026;10:52 a. m.;cajero 1;;1001;Ventas Mostrador;Nequi;7701021118318;PAñAL WINNY ULTRATRIM SEC 3X16;PAÑAL;17222;22300;1.00;22300
51867;domingo; 7 de junio de 2026;10:52 a. m.;cajero 1;;1001;Ventas Mostrador;Nequi;6970817283337;PAÑITOS VALENTINA X 100;ASEO;6000;11600;1.00;11600
51867;domingo; 7 de junio de 2026;10:52 a. m.;cajero 1;;1001;Ventas Mostrador;Nequi;5062;MUDA ECONOMICA JULIS - JIRETH;ROPA;16000;32000;1.00;32000
51866;domingo; 7 de junio de 2026;10:50 a. m.;cajero 1;;1001;Ventas Mostrador;Daviplata;2088;BABUCHA BEBE;CALZADO;12000;28000;1.00;28000
51865;domingo; 7 de junio de 2026;10:50 a. m.;cajero 1;;1001;Ventas Mostrador;Efectivo;3211-7;CONJUNTO BEISBOLERO CUERO DYK;ROPA;55000;105000;1.00;105000
51864;domingo; 7 de junio de 2026;10:10 a. m.;cajero 1;;1001;Ventas Mostrador;Nequi;7702031291534;SHAMPOO JOHNSON ORIGINAL 100 ML;ASEO;9500;14200;1.00;14200
51864;domingo; 7 de junio de 2026;10:10 a. m.;cajero 1;;1001;Ventas Mostrador;Nequi;2132;BOLSA DE REGALO PEQUEÑA DECORADA;PAPELERIA;1750;3200;1.00;3200
51864;domingo; 7 de junio de 2026;10:10 a. m.;cajero 1;;1001;Ventas Mostrador;Nequi;1806-1;CAMISETA POLO SEDA FRIA NIÑO;ROPA;20000;40000;1.00;40000
51863;sábado; 6 de junio de 2026;7:47 p. m.;cajero 1;;1001;Ventas Mostrador;Daviplata;2207;ESQUELETO POR UNIDAD CON DISEÑO TALLA 6;ROPA;3666;6500;1.00;6500
51863;sábado; 6 de junio de 2026;7:47 p. m.;cajero 1;;1001;Ventas Mostrador;Daviplata;AK5235;BABERO SILICONADO BEIDILE;ACCESORIOS;7500;20500;1.00;20500
51862;sábado; 6 de junio de 2026;7:38 p. m.;cajero 1;;1001;Ventas Mostrador;Efectivo;1003;PAPEL REGALO PLIEGO Y TARJETA;ACCESORIOS;321;1000;1.00;1000
51862;sábado; 6 de junio de 2026;7:38 p. m.;cajero 1;;1001;Ventas Mostrador;Efectivo;2056;RUANA FINA ABIERTA NIÑA;LENCERIA;24000;48000;1.00;48000
51862;sábado; 6 de junio de 2026;7:38 p. m.;cajero 1;;1001;Ventas Mostrador;Efectivo;1299;TURBANTE CON MEDIAS + TURBANTE;ACCESORIOS;18000;28000;1.00;28000
51861;sábado; 6 de junio de 2026;7:34 p. m.;cajero 1;;1001;Ventas Mostrador;Tarjeta Débito;1003;PAPEL REGALO PLIEGO Y TARJETA;ACCESORIOS;321;1000;4.00;4000
51861;sábado; 6 de junio de 2026;7:34 p. m.;cajero 1;;1001;Ventas Mostrador;Tarjeta Débito;2201;COBIJA DOBLE ALMOHADA;LENCERIA;36000;65000;1.00;65000
51861;sábado; 6 de junio de 2026;7:34 p. m.;cajero 1;;1001;Ventas Mostrador;Tarjeta Débito;7701021115140;PAÑAL WINNY ULTRATRIM SEC 2X16;PAÑAL;14700;16000;2.00;32000
51861;sábado; 6 de junio de 2026;7:34 p. m.;cajero 1;;1001;Ventas Mostrador;Tarjeta Débito;1572;PRIMERA MUDA IMPORTADA HONOR BABY;ROPA;40000;75000;1.00;75000
51861;sábado; 6 de junio de 2026;7:34 p. m.;cajero 1;;1001;Ventas Mostrador;Tarjeta Débito;7702026147631;PAÑITOS PEQUEÑIN ALMENDRA X 100 UND;ASEO;8333;10900;1.00;10900
51860;sábado; 6 de junio de 2026;7:28 p. m.;cajero 1;;1001;Ventas Mostrador;Nequi;7701021116536;PAÑAL WINNY ULTRATRIM SEC 2X30;PAÑAL;26700;29700;1.00;29700
51860;sábado; 6 de junio de 2026;7:28 p. m.;cajero 1;;1001;Ventas Mostrador;Nequi;2002;SEMANARIO 21 PIEZAS;ROPA;34000;53000;1.00;53000
51860;sábado; 6 de junio de 2026;7:28 p. m.;cajero 1;;1001;Ventas Mostrador;Nequi;7702277375838;ESTUCHE ARRURRU VIAJERO ROSADO NVA PRESENTACION;ASEO;23800;32200;1.00;32200
51860;sábado; 6 de junio de 2026;7:28 p. m.;cajero 1;;1001;Ventas Mostrador;Nequi;7702026147631;PAÑITOS PEQUEÑIN ALMENDRA X 100 UND;ASEO;8333;10900;1.00;10900
51859;sábado; 6 de junio de 2026;7:01 p. m.;cajero 1;;1001;Ventas Mostrador;Daviplata;1789;BABEROS CARTER`S X3;ROPA;15000;29000;1.00;29000
51858;sábado; 6 de junio de 2026;6:59 p. m.;cajero 1;;1001;Ventas Mostrador;Efectivo;7701021117908;PAÑAL WINNY PANTS 5X50;PAÑAL;67754;78000;1.00;71760
51857;sábado; 6 de junio de 2026;6:42 p. m.;cajero 1;;1001;Ventas Mostrador;Efectivo;7701021116499;PAÑAL WINNY ULTRATRIM SEC 1X30;PAÑAL;22400;25500;1.00;25500
51857;sábado; 6 de junio de 2026;6:42 p. m.;cajero 1;;1001;Ventas Mostrador;Efectivo;7702026147631;PAÑITOS PEQUEÑIN ALMENDRA X 100 UND;ASEO;8333;10900;1.00;10900
51856;sábado; 6 de junio de 2026;6:38 p. m.;cajero 1;;1001;Ventas Mostrador;Efectivo;7707233050101;BIBERON CORCHITO MANIJA 8 ONZ;ACCESORIOS;4905;13000;1.00;13000
51855;sábado; 6 de junio de 2026;6:32 p. m.;cajero 1;;1001;Ventas Mostrador;Daviplata;1917;BOLSA DE REGALO MEDIANA DECORADA NIÑOS;PAPELERIA;2416;4600;1.00;4600
51854;sábado; 6 de junio de 2026;6:30 p. m.;cajero 1;;1001;Ventas Mostrador;Daviplata;1003;PAPEL REGALO PLIEGO Y TARJETA;ACCESORIOS;321;1000;1.00;1000
51854;sábado; 6 de junio de 2026;6:30 p. m.;cajero 1;;1001;Ventas Mostrador;Daviplata;2002;SEMANARIO 21 PIEZAS;ROPA;34000;53000;1.00;53000
51853;sábado; 6 de junio de 2026;6:27 p. m.;cajero 1;;1001;Ventas Mostrador;Daviplata;1003;PAPEL REGALO PLIEGO Y TARJETA;ACCESORIOS;321;1000;1.00;1000
51853;sábado; 6 de junio de 2026;6:27 p. m.;cajero 1;;1001;Ventas Mostrador;Daviplata;1943-1;BODY SUNNOZY X UNIDAD;ROPA;9600;17000;3.00;51000
51852;sábado; 6 de junio de 2026;6:05 p. m.;cajero 1;;1001;Ventas Mostrador;Efectivo;2152-1;CONJUNTO 3 PIEZAS T:2 A T:8 PAULIS;ROPA;35000;72000;1.00;50400
51851;sábado; 6 de junio de 2026;6:03 p. m.;cajero 1;;1001;Ventas Mostrador;Efectivo;7701021111845;PAÑAL WINNY ULTRATRIM SEC 3X50;PAÑAL;50170;57900;1.00;53268
51850;sábado; 6 de junio de 2026;5:57 p. m.;cajero 1;;1001;Ventas Mostrador;Efectivo;6977252931915;RECOLECTORAS DE LECHE ONLY;ACCESORIOS;10000;21000;1.00;21000
51849;sábado; 6 de junio de 2026;5:54 p. m.;cajero 1;;1001;Ventas Mostrador;Efectivo;1980;MEDIAS MICROFIBRA 2-4-6-8-10-12;ROPA;8500;17900;1.00;17900
51848;sábado; 6 de junio de 2026;5:48 p. m.;cajero 1;;1001;Ventas Mostrador;Efectivo;1918;BOLSA DE REGALO GRANDE JUMBO DECORADA;PAPELERIA;3144;6000;1.00;6000
51847;sábado; 6 de junio de 2026;5:47 p. m.;cajero 1;;1001;Ventas Mostrador;Efectivo;1133-6;MEDIA TOBACO X 3 T 0 A 18 MESES;ROPA;7500;13000;1.00;13000
51846;sábado; 6 de junio de 2026;5:46 p. m.;cajero 1;;1001;Ventas Mostrador;Nequi;7701021116512;PAÑAL WINNY ULTRATRIM SEC 1X50;PAÑAL;36237;41500;1.00;39010
51846;sábado; 6 de junio de 2026;5:46 p. m.;cajero 1;;1001;Ventas Mostrador;Nequi;7702277395256;PAÑITOS ARRURRU AVENA X100;ASEO;8333;14500;1.00;14500
51845;sábado; 6 de junio de 2026;5:36 p. m.;cajero 1;;1001;Ventas Mostrador;Nequi;1482;ORINAL VALENTINA UNIFICADO;ASEO;17650;25000;1.00;20000
51845;sábado; 6 de junio de 2026;5:36 p. m.;cajero 1;;1001;Ventas Mostrador;Nequi;0031-1;PIJAMA PIEL DURAZNO BOTON 2 PIEZAS;ROPA;15500;36000;1.00;36000
51844;sábado; 6 de junio de 2026;5:17 p. m.;cajero 1;;1001;Ventas Mostrador;Efectivo;1133-5;MEDIA TOBACO X UNIDAD T 0 A 18 MESES;ROPA;2500;4500;2.00;9000
51843;sábado; 6 de junio de 2026;5:12 p. m.;cajero 1;;1001;Ventas Mostrador;Efectivo;1917;BOLSA DE REGALO MEDIANA DECORADA NIÑOS;PAPELERIA;2416;4600;1.00;4600
51843;sábado; 6 de junio de 2026;5:12 p. m.;cajero 1;;1001;Ventas Mostrador;Efectivo;3064;COBERTOR OVEJERO CON ESTAMPADO;LENCERIA;16000;39000;1.00;39000
51843;sábado; 6 de junio de 2026;5:12 p. m.;cajero 1;;1001;Ventas Mostrador;Efectivo;1196-1;SUDADERA B. CERRADO PAULIS & CO JUNIOR T4 A T10;ROPA;32000;72000;1.00;72000
51842;sábado; 6 de junio de 2026;5:01 p. m.;cajero 1;;1001;Ventas Mostrador;Nequi;DG-208;EXTRACTOR MANUAL POPMAX;ACCESORIOS;20000;50000;1.00;50000
51841;sábado; 6 de junio de 2026;5:01 p. m.;cajero 1;;1001;Ventas Mostrador;Tarjeta Débito;1376-1;TINA PLEGABLE CON ACCESORIOS;ACCESORIOS;140000;185000;1.00;185000
51840;sábado; 6 de junio de 2026;4:47 p. m.;cajero 1;;1001;Ventas Mostrador;Nequi;1588;BLUSA MATERNA RESORTE;MATERNA;25000;59000;1.00;59000
51840;sábado; 6 de junio de 2026;4:47 p. m.;cajero 1;;1001;Ventas Mostrador;Nequi;1629;LEGIS MATERNO ALGODON S-M;MATERNA;18000;38000;1.00;38000
51839;sábado; 6 de junio de 2026;4:44 p. m.;cajero 1;;1001;Ventas Mostrador;Efectivo;1186;BAYETILLA CAMISA ROJA X3;ROPA;7500;14500;1.00;14500
51838;sábado; 6 de junio de 2026;4:44 p. m.;cajero 1;;1001;Ventas Mostrador;Efectivo;1419-2;MEDIA CACHIMIR AZUL NIÑA T:2 - T:12;COLEGIO;8015;16900;1.00;16900
51837;sábado; 6 de junio de 2026;4:40 p. m.;cajero 1;;1001;Ventas Mostrador;Nequi;7701021116536;PAÑAL WINNY ULTRATRIM SEC 2X30;PAÑAL;26700;29700;1.00;29700
51837;sábado; 6 de junio de 2026;4:40 p. m.;cajero 1;;1001;Ventas Mostrador;Nequi;7701021145949;PAÑITOS WINNY ALOE X100;ASEO;9529;12500;2.00;25000
51837;sábado; 6 de junio de 2026;4:40 p. m.;cajero 1;;1001;Ventas Mostrador;Nequi;1917;BOLSA DE REGALO MEDIANA DECORADA NIÑOS;PAPELERIA;2416;4600;2.00;9200
51836;sábado; 6 de junio de 2026;4:35 p. m.;cajero 1;;1001;Ventas Mostrador;Efectivo;7702031132844;ACEITE JOHNSON ORIGINAL X50ML;ASEO;6998;8800;1.00;8800
51835;sábado; 6 de junio de 2026;4:33 p. m.;cajero 1;;1001;Ventas Mostrador;Nequi;1196-3;SUDADERA PAULIS & CO JUNIOR CREMALLERA T4 A T10;ROPA;36500;75000;1.00;75000
51834;sábado; 6 de junio de 2026;4:19 p. m.;cajero 1;;1001;Ventas Mostrador;Efectivo;1003;PAPEL REGALO PLIEGO Y TARJETA;ACCESORIOS;321;1000;1.00;1000
51834;sábado; 6 de junio de 2026;4:19 p. m.;cajero 1;;1001;Ventas Mostrador;Efectivo;3064;COBERTOR OVEJERO CON ESTAMPADO;LENCERIA;16000;39000;1.00;39000
51834;sábado; 6 de junio de 2026;4:19 p. m.;cajero 1;;1001;Ventas Mostrador;Efectivo;1379-2;CONJUNTO FABY 3 PEIZAS;ROPA;16000;31000;1.00;31000
51833;sábado; 6 de junio de 2026;4:17 p. m.;cajero 1;;1001;Ventas Mostrador;Efectivo;1135;BATA LABORATORIO NIÑO;COLEGIO;14000;25000;1.00;25000
51832;sábado; 6 de junio de 2026;4:13 p. m.;cajero 1;;1001;Ventas Mostrador;Nequi;7702277244271;COLONIA ARRURRU 30 ML ROSADA NVA PRESENTACION;ASEO;6600;8300;1.00;8300
51831;sábado; 6 de junio de 2026;4:12 p. m.;cajero 1;;1001;Ventas Mostrador;Nequi;2155;ROPA INTERIOR NIÑO X UNIDAD;ROPA;2500;6200;3.00;18600
51830;sábado; 6 de junio de 2026;4:01 p. m.;cajero 1;;1001;Ventas Mostrador;Nequi;7701021144829;PAÑAL WINNY ULTRATRIM SENSITIVE 0X30;PAÑAL;19511;23500;1.00;23500
51830;sábado; 6 de junio de 2026;4:01 p. m.;cajero 1;;1001;Ventas Mostrador;Nequi;3064;COBERTOR OVEJERO CON ESTAMPADO;LENCERIA;16000;39000;1.00;39000
51830;sábado; 6 de junio de 2026;4:01 p. m.;cajero 1;;1001;Ventas Mostrador;Nequi;7702026147631;PAÑITOS PEQUEÑIN ALMENDRA X 100 UND;ASEO;8333;10900;1.00;10900
51829;sábado; 6 de junio de 2026;3:14 p. m.;cajero 1;;1001;Ventas Mostrador;Nequi;7701021117786;PAÑAL WINNY PANTS 4X50;PAÑAL;61716;71300;1.00;65596
51828;sábado; 6 de junio de 2026;2:52 p. m.;cajero 1;;1001;Ventas Mostrador;Efectivo;7701021116536;PAÑAL WINNY ULTRATRIM SEC 2X30;PAÑAL;26700;29700;1.00;29700
51828;sábado; 6 de junio de 2026;2:52 p. m.;cajero 1;;1001;Ventas Mostrador;Efectivo;2066;CAMBIADOR + TOALLA CREACIONES RUSSI;ACCESORIOS;13000;25000;1.00;25000
51828;sábado; 6 de junio de 2026;2:52 p. m.;cajero 1;;1001;Ventas Mostrador;Efectivo;7702277943150....;ESTUCHE VIAJERO NIÑO NVA PRESENTACION;ASEO;23800;32200;1.00;32200
51828;sábado; 6 de junio de 2026;2:52 p. m.;cajero 1;;1001;Ventas Mostrador;Efectivo;7707233051009;PAÑITOS HUMEDOS CORCHITO X 120 UND;ASEO;7144;12000;1.00;12000
51827;sábado; 6 de junio de 2026;2:39 p. m.;cajero 1;;1001;Ventas Mostrador;Efectivo;3019;VESTIDO DE BAÑO NIÑA DESCOTE ESPALDA;PISCINA;35000;56000;1.00;56000
51826;sábado; 6 de junio de 2026;2:27 p. m.;cajero 1;;1001;Ventas Mostrador;Efectivo;1980;MEDIAS MICROFIBRA 2-4-6-8-10-12;ROPA;8500;17900;1.00;17900
51825;sábado; 6 de junio de 2026;2:10 p. m.;cajero 1;;1001;Ventas Mostrador;Efectivo;1003;PAPEL REGALO PLIEGO Y TARJETA;ACCESORIOS;321;1000;1.00;1000
51825;sábado; 6 de junio de 2026;2:10 p. m.;cajero 1;;1001;Ventas Mostrador;Efectivo;2120-4;ABRIGO NIÑA;ROPA;25000;55000;1.00;55000
51824;sábado; 6 de junio de 2026;1:07 p. m.;cajero 1;;1001;Ventas Mostrador;Nequi;2025;MEDIA PATIN;ROPA;2500;6500;1.00;6500
51824;sábado; 6 de junio de 2026;1:07 p. m.;cajero 1;;1001;Ventas Mostrador;Nequi;2144;PRIMERA MUDA TERMICA ECONOMICA;ROPA;12000;28000;2.00;56000
51824;sábado; 6 de junio de 2026;1:07 p. m.;cajero 1;;1001;Ventas Mostrador;Nequi;1379;CONJUNTO MEIQUITOS BABY;ROPA;15000;30000;1.00;30000
51824;sábado; 6 de junio de 2026;1:07 p. m.;cajero 1;;1001;Ventas Mostrador;Nequi;7701021115140;PAÑAL WINNY ULTRATRIM SEC 2X16;PAÑAL;14700;16000;1.00;16000
51823;sábado; 6 de junio de 2026;12:40 p. m.;cajero 1;;1001;Ventas Mostrador;Nequi;7702277677239;COLONIA ARRURRU 60 ML ROSADA;ASEO;11500;15700;1.00;15700
51822;sábado; 6 de junio de 2026;11:57 a. m.;cajero 1;;1001;Ventas Mostrador;Efectivo;6957931451705;PAÑAL VALENTINA ADULTO PANT M X20;PAÑAL;54500;79600;1.00;79600
51821;sábado; 6 de junio de 2026;10:09 a. m.;cajero 1;;1001;Ventas Mostrador;Efectivo;7701021118295;PAÑAL WINNY ULTRATRIM SEC 1X16;PAÑAL;11819;15000;1.00;15000
51821;sábado; 6 de junio de 2026;10:09 a. m.;cajero 1;;1001;Ventas Mostrador;Efectivo;1917;BOLSA DE REGALO MEDIANA DECORADA NIÑOS;PAPELERIA;2416;4600;1.00;4600
51821;sábado; 6 de junio de 2026;10:09 a. m.;cajero 1;;1001;Ventas Mostrador;Efectivo;7702277943150....;ESTUCHE VIAJERO NIÑO NVA PRESENTACION;ASEO;23800;32200;1.00;32200
51820;sábado; 6 de junio de 2026;10:07 a. m.;cajero 1;;1001;Ventas Mostrador;Efectivo;7701021118295;PAÑAL WINNY ULTRATRIM SEC 1X16;PAÑAL;11819;15000;1.00;15000
51820;sábado; 6 de junio de 2026;10:07 a. m.;cajero 1;;1001;Ventas Mostrador;Efectivo;1917;BOLSA DE REGALO MEDIANA DECORADA NIÑOS;PAPELERIA;2416;4600;1.00;4600
51820;sábado; 6 de junio de 2026;10:07 a. m.;cajero 1;;1001;Ventas Mostrador;Efectivo;2117-1;MEDIAS RECIEN NACIDO X UNIDAD;ROPA;875;2500;4.00;10000
51820;sábado; 6 de junio de 2026;10:07 a. m.;cajero 1;;1001;Ventas Mostrador;Efectivo;2080-1;BODY BLANCO X UNIDAD;ROPA;4750;10000;1.00;10000
51820;sábado; 6 de junio de 2026;10:07 a. m.;cajero 1;;1001;Ventas Mostrador;Efectivo;1943-1;BODY SUNNOZY X UNIDAD;ROPA;9600;17000;1.00;17000
51819;viernes; 5 de junio de 2026;8:11 p. m.;cajero 1;Vendedor ;1001;Ventas Mostrador;Nequi;2082;MEDIAS ESTUCHE X 7;ROPA;14000;30000;1.00;30000
51819;viernes; 5 de junio de 2026;8:11 p. m.;cajero 1;Vendedor ;1001;Ventas Mostrador;Nequi;1398-4;CONJUNTO CHIKIS 3 PIEZAS NIÑA;ROPA;45000;87000;1.00;87000
51818;viernes; 5 de junio de 2026;7:47 p. m.;cajero 1;Vendedor ;1001;Ventas Mostrador;Efectivo;1726;ZAPATO NO TUERCE;CALZADO;15000;35000;1.00;30450
51818;viernes; 5 de junio de 2026;7:47 p. m.;cajero 1;Vendedor ;1001;Ventas Mostrador;Efectivo;1133-6;MEDIA TOBACO X 3 T 0 A 18 MESES;ROPA;7500;13000;1.00;13000
51818;viernes; 5 de junio de 2026;7:47 p. m.;cajero 1;Vendedor ;1001;Ventas Mostrador;Efectivo;3211-8;CONJUNTO DYK CHAQUETA CUERO NIÑO;ROPA;57000;105000;1.00;100065
51817;viernes; 5 de junio de 2026;7:28 p. m.;cajero 1;Vendedor ;1001;Ventas Mostrador;Efectivo;1420;MEDIAS ENCAJE MARATHON;ROPA;8500;14500;1.00;14500
51816;viernes; 5 de junio de 2026;7:16 p. m.;cajero 1;Vendedor ;1001;Ventas Mostrador;Efectivo;1980;MEDIAS MICROFIBRA 2-4-6-8-10-12;ROPA;8500;17900;1.00;17900
51815;viernes; 5 de junio de 2026;7:07 p. m.;cajero 1;Vendedor ;1001;Ventas Mostrador;Tarjeta crédito;1003;PAPEL REGALO PLIEGO Y TARJETA;ACCESORIOS;321;1000;2.00;2000
51815;viernes; 5 de junio de 2026;7:07 p. m.;cajero 1;Vendedor ;1001;Ventas Mostrador;Tarjeta crédito;7701021111821;PAÑAL WINNY ULTRATRIM 3X30;PAÑAL;32500;35800;1.00;35800
51815;viernes; 5 de junio de 2026;7:07 p. m.;cajero 1;Vendedor ;1001;Ventas Mostrador;Tarjeta crédito;7702031293569;SHAMPOO JOHNSON CABELLO OSCURO X1000ML;ASEO;30064;47700;1.00;47700
51815;viernes; 5 de junio de 2026;7:07 p. m.;cajero 1;Vendedor ;1001;Ventas Mostrador;Tarjeta crédito;3064;COBERTOR OVEJERO CON ESTAMPADO;LENCERIA;16000;39000;1.00;39000
51815;viernes; 5 de junio de 2026;7:07 p. m.;cajero 1;Vendedor ;1001;Ventas Mostrador;Tarjeta crédito;2157;CONJUNTO DE JEANS CON BUSO CERRADO;ROPA;35500;70000;1.00;70000
51814;viernes; 5 de junio de 2026;6:58 p. m.;cajero 1;Vendedor ;1001;Ventas Mostrador;Nequi;7701021114006;PAÑAL WINNY ULTRATRIM SEC 4X30;PAÑAL;38518;42600;1.00;40470
51813;viernes; 5 de junio de 2026;6:51 p. m.;cajero 1;Vendedor ;1001;Ventas Mostrador;Nequi;7701021147585;PAÑAL WINNY ULTRATRIM SEC 4X50;PAÑAL;61716;71300;1.00;65596
51812;viernes; 5 de junio de 2026;6:14 p. m.;cajero 1;Vendedor ;1001;Ventas Mostrador;Efectivo;1726;ZAPATO NO TUERCE;CALZADO;15000;35000;1.00;35000
51812;viernes; 5 de junio de 2026;6:14 p. m.;cajero 1;Vendedor ;1001;Ventas Mostrador;Efectivo;1196-2;SUDADERA PAULIS DOBLE PANTALONEST2 A T10;ROPA;32620;66000;1.00;66000
51812;viernes; 5 de junio de 2026;6:14 p. m.;cajero 1;Vendedor ;1001;Ventas Mostrador;Efectivo;1133-6;MEDIA TOBACO X 3 T 0 A 18 MESES;ROPA;7500;13000;1.00;13000
51811;viernes; 5 de junio de 2026;6:06 p. m.;cajero 1;Vendedor ;1001;Ventas Mostrador;Efectivo;7707233050101;BIBERON CORCHITO MANIJA 8 ONZ;ACCESORIOS;4905;13000;1.00;13000
51811;viernes; 5 de junio de 2026;6:06 p. m.;cajero 1;Vendedor ;1001;Ventas Mostrador;Efectivo;7707233050026;CHUPO BLANDO REPUESTO BIBERON CORCHITO NRO 3;ACCESORIOS;541;2600;1.00;2600
51810;viernes; 5 de junio de 2026;5:51 p. m.;cajero 1;Vendedor ;1001;Ventas Mostrador;Efectivo;7701021116635;PAÑAL WINNY ULTRATRIM PANT 4X30;PAÑAL;38518;42600;1.00;40470
51809;viernes; 5 de junio de 2026;5:00 p. m.;cajero 1;Vendedor ;1001;Ventas Mostrador;Nequi;22732;JARDINERA NISAM T: 6 A 9 MESES;ROPA;25000;48000;1.00;48000
51808;viernes; 5 de junio de 2026;4:59 p. m.;cajero 1;Vendedor ;1001;Ventas Mostrador;Nequi;7701021117908;PAÑAL WINNY PANTS 5X50;PAÑAL;67754;78000;1.00;71760
51807;viernes; 5 de junio de 2026;4:32 p. m.;cajero 1;Vendedor ;1001;Ventas Mostrador;Efectivo;1768;MEDIAS ESPAÑOLA MOÑO ANAVID;ROPA;8500;13500;1.00;13500
51806;viernes; 5 de junio de 2026;4:13 p. m.;cajero 1;Vendedor ;1001;Ventas Mostrador;Efectivo;1303-2;BALACA DE TELA NVO DISEÑO;ACCESORIOS;3000;7000;1.00;7000
51805;viernes; 5 de junio de 2026;4:03 p. m.;cajero 1;Vendedor ;1001;Ventas Mostrador;Efectivo;1186;BAYETILLA CAMISA ROJA X3;ROPA;7500;14500;2.00;29000
51804;viernes; 5 de junio de 2026;3:54 p. m.;cajero 1;Vendedor ;1001;Ventas Mostrador;Nequi;4175;PAÑAL ETAPA 3 X UNIDAD;PAÑAL;773;1600;1.00;1600
51803;viernes; 5 de junio de 2026;3:13 p. m.;cajero 1;Vendedor ;1001;Ventas Mostrador;Efectivo;1737;PAÑAL PISCINA VALENTINA X UND T M - L;ASEO;1982;3400;4.00;13600
51802;viernes; 5 de junio de 2026;3:03 p. m.;cajero 1;Vendedor ;1001;Ventas Mostrador;Efectivo;7701021145949;PAÑITOS WINNY ALOE X100;ASEO;9529;12500;1.00;12500
51801;viernes; 5 de junio de 2026;2:36 p. m.;cajero 1;Vendedor ;1001;Ventas Mostrador;Nequi;7701021116604;PAÑAL WINNY ULTRATRIM SEC 2X100;PAÑAL;83994;100000;1.00;90000
51800;viernes; 5 de junio de 2026;2:30 p. m.;cajero 1;Vendedor ;1096188429;sara cano;Credito;1015-1;ZAPATO PILIN - PATILIN T: 18 A 22;ZAPATO;35000;67000;1.00;67000
51799;viernes; 5 de junio de 2026;2:01 p. m.;cajero 1;Vendedor ;1096188429;Ventas Mostrador;Efectivo;7707233050606;CHUPO PREMATURO CORCHITO;ACCESORIOS;1137;3500;6.00;19950
51798;viernes; 5 de junio de 2026;1:27 p. m.;cajero 1;Vendedor ;1096188429;Ventas Mostrador;Nequi;1196-1;SUDADERA B. CERRADO PAULIS & CO JUNIOR T4 A T10;ROPA;32000;72000;1.00;72000
51798;viernes; 5 de junio de 2026;1:27 p. m.;cajero 1;Vendedor ;1096188429;Ventas Mostrador;Nequi;0031-2;PIJAMA 2 PIEZAS BUSO CERRADO;ROPA;22000;40000;1.00;40000
51797;viernes; 5 de junio de 2026;12:29 p. m.;cajero 1;Vendedor ;1096188429;Ventas Mostrador;Efectivo;6970817283337;PAÑITOS VALENTINA X 100;ASEO;6000;11600;1.00;10440
51796;jueves; 4 de junio de 2026;7:58 p. m.;cajero 1;Vendedor ;1096188429;Ventas Mostrador;Nequi;7701021147585;PAÑAL WINNY ULTRATRIM SEC 4X50;PAÑAL;61716;71300;1.00;64170
51796;jueves; 4 de junio de 2026;7:58 p. m.;cajero 1;Vendedor ;1096188429;Ventas Mostrador;Nequi;7701021145949;PAÑITOS WINNY ALOE X100;ASEO;9529;12500;1.00;12500
51796;jueves; 4 de junio de 2026;7:58 p. m.;cajero 1;Vendedor ;1096188429;Ventas Mostrador;Nequi;0031-1;PIJAMA PIEL DURAZNO BOTON 2 PIEZAS;ROPA;15500;36000;1.00;36000
51795;jueves; 4 de junio de 2026;7:56 p. m.;cajero 1;Vendedor ;1096188429;Ventas Mostrador;Nequi;1066;TOALLA BABY FRIENDS;LENCERIA;20000;39000;1.00;39000
51795;jueves; 4 de junio de 2026;7:56 p. m.;cajero 1;Vendedor ;1096188429;Ventas Mostrador;Nequi;1769;MARACA SONAJERO PASTA;ACCESORIOS;2500;3500;1.00;0
51795;jueves; 4 de junio de 2026;7:56 p. m.;cajero 1;Vendedor ;1096188429;Ventas Mostrador;Nequi;2046;PRIMERA MUDA COFRE CANASTA;ROPA;40000;64000;1.00;64000
51795;jueves; 4 de junio de 2026;7:56 p. m.;cajero 1;Vendedor ;1096188429;Ventas Mostrador;Nequi;3070-1;BRASIER MATERNO T:34 A T:40;MATERNA;38000;48000;2.00;96000
51795;jueves; 4 de junio de 2026;7:56 p. m.;cajero 1;Vendedor ;1096188429;Ventas Mostrador;Nequi;2046-1;PRIMERA MUDA FINA CAJA MAITOS;ROPA;33000;66000;1.00;66000
51794;jueves; 4 de junio de 2026;7:49 p. m.;cajero 1;Vendedor ;1096188429;Ventas Mostrador;Tarjeta Débito;7701021116666;PAÑAL WINNY ULTRATRIM PANT 5X30;PAÑAL;41907;46900;1.00;44555
51794;jueves; 4 de junio de 2026;7:49 p. m.;cajero 1;Vendedor ;1096188429;Ventas Mostrador;Tarjeta Débito;6970817283337;PAÑITOS VALENTINA X 100;ASEO;6000;11600;1.00;11600
51793;jueves; 4 de junio de 2026;7:32 p. m.;cajero 1;Vendedor ;1096188429;Ventas Mostrador;Efectivo;1231;PAÑAL ADULTO CONTEC L X UNIDAD;PAÑAL;3488;4200;10.00;42000
51793;jueves; 4 de junio de 2026;7:32 p. m.;cajero 1;Vendedor ;1096188429;Ventas Mostrador;Efectivo;3016-2;CONJUNTO MYP CHALECO PELUDO;ROPA;45000;90000;1.00;90000
51792;jueves; 4 de junio de 2026;7:00 p. m.;cajero 1;Vendedor ;1096188429;Ventas Mostrador;Efectivo;1003;PAPEL REGALO PLIEGO Y TARJETA;ACCESORIOS;321;1000;1.00;1000
51792;jueves; 4 de junio de 2026;7:00 p. m.;cajero 1;Vendedor ;1096188429;Ventas Mostrador;Efectivo;2025;MEDIA PATIN;ROPA;2500;6500;1.00;6500
51792;jueves; 4 de junio de 2026;7:00 p. m.;cajero 1;Vendedor ;1096188429;Ventas Mostrador;Efectivo;1980;MEDIAS MICROFIBRA 2-4-6-8-10-12;ROPA;8500;17900;1.00;17900
51792;jueves; 4 de junio de 2026;7:00 p. m.;cajero 1;Vendedor ;1096188429;Ventas Mostrador;Efectivo;1943-1;BODY SUNNOZY X UNIDAD;ROPA;9600;17000;1.00;17000
51791;jueves; 4 de junio de 2026;5:52 p. m.;cajero 1;Vendedor ;1096188429;Ventas Mostrador;Tarjeta Débito;1341-5;CONJUNTO TERMICO NIÑA/O STIMPY;ROPA;40000;78000;1.00;78000
51790;jueves; 4 de junio de 2026;5:50 p. m.;cajero 1;Vendedor ;1096188429;Ventas Mostrador;Nequi;7701021116581;PAÑAL WINNY ULTRATRIM SEC 2X50;PAÑAL;42430;49900;1.00;45908
51790;jueves; 4 de junio de 2026;5:50 p. m.;cajero 1;Vendedor ;1096188429;Ventas Mostrador;Nequi;572;TETERO ONLY 2 ONZ;ACCESORIOS;7500;14000;1.00;14000
51789;jueves; 4 de junio de 2026;2:16 p. m.;cajero 1;Vendedor ;1096188429;Ventas Mostrador;Daviplata;7701021144829;PAÑAL WINNY ULTRATRIM SENSITIVE 0X30;PAÑAL;19511;23500;1.00;23500
51789;jueves; 4 de junio de 2026;2:16 p. m.;cajero 1;Vendedor ;1096188429;Ventas Mostrador;Daviplata;2002;SEMANARIO 21 PIEZAS;ROPA;34000;53000;1.00;53000
51789;jueves; 4 de junio de 2026;2:16 p. m.;cajero 1;Vendedor ;1096188429;Ventas Mostrador;Daviplata;1769;MARACA SONAJERO PASTA;ACCESORIOS;2500;3500;1.00;0
51789;jueves; 4 de junio de 2026;2:16 p. m.;cajero 1;Vendedor ;1096188429;Ventas Mostrador;Daviplata;1010;PAÑALERA DE LADO ECONOMICA;PAÑALERA;39000;75000;1.00;75000
51789;jueves; 4 de junio de 2026;2:16 p. m.;cajero 1;Vendedor ;1096188429;Ventas Mostrador;Daviplata;2117-1;MEDIAS RECIEN NACIDO X UNIDAD;ROPA;875;2500;4.00;10000
51789;jueves; 4 de junio de 2026;2:16 p. m.;cajero 1;Vendedor ;1096188429;Ventas Mostrador;Daviplata;7702277395256;PAÑITOS ARRURRU AVENA X100;ASEO;8333;14500;1.00;14500
51789;jueves; 4 de junio de 2026;2:16 p. m.;cajero 1;Vendedor ;1096188429;Ventas Mostrador;Daviplata;7702277892861;ESTUCHE ARRURRU ABUELITA NIÑA NVA PRESENTACION;ASEO;61700;77500;1.00;77500
51789;jueves; 4 de junio de 2026;2:16 p. m.;cajero 1;Vendedor ;1096188429;Ventas Mostrador;Daviplata;7707233050354;TETERO CORCHITO PREMATURO 2 ONZ;ACCESORIOS;3588;9000;1.00;9000
51789;jueves; 4 de junio de 2026;2:16 p. m.;cajero 1;Vendedor ;1096188429;Ventas Mostrador;Daviplata;6939287459086;TETERO IMITACION AVEAT 4 ONZ SIN MANIJA;ACCESORIOS;7000;15000;1.00;15000
51788;jueves; 4 de junio de 2026;2:00 p. m.;cajero 1;Vendedor ;1096188429;Ventas Mostrador;Daviplata;7701021115140;PAÑAL WINNY ULTRATRIM SEC 2X16;PAÑAL;14700;16000;1.00;16000
51787;miércoles; 3 de junio de 2026;8:09 p. m.;Maria Barbosa Neuque;Vendedor ;1096188429;Ventas Mostrador;Efectivo;7702031878452;CREMA DE PEINAR EXTRA HUMECTANTE X 200 ML;ASEO;17120;21400;1.00;21400
51786;miércoles; 3 de junio de 2026;8:05 p. m.;Maria Barbosa Neuque;Vendedor ;1096188429;Ventas Mostrador;Nequi;7701021111845;PAÑAL WINNY ULTRATRIM SEC 3X50;PAÑAL;50170;57900;1.00;53268
51785;miércoles; 3 de junio de 2026;7:53 p. m.;Maria Barbosa Neuque;Vendedor ;1096188429;Ventas Mostrador;Efectivo;7702277084198;COLONIA ARRURRU NIÑO NVA PRESENTACION 30 ML;ASEO;6600;8300;1.00;8300
51784;miércoles; 3 de junio de 2026;7:22 p. m.;Maria Barbosa Neuque;Vendedor ;1096188429;Ventas Mostrador;Nequi;1196-1;SUDADERA B. CERRADO PAULIS & CO JUNIOR T4 A T10;ROPA;32000;72000;1.00;66600
51784;miércoles; 3 de junio de 2026;7:22 p. m.;Maria Barbosa Neuque;Vendedor ;1096188429;Ventas Mostrador;Nequi;1196-2;SUDADERA PAULIS DOBLE PANTALONEST2 A T10;ROPA;32620;66000;1.00;59400
51783;miércoles; 3 de junio de 2026;7:07 p. m.;Maria Barbosa Neuque;Vendedor ;1096188429;Ventas Mostrador;Nequi;1980;MEDIAS MICROFIBRA 2-4-6-8-10-12;ROPA;8500;17900;1.00;17900
51782;miércoles; 3 de junio de 2026;6:18 p. m.;Maria Barbosa Neuque;Vendedor ;1096188429;Ventas Mostrador;Efectivo;7453038467933;CHUPO DE ENTRETENCION CON CADENA;ACCESORIOS;5500;16500;1.00;16500
51782;miércoles; 3 de junio de 2026;6:18 p. m.;Maria Barbosa Neuque;Vendedor ;1096188429;Ventas Mostrador;Efectivo;PTQ1179;LAVA TETEROS ONLY;ACCESORIOS;10500;20000;1.00;20000
51782;miércoles; 3 de junio de 2026;6:18 p. m.;Maria Barbosa Neuque;Vendedor ;1096188429;Ventas Mostrador;Efectivo;1998-3;PRIMERA MUDA DE HILO IMPORTADA;ROPA;35000;80000;1.00;80000
51781;miércoles; 3 de junio de 2026;6:07 p. m.;Maria Barbosa Neuque;Vendedor ;1096188429;Ventas Mostrador;Nequi;1143;PIJAMA PIEL DE DURAZNO MILANY 2 PIEZAS;ROPA;22000;43000;1.00;40205
51780;miércoles; 3 de junio de 2026;5:46 p. m.;Maria Barbosa Neuque;Vendedor ;1096188429;Ventas Mostrador;Nequi;2229;BABERO MANGAS PLASTIFICADO;ACCESORIOS;5000;14500;1.00;14500
51779;miércoles; 3 de junio de 2026;5:26 p. m.;Maria Barbosa Neuque;Vendedor ;1096188429;Ventas Mostrador;Efectivo;A8035;CHUPO FRUTA MOBY;ACCESORIOS;12341;20000;1.00;20000
51778;miércoles; 3 de junio de 2026;5:08 p. m.;Maria Barbosa Neuque;Vendedor ;1096188429;Ventas Mostrador;Nequi;4863;GORRA Y PAVA PANA DECORADA OSO;ACCESORIOS;13000;26500;2.00;51410
51777;miércoles; 3 de junio de 2026;4:27 p. m.;Maria Barbosa Neuque;Vendedor ;1096188429;Ventas Mostrador;Nequi;12345678912;PASEADOR TRES RUEDAS 31100;COCHES - PASEADOR;130000;190000;1.00;190000
51777;miércoles; 3 de junio de 2026;4:27 p. m.;Maria Barbosa Neuque;Vendedor ;1096188429;Ventas Mostrador;Nequi;1782;FORRO PASEADOR CALIBRE 4;ACCESORIOS;9000;14500;1.00;0
51776;miércoles; 3 de junio de 2026;3:53 p. m.;Maria Barbosa Neuque;Vendedor ;1096188429;Ventas Mostrador;Nequi;1138-2;SUDADERA SAFARY PAULIS & CO;ROPA;32650;64000;1.00;64000
51775;miércoles; 3 de junio de 2026;3:43 p. m.;Maria Barbosa Neuque;Vendedor ;1096188429;Ventas Mostrador;Efectivo;1420;MEDIAS ENCAJE MARATHON;ROPA;8500;14500;1.00;14500
51774;miércoles; 3 de junio de 2026;3:31 p. m.;Maria Barbosa Neuque;Vendedor ;1096188429;Ventas Mostrador;Efectivo;2925;JARDINERA PANA PUPPY;ROPA;40000;70000;1.00;70000
51773;miércoles; 3 de junio de 2026;2:34 p. m.;Maria Barbosa Neuque;Vendedor ;1096188429;Ventas Mostrador;Efectivo;1980;MEDIAS MICROFIBRA 2-4-6-8-10-12;ROPA;8500;17900;1.00;17900
51773;miércoles; 3 de junio de 2026;2:34 p. m.;Maria Barbosa Neuque;Vendedor ;1096188429;Ventas Mostrador;Efectivo;1515;ZAPATO CHAROL VALETA;CALZADO;23000;42000;1.00;42000
51773;miércoles; 3 de junio de 2026;2:34 p. m.;Maria Barbosa Neuque;Vendedor ;1096188429;Ventas Mostrador;Efectivo;2305-1;VESTIDO VELO MARIPOSAS;ROPA;40000;97000;1.00;97000
51772;miércoles; 3 de junio de 2026;1:40 p. m.;Maria Barbosa Neuque;Vendedor ;1096188429;Ventas Mostrador;Efectivo;8850596955107;BIBERON PUR 8OZ REF.5510;ACCESORIOS;13750;17900;1.00;17900
51772;miércoles; 3 de junio de 2026;1:40 p. m.;Maria Barbosa Neuque;Vendedor ;1096188429;Ventas Mostrador;Efectivo;1577;SEMANARIO DE BLUSAS UNICOLOR;ROPA;19000;36000;1.00;36000
51771;miércoles; 3 de junio de 2026;1:20 p. m.;Maria Barbosa Neuque;Vendedor ;1096188429;Ventas Mostrador;Nequi;1061-1;SET 6 PIEZAS PANTALONETA Y ESQUELETO;ROPA;23000;39500;1.00;39500
51770;miércoles; 3 de junio de 2026;1:11 p. m.;Maria Barbosa Neuque;Vendedor ;1096188429;Ventas Mostrador;Efectivo;7702277617112;COLONIA ARRURRU 800 ML ROSADA NVA PRESENT;ASEO;48900;59000;1.00;59000
51769;miércoles; 3 de junio de 2026;12:15 p. m.;Maria Barbosa Neuque;Vendedor ;1096188429;Ventas Mostrador;Nequi;1588;BLUSA MATERNA RESORTE;MATERNA;25000;59000;1.00;59000
51768;miércoles; 3 de junio de 2026;12:11 p. m.;Maria Barbosa Neuque;Vendedor ;1096188429;Ventas Mostrador;Nequi;7701021116512;PAÑAL WINNY ULTRATRIM SEC 1X50;PAÑAL;36237;41500;1.00;39093
51768;miércoles; 3 de junio de 2026;12:11 p. m.;Maria Barbosa Neuque;Vendedor ;1096188429;Ventas Mostrador;Nequi;1379;CONJUNTO MEIQUITOS BABY;ROPA;15000;30000;1.00;30000
51768;miércoles; 3 de junio de 2026;12:11 p. m.;Maria Barbosa Neuque;Vendedor ;1096188429;Ventas Mostrador;Nequi;1620;SONAJERO WINNYW POOH / MINNIE /TIGER;ACCESORIOS;14000;29000;1.00;29000
51767;miércoles; 3 de junio de 2026;11:55 a. m.;Maria Barbosa Neuque;Vendedor ;1096188429;Ventas Mostrador;Efectivo;1135;BATA LABORATORIO NIÑO;COLEGIO;14000;25000;1.00;25000
51766;martes; 2 de junio de 2026;7:51 p. m.;cajero 1;Vendedor ;1096188429;Ventas Mostrador;Nequi;7707199344825;PAÑAL VALENTINA 3GX30;PAÑAL;26400;33000;1.00;33000
51766;martes; 2 de junio de 2026;7:51 p. m.;cajero 1;Vendedor ;1096188429;Ventas Mostrador;Nequi;A8035;CHUPO FRUTA MOBY;ACCESORIOS;12341;13000;1.00;13000
51765;martes; 2 de junio de 2026;7:44 p. m.;cajero 1;Vendedor ;1096188429;Ventas Mostrador;Daviplata;4863-2;PAVA BEBE EN PANA -DRILL;ACCESORIOS;13000;28500;1.00;28500
51764;martes; 2 de junio de 2026;7:17 p. m.;cajero 1;Vendedor ;1096188429;Ventas Mostrador;Nequi;1769;MARACA SONAJERO PASTA;ACCESORIOS;2342;3500;1.00;3500
51764;martes; 2 de junio de 2026;7:17 p. m.;cajero 1;Vendedor ;1096188429;Ventas Mostrador;Nequi;2117-1;MEDIAS RECIEN NACIDO X UNIDAD;ROPA;875;2500;1.00;2500
51764;martes; 2 de junio de 2026;7:17 p. m.;cajero 1;Vendedor ;1096188429;Ventas Mostrador;Nequi;3064;COBERTOR OVEJERO CON ESTAMPADO;LENCERIA;15000;39000;1.00;39000
51764;martes; 2 de junio de 2026;7:17 p. m.;cajero 1;Vendedor ;1096188429;Ventas Mostrador;Nequi;1572;PRIMERA MUDA IMPORTADA HONOR BABY;ROPA;40000;75000;1.00;75000
51763;martes; 2 de junio de 2026;6:35 p. m.;cajero 1;Vendedor ;1096188429;Ventas Mostrador;Daviplata;7701021144829;PAÑAL WINNY ULTRATRIM SENSITIVE 0X30;PAÑAL;19511;23500;1.00;23500
51762;martes; 2 de junio de 2026;6:32 p. m.;cajero 1;Vendedor ;1096188429;Ventas Mostrador;Efectivo;7707199344825;PAÑAL VALENTINA 3GX30;PAÑAL;26400;33000;1.00;33000
51761;martes; 2 de junio de 2026;6:28 p. m.;cajero 1;Vendedor ;1096188429;Ventas Mostrador;Nequi;7701021117786;PAÑAL WINNY PANTS 4X50;PAÑAL;61716;71300;2.00;131192
51760;martes; 2 de junio de 2026;6:02 p. m.;cajero 1;Vendedor ;1556663;RAIZA HERNANDEZ;Credito;1751-2;CONJUNTO CHIKIS CHALECO CORBATIN;ROPA;42000;72000;1.00;72000
51758;martes; 2 de junio de 2026;5:02 p. m.;cajero 1;Vendedor ;1556663;Ventas Mostrador;Nequi;7707199344818;PAÑAL VALENTINA 2MX30;PAÑAL;21800;29400;2.00;58800
51758;martes; 2 de junio de 2026;5:02 p. m.;cajero 1;Vendedor ;1556663;Ventas Mostrador;Nequi;1186;BAYETILLA CAMISA ROJA X3;ROPA;7500;14200;1.00;14200
51758;martes; 2 de junio de 2026;5:02 p. m.;cajero 1;Vendedor ;1556663;Ventas Mostrador;Nequi;1718;ZAPATO TELA BEBE;CALZADO;10000;22000;1.00;22000
51758;martes; 2 de junio de 2026;5:02 p. m.;cajero 1;Vendedor ;1556663;Ventas Mostrador;Nequi;2082;MEDIAS ESTUCHE X 7;ROPA;14000;30000;1.00;30000
51757;martes; 2 de junio de 2026;4:22 p. m.;cajero 1;Vendedor ;1556663;Ventas Mostrador;Nequi;1015-1;ZAPATO PILIN - PATILIN T: 18 A 22;ZAPATO;35000;67000;1.00;67000
51756;martes; 2 de junio de 2026;3:21 p. m.;cajero 1;Vendedor ;1556663;Ventas Mostrador;Daviplata;1111;TRIO KIT MATERNO PIJAMA+PANTUFLAS;ROPA;30600;55000;1.00;55000
51755;martes; 2 de junio de 2026;2:54 p. m.;cajero 1;Vendedor ;1556663;Ventas Mostrador;Daviplata;219;SONAJERO DONA BLANCO Y NEGRO;ACCESORIOS;15000;32000;1.00;32000
51754;martes; 2 de junio de 2026;1:31 p. m.;cajero 1;Vendedor ;1556663;Ventas Mostrador;Efectivo;7701021116536;PAÑAL WINNY ULTRATRIM SEC 2X30;PAÑAL;26700;29700;1.00;29700
51753;martes; 2 de junio de 2026;1:05 p. m.;cajero 1;Vendedor ;1556663;Ventas Mostrador;Efectivo;1726;ZAPATO NO TUERCE;CALZADO;15000;35000;1.00;35000
51752;martes; 2 de junio de 2026;12:54 p. m.;cajero 1;Vendedor ;1556663;Ventas Mostrador;Daviplata;2140-1;RUANA DOBLE FAX;LLUVIA;14500;36000;1.00;36000
51752;martes; 2 de junio de 2026;12:54 p. m.;cajero 1;Vendedor ;1556663;Ventas Mostrador;Daviplata;GAR-8376;ZAPATILLA NIÑO A PROMOCION;CALZADO;28000;25000;1.00;25000
51751;martes; 2 de junio de 2026;12:10 p. m.;cajero 1;Vendedor ;1556663;Ventas Mostrador;Efectivo;8005;LLAMADIENTES DE AGUA / ANIMALITOS - FRUTA;ACCESORIOS;3966;11000;1.00;11000
51750;martes; 2 de junio de 2026;12:08 p. m.;cajero 1;Vendedor ;1556663;Ventas Mostrador;Efectivo;1726;ZAPATO NO TUERCE;CALZADO;15000;35000;1.00;35000
51749;martes; 2 de junio de 2026;11:45 a. m.;cajero 1;Vendedor ;1556663;Ventas Mostrador;Efectivo;1003;PAPEL REGALO PLIEGO Y TARJETA;ACCESORIOS;321;1000;1.00;1000
51749;martes; 2 de junio de 2026;11:45 a. m.;cajero 1;Vendedor ;1556663;Ventas Mostrador;Efectivo;2066;CAMBIADOR + TOALLA CREACIONES RUSSI;ACCESORIOS;13000;25000;1.00;25000
51748;martes; 2 de junio de 2026;11:21 a. m.;cajero 1;Vendedor ;1556663;Ventas Mostrador;Efectivo;1135;BATA LABORATORIO NIÑO;COLEGIO;14000;25000;1.00;25000
51747;martes; 2 de junio de 2026;10:58 a. m.;cajero 1;Vendedor ;1556663;Ventas Mostrador;Nequi;1003;PAPEL REGALO PLIEGO Y TARJETA;ACCESORIOS;321;1000;2.00;2000
51747;martes; 2 de junio de 2026;10:58 a. m.;cajero 1;Vendedor ;1556663;Ventas Mostrador;Nequi;2032;VESTIDO VANESLY NIÑA;ROPA;40000;75000;1.00;69975
51747;martes; 2 de junio de 2026;10:58 a. m.;cajero 1;Vendedor ;1556663;Ventas Mostrador;Nequi;0031-1;PIJAMA PIEL DURAZNO BOTON 2 PIEZAS;ROPA;15000;36000;1.00;36000
51746;martes; 2 de junio de 2026;10:20 a. m.;cajero 1;Vendedor ;1556663;Ventas Mostrador;Nequi;7701021116031;PAÑAL WINNY SEC 5X50;PAÑAL;67753;78000;1.00;70200
51745;lunes; 1 de junio de 2026;7:18 p. m.;cajero 1;Vendedor ;1556663;Ventas Mostrador;Tarjeta Débito;7707199344832;PAÑAL VALENTINA 4XG X30;PAÑAL;31588;40800;1.00;40800
51744;lunes; 1 de junio de 2026;7:08 p. m.;cajero 1;Vendedor ;1556663;Ventas Mostrador;Daviplata;2046;PRIMERA MUDA COFRE CANASTA;ROPA;40000;64000;1.00;64000
51744;lunes; 1 de junio de 2026;7:08 p. m.;cajero 1;Vendedor ;1556663;Ventas Mostrador;Daviplata;1162;PRIMERA MUDA DE BOLSA MAJU BABY;ROPA;22000;38000;1.00;38000
51744;lunes; 1 de junio de 2026;7:08 p. m.;cajero 1;Vendedor ;1556663;Ventas Mostrador;Daviplata;2117-1;MEDIAS RECIEN NACIDO X UNIDAD;ROPA;875;2500;1.00;2500
51743;lunes; 1 de junio de 2026;6:56 p. m.;cajero 1;Vendedor ;1556663;Ventas Mostrador;Daviplata;1726;ZAPATO NO TUERCE;CALZADO;15000;35000;1.00;35000
51742;lunes; 1 de junio de 2026;6:53 p. m.;cajero 1;Vendedor ;1556663;Ventas Mostrador;Daviplata;2224;TUTU POR UNIDAD;ROPA;13000;26900;1.00;26900
51741;lunes; 1 de junio de 2026;6:39 p. m.;cajero 1;Vendedor ;1556663;Ventas Mostrador;Efectivo;1003;PAPEL REGALO PLIEGO Y TARJETA;ACCESORIOS;321;1000;1.00;1000
51741;lunes; 1 de junio de 2026;6:39 p. m.;cajero 1;Vendedor ;1556663;Ventas Mostrador;Efectivo;1634;JEANS NIÑA BOTA CAMPANA;ROPA;47750;68000;1.00;64940
51740;lunes; 1 de junio de 2026;6:29 p. m.;cajero 1;Vendedor ;1556663;Ventas Mostrador;Nequi;7702057088835;CREMA NUMERO.4 X20 GRAMOS ORIGINAL;ASEO;8562;9900;1.00;9900
51740;lunes; 1 de junio de 2026;6:29 p. m.;cajero 1;Vendedor ;1556663;Ventas Mostrador;Nequi;7701021145949;PAÑITOS WINNY ALOE X100;ASEO;9529;12500;1.00;12500
51740;lunes; 1 de junio de 2026;6:29 p. m.;cajero 1;Vendedor ;1556663;Ventas Mostrador;Nequi;7701021117908;PAÑAL WINNY PANTS 5X50;PAÑAL;67754;78000;1.00;71760
51739;lunes; 1 de junio de 2026;6:13 p. m.;cajero 1;Vendedor ;1556663;Ventas Mostrador;Daviplata;1754;MEDIAS CARTER 12-24;ROPA;9000;17000;1.00;17000
51739;lunes; 1 de junio de 2026;6:13 p. m.;cajero 1;Vendedor ;1556663;Ventas Mostrador;Daviplata;6977252930161;TETERO ONLY 8ONZ AVK9 REPLICA;ACCESORIOS;10000;17000;1.00;17000
51739;lunes; 1 de junio de 2026;6:13 p. m.;cajero 1;Vendedor ;1556663;Ventas Mostrador;Daviplata;1943-1;BODY SUNNOZY X UNIDAD;ROPA;9600;17000;4.00;68000
51738;lunes; 1 de junio de 2026;5:42 p. m.;cajero 1;Vendedor ;1556663;Ventas Mostrador;Efectivo;0031-2;PIJAMA 2 PIEZAS BUSO CERRADO;ROPA;22000;40000;1.00;40000
51737;lunes; 1 de junio de 2026;5:30 p. m.;cajero 1;Vendedor ;1556663;Ventas Mostrador;Nequi;1718;ZAPATO TELA BEBE;CALZADO;10000;22000;1.00;22000
51736;lunes; 1 de junio de 2026;4:16 p. m.;cajero 1;Vendedor ;1556663;Ventas Mostrador;Efectivo;7702277889106;COLONIA ARRURRU 120 ML AZUL + JABON NVA PREST;ASEO;20575;25800;1.00;25800
51735;lunes; 1 de junio de 2026;3:15 p. m.;cajero 1;Vendedor ;1556663;Ventas Mostrador;Nequi;7701021116635;PAÑAL WINNY ULTRATRIM PANT 4X30;PAÑAL;38518;42600;1.00;40470
51734;lunes; 1 de junio de 2026;3:13 p. m.;cajero 1;Vendedor ;1556663;Ventas Mostrador;Efectivo;1726;ZAPATO NO TUERCE;CALZADO;15000;35000;1.00;35000
51733;lunes; 1 de junio de 2026;2:26 p. m.;cajero 1;Vendedor ;1556663;Ventas Mostrador;Efectivo;7707233050095;BIBERON CORCHITO 5 ONZ;ACCESORIOS;4156;9500;1.00;9500
51732;lunes; 1 de junio de 2026;1:56 p. m.;cajero 1;Vendedor ;1556663;Ventas Mostrador;Nequi;3211-6;CONJUNTO MYP CHALECO PANA;ROPA;50000;97000;1.00;97000
51731;lunes; 1 de junio de 2026;1:27 p. m.;cajero 1;Vendedor ;1556663;Ventas Mostrador;Tarjeta Débito;1162;PRIMERA MUDA DE BOLSA MAJU BABY;ROPA;22000;38000;1.00;38000
51731;lunes; 1 de junio de 2026;1:27 p. m.;cajero 1;Vendedor ;1556663;Ventas Mostrador;Tarjeta Débito;7707233050354;TETERO CORCHITO PREMATURO 2 ONZ;ACCESORIOS;3588;9000;1.00;9000
51730;lunes; 1 de junio de 2026;1:14 p. m.;cajero 1;Vendedor ;1556663;Ventas Mostrador;Nequi;1420;MEDIAS ENCAJE MARATHON;ROPA;8500;14500;1.00;14500
51729;lunes; 1 de junio de 2026;12:58 p. m.;cajero 1;Vendedor ;1556663;Ventas Mostrador;Efectivo;7702057088835;CREMA NUMERO.4 X20 GRAMOS ORIGINAL;ASEO;8562;9900;1.00;9900
51729;lunes; 1 de junio de 2026;12:58 p. m.;cajero 1;Vendedor ;1556663;Ventas Mostrador;Efectivo;572;TETERO ONLY 2 ONZ;ACCESORIOS;7500;14000;1.00;14000
51728;lunes; 1 de junio de 2026;12:53 p. m.;cajero 1;Vendedor ;1556663;Ventas Mostrador;Efectivo;2100;MEDIAS CACHIMIR NIÑO AZUL;COLEGIO;6500;13000;1.00;13000
51727;lunes; 1 de junio de 2026;12:35 p. m.;cajero 1;Vendedor ;1556663;Ventas Mostrador;Daviplata;7701021111845;PAÑAL WINNY ULTRATRIM SEC 3X50;PAÑAL;51700;57900;1.00;53268
51726;lunes; 1 de junio de 2026;12:13 p. m.;cajero 1;Vendedor ;39527873;SISTA HERNANDEZ;Credito;2078;TETERO COMBO MULTIUSOS;ACCESORIOS;23000;41000;1.00;41000
51725;lunes; 1 de junio de 2026;11:56 a. m.;cajero 1;Vendedor ;39527873;Ventas Mostrador;Efectivo;2080;BODY BLANCO X3 REF2080;ROPA;15000;30000;1.00;30000
51724;lunes; 1 de junio de 2026;11:41 a. m.;cajero 1;Vendedor ;39527873;Ventas Mostrador;Efectivo;7702031036746;CREMA JOHNSON LIQUIDA ANTES DE DORMIR X 200 ML;ASEO;14500;20500;1.00;20500
51723;lunes; 1 de junio de 2026;10:48 a. m.;cajero 1;Vendedor ;39527873;Ventas Mostrador;Efectivo;7701021147585;PAÑAL WINNY ULTRATRIM SEC 4X50;PAÑAL;61716;71300;1.00;65596
51722;lunes; 1 de junio de 2026;9:47 a. m.;cajero 1;Vendedor ;39527873;Ventas Mostrador;Nequi;7707199346263;PAÑAL VALENTINA 3GX50;PAÑAL;40900;51200;2.00;102400
51721;domingo; 31 de mayo de 2026;7:31 p. m.;cajero 1;;39527873;Ventas Mostrador;Tarjeta Débito;1588;BLUSA MATERNA RESORTE;MATERNA;25000;59000;1.00;59000
51721;domingo; 31 de mayo de 2026;7:31 p. m.;cajero 1;;39527873;Ventas Mostrador;Tarjeta Débito;1630;LEGIS MATERNO ALGODON L-XL;MATERNA;20000;45000;1.00;45000
51720;domingo; 31 de mayo de 2026;6:54 p. m.;cajero 1;;39527873;Ventas Mostrador;Efectivo;1677;PAÑAL ETAPA 4 X UNIDAD;PAÑAL;1036;1700;1.00;1700
51719;domingo; 31 de mayo de 2026;6:51 p. m.;cajero 1;;39527873;Ventas Mostrador;Efectivo;1003;PAPEL REGALO PLIEGO Y TARJETA;ACCESORIOS;321;1000;1.00;1000
51719;domingo; 31 de mayo de 2026;6:51 p. m.;cajero 1;;39527873;Ventas Mostrador;Efectivo;7702277375838;ESTUCHE ARRURRU VIAJERO ROSADO NVA PRESENTACION;ASEO;23800;32200;1.00;32200
51718;domingo; 31 de mayo de 2026;6:50 p. m.;cajero 1;;39527873;Ventas Mostrador;Efectivo;1015-1;ZAPATO PILIN - PATILIN T: 18 A 22;ZAPATO;42000;67000;1.00;67000
51717;domingo; 31 de mayo de 2026;6:45 p. m.;cajero 1;;39527873;Ventas Mostrador;Efectivo;1935;CHUPO ENTRETENCION SUPER HEROES / ANIMALITOS;ACCESORIOS;3749;13100;1.00;13100
51716;domingo; 31 de mayo de 2026;6:43 p. m.;cajero 1;;39527873;Ventas Mostrador;Efectivo;1419-3;MEDIA CACHIMIR AZUL ADULTO T:S- T:M T:L;COLEGIO;13500;19500;1.00;19500
51715;domingo; 31 de mayo de 2026;6:07 p. m.;cajero 1;;39527873;Ventas Mostrador;Efectivo;1111;TRIO KIT MATERNO PIJAMA+PANTUFLAS;ROPA;30600;55000;1.00;55000
51715;domingo; 31 de mayo de 2026;6:07 p. m.;cajero 1;;39527873;Ventas Mostrador;Efectivo;2046-1;PRIMERA MUDA FINA CAJA MAITOS;ROPA;33000;66000;1.00;66000
51714;domingo; 31 de mayo de 2026;5:58 p. m.;cajero 1;;39527873;Ventas Mostrador;Efectivo;0031-1;PIJAMA PIEL DURAZNO BOTON 2 PIEZAS;ROPA;15000;36000;1.00;36000
51713;domingo; 31 de mayo de 2026;5:42 p. m.;cajero 1;;39527873;Ventas Mostrador;Tarjeta crédito;1003;PAPEL REGALO PLIEGO Y TARJETA;ACCESORIOS;321;1000;1.00;1000
51713;domingo; 31 de mayo de 2026;5:42 p. m.;cajero 1;;39527873;Ventas Mostrador;Tarjeta crédito;7701021144829;PAÑAL WINNY ULTRATRIM SENSITIVE 0X30;PAÑAL;19511;23500;1.00;23500
51713;domingo; 31 de mayo de 2026;5:42 p. m.;cajero 1;;39527873;Ventas Mostrador;Tarjeta crédito;2046;PRIMERA MUDA COFRE CANASTA;ROPA;40000;64000;1.00;64000
51713;domingo; 31 de mayo de 2026;5:42 p. m.;cajero 1;;39527873;Ventas Mostrador;Tarjeta crédito;6970817283337;PAÑITOS VALENTINA X 100;ASEO;6000;11600;1.00;11600
51712;domingo; 31 de mayo de 2026;5:31 p. m.;cajero 1;;39527873;Ventas Mostrador;Efectivo;PTQ1167;CHUPO REPUESTO ONLY KTT-030;ACCESORIOS;2500;6500;1.00;6500
51711;domingo; 31 de mayo de 2026;5:22 p. m.;cajero 1;;39527873;Ventas Mostrador;Nequi;879674014114;SONAJERO CHILLON ANIMALITOS;ACCESORIOS;9000;18000;1.00;18000
51710;domingo; 31 de mayo de 2026;4:52 p. m.;cajero 1;;39527873;Ventas Mostrador;Nequi;1726;ZAPATO NO TUERCE;CALZADO;15000;35000;1.00;35000
51709;domingo; 31 de mayo de 2026;4:35 p. m.;cajero 1;;39527873;Ventas Mostrador;Daviplata;7701021119087;PAÑAL WINNY ULTRATRIM SEC 4X100;PAÑAL;122164;144000;1.00;129600
51708;domingo; 31 de mayo de 2026;4:32 p. m.;cajero 1;;39527873;Ventas Mostrador;Efectivo;7701021111975;PAÑAL WINNY 0X50;PAÑAL;32517;34500;1.00;34500
51707;domingo; 31 de mayo de 2026;4:31 p. m.;cajero 1;;39527873;Ventas Mostrador;Tarjeta Débito;1226;COJIN DE LACTANCIA NIÑA/NIÑO;LACTANCIA;31000;68000;1.00;62084
51706;domingo; 31 de mayo de 2026;4:28 p. m.;cajero 1;;39527873;Ventas Mostrador;Tarjeta Débito;7701021145949;PAÑITOS WINNY ALOE X100;ASEO;9529;12500;2.00;25000
51706;domingo; 31 de mayo de 2026;4:28 p. m.;cajero 1;;39527873;Ventas Mostrador;Tarjeta Débito;2025;MEDIA PATIN;ROPA;2500;6500;1.00;6370
51706;domingo; 31 de mayo de 2026;4:28 p. m.;cajero 1;;39527873;Ventas Mostrador;Tarjeta Débito;7702277375838;ESTUCHE ARRURRU VIAJERO ROSADO NVA PRESENTACION;ASEO;23800;32200;1.00;32200
51706;domingo; 31 de mayo de 2026;4:28 p. m.;cajero 1;;39527873;Ventas Mostrador;Tarjeta Débito;1918;BOLSA DE REGALO GRANDE JUMBO DECORADA;PAPELERIA;3144;6000;2.00;12000
51706;domingo; 31 de mayo de 2026;4:28 p. m.;cajero 1;;39527873;Ventas Mostrador;Tarjeta Débito;2201;COBIJA DOBLE ALMOHADA;LENCERIA;36000;65000;1.00;64025
51706;domingo; 31 de mayo de 2026;4:28 p. m.;cajero 1;;39527873;Ventas Mostrador;Tarjeta Débito;71534232090;PATIN DE LANA CARTER;ROPA;14500;29000;1.00;28420
51706;domingo; 31 de mayo de 2026;4:28 p. m.;cajero 1;;39527873;Ventas Mostrador;Tarjeta Débito;7701021115140;PAÑAL WINNY ULTRATRIM SEC 2X16;PAÑAL;14700;16000;2.00;32000
51705;domingo; 31 de mayo de 2026;4:04 p. m.;cajero 1;;39527873;Ventas Mostrador;Nequi;1111;TRIO KIT MATERNO PIJAMA+PANTUFLAS;ROPA;30600;55000;1.00;55000
51705;domingo; 31 de mayo de 2026;4:04 p. m.;cajero 1;;39527873;Ventas Mostrador;Nequi;2002;SEMANARIO 21 PIEZAS;ROPA;34000;53000;1.00;53000
51705;domingo; 31 de mayo de 2026;4:04 p. m.;cajero 1;;39527873;Ventas Mostrador;Nequi;1057;PRIMERA MUDA PREMATURO;ROPA;15000;36000;1.00;36000
51705;domingo; 31 de mayo de 2026;4:04 p. m.;cajero 1;;39527873;Ventas Mostrador;Nequi;2144;PRIMERA MUDA TERMICA ECONOMICA;ROPA;10000;28000;1.00;28000
51705;domingo; 31 de mayo de 2026;4:04 p. m.;cajero 1;;39527873;Ventas Mostrador;Nequi;2117-1;MEDIAS RECIEN NACIDO X UNIDAD;ROPA;875;2500;2.00;0
51705;domingo; 31 de mayo de 2026;4:04 p. m.;cajero 1;;39527873;Ventas Mostrador;Nequi;1943-1;BODY SUNNOZY X UNIDAD;ROPA;9600;17000;1.00;17000
51704;domingo; 31 de mayo de 2026;3:54 p. m.;cajero 1;;39527873;Ventas Mostrador;Nequi;1376;TINA PLEGABLE UNISEX;BAÑERAS;125000;155000;1.00;149885
51703;domingo; 31 de mayo de 2026;3:46 p. m.;cajero 1;;39527873;Ventas Mostrador;Efectivo;A8035;CHUPO FRUTA MOBY;ACCESORIOS;12341;13000;1.00;13000
51702;domingo; 31 de mayo de 2026;3:43 p. m.;cajero 1;;39527873;Ventas Mostrador;Efectivo;1344;FORRO EXTRA GRANDE CALIBRE 4;ACCESORIOS;11000;19500;1.00;19500
51701;domingo; 31 de mayo de 2026;3:39 p. m.;cajero 1;;39527873;Ventas Mostrador;Nequi;7453090;ADAPTADOR BAÑO NIÑA/NIÑO;ADAPTADORES;17212;40000;1.00;40000
51700;domingo; 31 de mayo de 2026;3:22 p. m.;cajero 1;;39527873;Ventas Mostrador;Efectivo;1419-4;MEDIA CACHIMIR BLANCA ADULTO T:S- T:M T:L;COLEGIO;9486;19500;1.00;19500
51699;domingo; 31 de mayo de 2026;3:04 p. m.;cajero 1;;39527873;Ventas Mostrador;Efectivo;3016;CONJUNTO 3 PZAS + CHAQUETA LEÑADORA;ROPA;48000;85000;1.00;85000
51698;domingo; 31 de mayo de 2026;3:02 p. m.;cajero 1;;39527873;Ventas Mostrador;Efectivo;1791;FORRO MEDIANO CALIBRE 4;ACCESORIOS;11000;17500;1.00;17500
51698;domingo; 31 de mayo de 2026;3:02 p. m.;cajero 1;;39527873;Ventas Mostrador;Efectivo;1935;CHUPO ENTRETENCION SUPER HEROES / ANIMALITOS;ACCESORIOS;3749;13100;1.00;13100
51698;domingo; 31 de mayo de 2026;3:02 p. m.;cajero 1;;39527873;Ventas Mostrador;Efectivo;2225-1;CONJUNTO DE PANA BEAR;ROPA;45000;80000;1.00;80000
51697;domingo; 31 de mayo de 2026;2:55 p. m.;cajero 1;;39527873;Ventas Mostrador;Efectivo;1791;FORRO MEDIANO CALIBRE 4;ACCESORIOS;11000;17500;1.00;17500
51696;domingo; 31 de mayo de 2026;2:50 p. m.;cajero 1;;39527873;Ventas Mostrador;Nequi;480;KIT TERMOMETRO BABY CARE GRANDE;ASEO;15000;36000;1.00;36000
51696;domingo; 31 de mayo de 2026;2:50 p. m.;cajero 1;;39527873;Ventas Mostrador;Nequi;2274;PANTALON MAITOS X5;ROPA;28500;49500;1.00;49500
51695;domingo; 31 de mayo de 2026;2:39 p. m.;cajero 1;;39527873;Ventas Mostrador;Efectivo;7702191662977;JABON DOVE BABY EN BARRA;ASEO;3966;5800;1.00;5800
51695;domingo; 31 de mayo de 2026;2:39 p. m.;cajero 1;;39527873;Ventas Mostrador;Efectivo;1974;TURBANTE SENCILLO;ACCESORIOS;8000;11000;1.00;11000
51695;domingo; 31 de mayo de 2026;2:39 p. m.;cajero 1;;39527873;Ventas Mostrador;Efectivo;2117-1;MEDIAS RECIEN NACIDO X UNIDAD;ROPA;875;2500;4.00;10000
51694;domingo; 31 de mayo de 2026;2:37 p. m.;cajero 1;;39527873;Ventas Mostrador;Efectivo;7701021119087;PAÑAL WINNY ULTRATRIM SEC 4X100;PAÑAL;122164;144000;1.00;129600
51693;domingo; 31 de mayo de 2026;2:20 p. m.;cajero 1;;39527873;Ventas Mostrador;Nequi;1553;CAMISA CUELLO CORBATA ADULTO MANGA LARGA;COLEGIO;20000;32000;1.00;32000
51692;domingo; 31 de mayo de 2026;1:56 p. m.;cajero 1;;39527873;Ventas Mostrador;Efectivo;7702057088835;CREMA NUMERO.4 X20 GRAMOS ORIGINAL;ASEO;8562;9900;1.00;9900
51691;domingo; 31 de mayo de 2026;1:55 p. m.;cajero 1;;39527873;Ventas Mostrador;Daviplata;7702031291527;SHAMPOO JOHNSON ORIGINAL 750ML;ASEO;39488;49400;1.00;49400
51691;domingo; 31 de mayo de 2026;1:55 p. m.;cajero 1;;39527873;Ventas Mostrador;Daviplata;4863-2;PAVA BEBE EN PANA -DRILL;ACCESORIOS;13000;28500;1.00;28500
51691;domingo; 31 de mayo de 2026;1:55 p. m.;cajero 1;;39527873;Ventas Mostrador;Daviplata;2394;VASO BOQUILLA DURA INFACTEC;ACCESORIOS;9700;19400;1.00;19400
51690;domingo; 31 de mayo de 2026;1:48 p. m.;cajero 1;;39527873;Ventas Mostrador;Efectivo;1003;PAPEL REGALO PLIEGO Y TARJETA;ACCESORIOS;321;1000;1.00;1000
51690;domingo; 31 de mayo de 2026;1:48 p. m.;cajero 1;;39527873;Ventas Mostrador;Efectivo;7702026147631;PAÑITOS PEQUEÑIN ALMENDRA X 100 UND;ASEO;8333;10900;2.00;21800
51688;domingo; 31 de mayo de 2026;1:39 p. m.;cajero 1;;39527873;Ventas Mostrador;Tarjeta crédito;685;CONJUNTO NISAM X 6 PIEZAS NIÑO;ROPA;47000;73600;1.00;73600
51687;domingo; 31 de mayo de 2026;1:18 p. m.;cajero 1;;39527873;Ventas Mostrador;Efectivo;1902;GORRO ESTUCHE X3;ROPA;12000;18000;1.00;18000
51686;domingo; 31 de mayo de 2026;1:18 p. m.;cajero 1;;39527873;Ventas Mostrador;Nequi;2042;GORRA ECONOMICA// PESQUERO BEBE;ACCESORIOS;6000;13000;1.00;12090
51685;domingo; 31 de mayo de 2026;1:16 p. m.;cajero 1;;39527873;Ventas Mostrador;Nequi;7701021111845;PAÑAL WINNY ULTRATRIM SEC 3X50;PAÑAL;51700;57900;1.00;53268
51685;domingo; 31 de mayo de 2026;1:16 p. m.;cajero 1;;39527873;Ventas Mostrador;Nequi;7701021145949;PAÑITOS WINNY ALOE X100;ASEO;9529;12500;1.00;12500
51685;domingo; 31 de mayo de 2026;1:16 p. m.;cajero 1;;39527873;Ventas Mostrador;Nequi;2120;SACO TERMICO BEBE;ROPA;9000;28000;1.00;28000
51685;domingo; 31 de mayo de 2026;1:16 p. m.;cajero 1;;39527873;Ventas Mostrador;Nequi;6957090201159;TETERO ONLY 4 ONZ SIN OREJAS;ACCESORIOS;6500;19000;1.00;19000
51684;domingo; 31 de mayo de 2026;12:59 p. m.;cajero 1;;39527873;Ventas Mostrador;Nequi;1162;PRIMERA MUDA DE BOLSA MAJU BABY;ROPA;22000;38000;1.00;38000
51683;domingo; 31 de mayo de 2026;12:57 p. m.;cajero 1;;39527873;Ventas Mostrador;Efectivo;1726;ZAPATO NO TUERCE;CALZADO;15000;35000;3.00;105000
51682;domingo; 31 de mayo de 2026;12:54 p. m.;cajero 1;;39527873;Ventas Mostrador;Nequi;1420;MEDIAS ENCAJE MARATHON;ROPA;8500;14500;1.00;14500
51682;domingo; 31 de mayo de 2026;12:54 p. m.;cajero 1;;39527873;Ventas Mostrador;Nequi;7701021118318;PAñAL WINNY ULTRATRIM SEC 3X16;PAÑAL;17222;22300;1.00;22300
51682;domingo; 31 de mayo de 2026;12:54 p. m.;cajero 1;;39527873;Ventas Mostrador;Nequi;1329;JEAN - PANTALON DRILL BEBE T:2 A T:;ROPA;24833;55000;1.00;55000
51682;domingo; 31 de mayo de 2026;12:54 p. m.;cajero 1;;39527873;Ventas Mostrador;Nequi;1943-1;BODY SUNNOZY X UNIDAD;ROPA;9600;17000;5.00;85000
51682;domingo; 31 de mayo de 2026;12:54 p. m.;cajero 1;;39527873;Ventas Mostrador;Nequi;1133-6;MEDIA TOBACO X 3 T 0 A 18 MESES;ROPA;7500;13000;1.00;13000
51681;domingo; 31 de mayo de 2026;12:46 p. m.;cajero 1;;39527873;Ventas Mostrador;Efectivo;AK3863;TETERO ONLY - AVEAT 4OZ CON OREJAS;ACCESORIOS;8384;16000;1.00;16000
51680;domingo; 31 de mayo de 2026;12:43 p. m.;cajero 1;;39527873;Ventas Mostrador;Nequi;1226;COJIN DE LACTANCIA NIÑA/NIÑO;LACTANCIA;34000;68000;1.00;68000
51680;domingo; 31 de mayo de 2026;12:43 p. m.;cajero 1;;39527873;Ventas Mostrador;Nequi;2201;COBIJA DOBLE ALMOHADA;LENCERIA;36000;65000;1.00;65000
51679;domingo; 31 de mayo de 2026;12:25 p. m.;cajero 1;;39527873;Ventas Mostrador;Tarjeta Débito;1003;PAPEL REGALO PLIEGO Y TARJETA;ACCESORIOS;321;1000;1.00;1000
51679;domingo; 31 de mayo de 2026;12:25 p. m.;cajero 1;;39527873;Ventas Mostrador;Tarjeta Débito;2002;SEMANARIO 21 PIEZAS;ROPA;34000;53000;1.00;53000
51679;domingo; 31 de mayo de 2026;12:25 p. m.;cajero 1;;39527873;Ventas Mostrador;Tarjeta Débito;2025;MEDIA PATIN;ROPA;2500;6500;1.00;6500
51679;domingo; 31 de mayo de 2026;12:25 p. m.;cajero 1;;39527873;Ventas Mostrador;Tarjeta Débito;3645;BARBIE DISCOLORATION;SOCIEDAD CL-MF;26000;45000;1.00;45000
51678;domingo; 31 de mayo de 2026;10:48 a. m.;cajero 1;;39527873;Ventas Mostrador;Nequi;7702277889106;COLONIA ARRURRU 120 ML AZUL + JABON NVA PREST;ASEO;20575;25800;1.00;25800
51677;sábado; 30 de mayo de 2026;8:25 p. m.;cajero 1;;39527873;Ventas Mostrador;Efectivo;1806-3;CAMISETA SEDA FRIA CUELLO REDONDO;ROPA;15000;30000;1.00;30000
51677;sábado; 30 de mayo de 2026;8:25 p. m.;cajero 1;;39527873;Ventas Mostrador;Efectivo;2157;CONJUNTO DE JEANS CON BUSO CERRADO;ROPA;35500;70000;1.00;70000
360;sábado; 30 de mayo de 2026;8:24 p. m.;cajero 1;;39527873;Ventas Mostrador;Efectivo;9401-2;CONJUNTO CHIKIS PANTALON + TIRANTAS;ROPA;63000;96000;-1.00;-96000
51676;sábado; 30 de mayo de 2026;8:17 p. m.;cajero 1;;39527873;Ventas Mostrador;Daviplata;7701021119087;PAÑAL WINNY ULTRATRIM SEC 4X100;PAÑAL;126400;144000;1.00;129600
51676;sábado; 30 de mayo de 2026;8:17 p. m.;cajero 1;;39527873;Ventas Mostrador;Daviplata;7702026147631;PAÑITOS PEQUEÑIN ALMENDRA X 100 UND;ASEO;8333;10900;1.00;10900
51675;sábado; 30 de mayo de 2026;7:51 p. m.;cajero 1;;39527873;Ventas Mostrador;Nequi;7702031244455;ESTUCHE JOHNSON NUEVO BABY GRANDE;ASEO;64481;75000;1.00;75000
51674;sábado; 30 de mayo de 2026;7:51 p. m.;cajero 1;;39527873;Ventas Mostrador;Nequi;1268;JEAN MATERNO 08-14;MATERNA;37000;68000;1.00;68000
51673;sábado; 30 de mayo de 2026;7:40 p. m.;cajero 1;;39527873;Ventas Mostrador;Efectivo;7702031401049;JABON JOHNSON HUMECTANTE POR UNIDAD;ASEO;4039;5600;1.00;5600
51673;sábado; 30 de mayo de 2026;7:40 p. m.;cajero 1;;39527873;Ventas Mostrador;Efectivo;1943-1;BODY SUNNOZY X UNIDAD;ROPA;9600;17000;2.00;34000
51672;sábado; 30 de mayo de 2026;7:27 p. m.;cajero 1;;39527873;Ventas Mostrador;Nequi;7701021116581;PAÑAL WINNY ULTRATRIM SEC 2X50;PAÑAL;42430;49900;1.00;45908
51671;sábado; 30 de mayo de 2026;7:19 p. m.;cajero 1;;39527873;Ventas Mostrador;Nequi;1187;CARGADOR ESPUMA GRANDE;ACCESORIOS;24000;45000;1.00;45000
51671;sábado; 30 de mayo de 2026;7:19 p. m.;cajero 1;;39527873;Ventas Mostrador;Nequi;1718;ZAPATO TELA BEBE;CALZADO;10000;22000;1.00;22000
51671;sábado; 30 de mayo de 2026;7:19 p. m.;cajero 1;;39527873;Ventas Mostrador;Nequi;1133-2;PAQUETE MEDIA FASHION X 3 TALLA ESTAMPADA;ROPA;7000;18000;1.00;18000
51670;sábado; 30 de mayo de 2026;7:18 p. m.;cajero 1;;39527873;Ventas Mostrador;Nequi;2080-1;BODY BLANCO X UNIDAD;ROPA;4750;10000;2.00;20000
51669;sábado; 30 de mayo de 2026;7:17 p. m.;cajero 1;;39527873;Ventas Mostrador;Efectivo;1917;BOLSA DE REGALO MEDIANA DECORADA NIÑOS;PAPELERIA;2416;4600;1.00;4600
51669;sábado; 30 de mayo de 2026;7:17 p. m.;cajero 1;;39527873;Ventas Mostrador;Efectivo;2157;CONJUNTO DE JEANS CON BUSO CERRADO;ROPA;35500;70000;1.00;70000
51668;sábado; 30 de mayo de 2026;6:41 p. m.;cajero 1;;39527873;Ventas Mostrador;Efectivo;71534232090;PATIN DE LANA CARTER;ROPA;14500;29000;1.00;29000
51667;sábado; 30 de mayo de 2026;6:38 p. m.;cajero 1;;39527873;Ventas Mostrador;Daviplata;7701021118332;PAÑAL WINNY ULTRATRIM SEC 4X16;PAÑAL;21153;25600;1.00;25600
51667;sábado; 30 de mayo de 2026;6:38 p. m.;cajero 1;;39527873;Ventas Mostrador;Daviplata;1726;ZAPATO NO TUERCE;CALZADO;15000;35000;1.00;35000
51666;sábado; 30 de mayo de 2026;6:15 p. m.;cajero 1;;39527873;Ventas Mostrador;Nequi;71534232090;PATIN DE LANA CARTER;ROPA;14500;29000;1.00;29000
51665;sábado; 30 de mayo de 2026;5:45 p. m.;cajero 1;;39527873;Ventas Mostrador;Nequi;7701021116512;PAÑAL WINNY ULTRATRIM SEC 1X50;PAÑAL;36237;41500;1.00;40504
51665;sábado; 30 de mayo de 2026;5:45 p. m.;cajero 1;;39527873;Ventas Mostrador;Nequi;2274;PANTALON MAITOS X5;ROPA;28500;49500;1.00;49500
51664;sábado; 30 de mayo de 2026;5:43 p. m.;cajero 1;;39527873;Ventas Mostrador;Efectivo;1003;PAPEL REGALO PLIEGO Y TARJETA;ACCESORIOS;321;1000;1.00;1000
51664;sábado; 30 de mayo de 2026;5:43 p. m.;cajero 1;;39527873;Ventas Mostrador;Efectivo;1196-2;SUDADERA PAULIS DOBLE PANTALONEST2 A T10;ROPA;32620;66000;1.00;66000
51663;sábado; 30 de mayo de 2026;5:37 p. m.;cajero 1;;39527873;Ventas Mostrador;Nequi;1630;LEGIS MATERNO ALGODON L-XL;MATERNA;20000;45000;1.00;45000
51662;sábado; 30 de mayo de 2026;5:32 p. m.;cajero 1;;39527873;Ventas Mostrador;Efectivo;7701021118295;PAÑAL WINNY ULTRATRIM SEC 1X16;PAÑAL;11819;15000;2.00;30000
51661;sábado; 30 de mayo de 2026;5:31 p. m.;cajero 1;;39527873;Ventas Mostrador;Nequi;7701021116512;PAÑAL WINNY ULTRATRIM SEC 1X50;PAÑAL;36237;41500;1.00;39218
51661;sábado; 30 de mayo de 2026;5:31 p. m.;cajero 1;;39527873;Ventas Mostrador;Nequi;7702031318316;BAÑO LIQUIDO JOHNSON PIES A CABEZA X400ML;ASEO;19464;25000;1.00;25000
51661;sábado; 30 de mayo de 2026;5:31 p. m.;cajero 1;;39527873;Ventas Mostrador;Nequi;7701021145949;PAÑITOS WINNY ALOE X100;ASEO;9529;12500;1.00;12500
51661;sábado; 30 de mayo de 2026;5:31 p. m.;cajero 1;;39527873;Ventas Mostrador;Nequi;7702277889106;COLONIA ARRURRU 120 ML AZUL + JABON NVA PREST;ASEO;20575;25800;1.00;25800
51660;sábado; 30 de mayo de 2026;5:22 p. m.;cajero 1;;39527873;Ventas Mostrador;Efectivo;1980;MEDIAS MICROFIBRA 2-4-6-8-10-12;ROPA;8500;17900;2.00;35800
51659;sábado; 30 de mayo de 2026;5:19 p. m.;cajero 1;;39527873;Ventas Mostrador;Nequi;8005;LLAMADIENTES DE AGUA / ANIMALITOS - FRUTA;ACCESORIOS;3966;11000;1.00;11000
51659;sábado; 30 de mayo de 2026;5:19 p. m.;cajero 1;;39527873;Ventas Mostrador;Nequi;7702057088835;CREMA NUMERO.4 X20 GRAMOS ORIGINAL;ASEO;8562;9900;1.00;9900
51659;sábado; 30 de mayo de 2026;5:19 p. m.;cajero 1;;39527873;Ventas Mostrador;Nequi;2252;ESQUELETO CON BORDADO X UNIDAD;ROPA;4903;7500;3.00;22500
51659;sábado; 30 de mayo de 2026;5:19 p. m.;cajero 1;;39527873;Ventas Mostrador;Nequi;0202-1;CEPILLO MUSICAL + PEINILLA;ACCESORIOS;6000;11000;1.00;11000
51658;sábado; 30 de mayo de 2026;5:11 p. m.;cajero 1;;39527873;Ventas Mostrador;Nequi;7701021145949;PAÑITOS WINNY ALOE X100;ASEO;9529;12500;1.00;12500
51657;sábado; 30 de mayo de 2026;5:10 p. m.;cajero 1;;39527873;Ventas Mostrador;Nequi;7701021111821;PAÑAL WINNY ULTRATRIM 3X30;PAÑAL;32500;35800;1.00;34010
51656;sábado; 30 de mayo de 2026;5:09 p. m.;cajero 1;;39527873;Ventas Mostrador;Nequi;1133-2;PAQUETE MEDIA FASHION X 3 TALLA ESTAMPADA;ROPA;7000;18000;1.00;18000
51655;sábado; 30 de mayo de 2026;5:07 p. m.;cajero 1;;39527873;Ventas Mostrador;Efectivo;2252;ESQUELETO CON BORDADO X UNIDAD;ROPA;4903;7500;2.00;15000
51655;sábado; 30 de mayo de 2026;5:07 p. m.;cajero 1;;39527873;Ventas Mostrador;Efectivo;9401-2;CONJUNTO CHIKIS PANTALON + TIRANTAS;ROPA;63000;96000;1.00;96000
51655;sábado; 30 de mayo de 2026;5:07 p. m.;cajero 1;;39527873;Ventas Mostrador;Efectivo;1133-6;MEDIA TOBACO X 3 T 0 A 18 MESES;ROPA;7500;13000;1.00;13000
51655;sábado; 30 de mayo de 2026;5:07 p. m.;cajero 1;;39527873;Ventas Mostrador;Efectivo;3211-7;CONJUNTO BEISBOLERO CUERO DYK;ROPA;55000;105000;1.00;105000
51654;sábado; 30 de mayo de 2026;5:01 p. m.;cajero 1;;39527873;Ventas Mostrador;Efectivo;1003;PAPEL REGALO PLIEGO Y TARJETA;ACCESORIOS;321;1000;1.00;1000
51654;sábado; 30 de mayo de 2026;5:01 p. m.;cajero 1;;39527873;Ventas Mostrador;Efectivo;7701021116499;PAÑAL WINNY ULTRATRIM SEC 1X30;PAÑAL;22400;25500;1.00;25500
51653;sábado; 30 de mayo de 2026;4:32 p. m.;cajero 1;;39527873;Ventas Mostrador;Efectivo;OS001;SONAJERO FELPA MUSICAL OSO;ACCESORIOS;33000;40000;1.00;40000
51652;sábado; 30 de mayo de 2026;4:20 p. m.;cajero 1;;39527873;Ventas Mostrador;Efectivo;2046;PRIMERA MUDA COFRE CANASTA;ROPA;40000;64000;1.00;64000
51651;sábado; 30 de mayo de 2026;3:48 p. m.;cajero 1;;39527873;Ventas Mostrador;Efectivo;2224;TUTU POR UNIDAD;ROPA;13000;26900;1.00;26900
51650;sábado; 30 de mayo de 2026;3:39 p. m.;cajero 1;;39527873;Ventas Mostrador;Nequi;1980;MEDIAS MICROFIBRA 2-4-6-8-10-12;ROPA;8500;17900;1.00;17900
51650;sábado; 30 de mayo de 2026;3:39 p. m.;cajero 1;;39527873;Ventas Mostrador;Nequi;7704631000554;CEPILLO DE DIENTES NIÑO KIDS BONITE;ACCESORIOS;4050;6900;1.00;6900
51650;sábado; 30 de mayo de 2026;3:39 p. m.;cajero 1;;39527873;Ventas Mostrador;Nequi;3070-2;ROPA INTERIOR NIÑA X 3;ROPA;9000;17000;1.00;17000
51649;sábado; 30 de mayo de 2026;3:31 p. m.;cajero 1;;39527873;Ventas Mostrador;Tarjeta crédito;1003;PAPEL REGALO PLIEGO Y TARJETA;ACCESORIOS;321;1000;1.00;1000
51649;sábado; 30 de mayo de 2026;3:31 p. m.;cajero 1;;39527873;Ventas Mostrador;Tarjeta crédito;7702031583363;ESTUCHE JOHNSON BABY PEQUEÑO;ASEO;24805;31000;1.00;31000
51648;sábado; 30 de mayo de 2026;2:41 p. m.;cajero 1;;39527873;Ventas Mostrador;Efectivo;1943-2;BODY LEYENDA MATERNA;ROPA;15000;25000;1.00;25000
51647;sábado; 30 de mayo de 2026;2:39 p. m.;cajero 1;;39527873;Ventas Mostrador;Efectivo;3070-2;ROPA INTERIOR NIÑA X 3;ROPA;9000;17000;1.00;17000
51646;sábado; 30 de mayo de 2026;2:18 p. m.;cajero 1;;39527873;Ventas Mostrador;Nequi;4863-2;PAVA BEBE EN PANA -DRILL;ACCESORIOS;13000;28500;1.00;28500
51645;sábado; 30 de mayo de 2026;2:07 p. m.;cajero 1;;39527873;Ventas Mostrador;Efectivo;1419-7;MEDIAS CACHIMIR ESTAMPADA;ROPA;8000;18000;1.00;18000
51644;sábado; 30 de mayo de 2026;2:05 p. m.;cajero 1;;39527873;Ventas Mostrador;Efectivo;7701021116123;PAÑAL WINNY ULTRATRIM SEC 3X100;PAÑAL;101600;117000;1.00;105008
51644;sábado; 30 de mayo de 2026;2:05 p. m.;cajero 1;;39527873;Ventas Mostrador;Efectivo;2146-1;PAÑAL DE TELA BLANCO X UNIDAD;ACCESORIOS;3000;5500;2.00;11000
51643;sábado; 30 de mayo de 2026;2:02 p. m.;cajero 1;;39527873;Ventas Mostrador;Nequi;4863;GORRA Y PAVA PANA DECORADA OSO;ACCESORIOS;13000;26500;1.00;26500
51642;sábado; 30 de mayo de 2026;1:56 p. m.;cajero 1;;39527873;Ventas Mostrador;Nequi;1003;PAPEL REGALO PLIEGO Y TARJETA;ACCESORIOS;321;1000;1.00;1000
51642;sábado; 30 de mayo de 2026;1:56 p. m.;cajero 1;;39527873;Ventas Mostrador;Nequi;7702031244455;ESTUCHE JOHNSON NUEVO BABY GRANDE;ASEO;61650;75000;1.00;75000
51642;sábado; 30 de mayo de 2026;1:56 p. m.;cajero 1;;39527873;Ventas Mostrador;Nequi;7701021115140;PAÑAL WINNY ULTRATRIM SEC 2X16;PAÑAL;14700;16000;1.00;16000
51641;sábado; 30 de mayo de 2026;1:55 p. m.;cajero 1;;39527873;Ventas Mostrador;Efectivo;7701021115140;PAÑAL WINNY ULTRATRIM SEC 2X16;PAÑAL;14700;16000;1.00;16000
51640;sábado; 30 de mayo de 2026;1:46 p. m.;cajero 1;;39527873;Ventas Mostrador;Tarjeta Débito;1003;PAPEL REGALO PLIEGO Y TARJETA;ACCESORIOS;321;1000;1.00;1000
51640;sábado; 30 de mayo de 2026;1:46 p. m.;cajero 1;;39527873;Ventas Mostrador;Tarjeta Débito;7702031583363;ESTUCHE JOHNSON BABY PEQUEÑO;ASEO;24805;31000;1.00;31000
51640;sábado; 30 de mayo de 2026;1:46 p. m.;cajero 1;;39527873;Ventas Mostrador;Tarjeta Débito;7701021118295;PAÑAL WINNY ULTRATRIM SEC 1X16;PAÑAL;11819;15000;1.00;15000
51639;sábado; 30 de mayo de 2026;1:36 p. m.;cajero 1;;39527873;Ventas Mostrador;Nequi;1376-1;TINA PLEGABLE CON ACCESORIOS;ACCESORIOS;140000;185000;1.00;180005
51638;sábado; 30 de mayo de 2026;1:14 p. m.;cajero 1;;39527873;Ventas Mostrador;Efectivo;1003;PAPEL REGALO PLIEGO Y TARJETA;ACCESORIOS;321;1000;1.00;1000
51638;sábado; 30 de mayo de 2026;1:14 p. m.;cajero 1;;39527873;Ventas Mostrador;Efectivo;1726;ZAPATO NO TUERCE;CALZADO;15000;35000;1.00;35000
51638;sábado; 30 de mayo de 2026;1:14 p. m.;cajero 1;;39527873;Ventas Mostrador;Efectivo;221-1;CONJUNTO CHALECO PANA KINTY;ROPA;25000;62000;1.00;62000
51637;sábado; 30 de mayo de 2026;1:00 p. m.;cajero 1;;39527873;Ventas Mostrador;Efectivo;1003;PAPEL REGALO PLIEGO Y TARJETA;ACCESORIOS;321;1000;1.00;300
51637;sábado; 30 de mayo de 2026;1:00 p. m.;cajero 1;;39527873;Ventas Mostrador;Efectivo;7701021116536;PAÑAL WINNY ULTRATRIM SEC 2X30;PAÑAL;26700;29700;1.00;29700
51637;sábado; 30 de mayo de 2026;1:00 p. m.;cajero 1;;39527873;Ventas Mostrador;Efectivo;1379-1;VESTIDOS MEIQUITOS;ROPA;16000;30000;1.00;30000
51636;sábado; 30 de mayo de 2026;12:11 p. m.;cajero 1;;39527873;Ventas Mostrador;Efectivo;7701021147585;PAÑAL WINNY ULTRATRIM SEC 4X50;PAÑAL;61716;71300;1.00;65596
51636;sábado; 30 de mayo de 2026;12:11 p. m.;cajero 1;;39527873;Ventas Mostrador;Efectivo;1133-5;MEDIA TOBACO X UNIDAD T 0 A 18 MESES;ROPA;2500;4500;2.00;9000
51635;sábado; 30 de mayo de 2026;11:37 a. m.;cajero 1;;39527873;Ventas Mostrador;Daviplata;1726;ZAPATO NO TUERCE;CALZADO;15000;35000;1.00;35000
51635;sábado; 30 de mayo de 2026;11:37 a. m.;cajero 1;;39527873;Ventas Mostrador;Daviplata;1918;BOLSA DE REGALO GRANDE JUMBO DECORADA;PAPELERIA;3144;6000;1.00;6000
51635;sábado; 30 de mayo de 2026;11:37 a. m.;cajero 1;;39527873;Ventas Mostrador;Daviplata;1133-5;MEDIA TOBACO X UNIDAD T 0 A 18 MESES;ROPA;2500;4500;1.00;4500
51634;sábado; 30 de mayo de 2026;10:20 a. m.;cajero 1;;39527873;Ventas Mostrador;Efectivo;2453-1;MICA ECONOMICA COLORES;ACCESORIOS;0;30000;1.00;30000
51633;viernes; 29 de mayo de 2026;8:14 p. m.;cajero 1;Vendedor ;39527873;Ventas Mostrador;Efectivo;1121;SONAJERO ANIMALITOS CHILLON;ACCESORIOS;14000;22500;1.00;22500
51633;viernes; 29 de mayo de 2026;8:14 p. m.;cajero 1;Vendedor ;39527873;Ventas Mostrador;Efectivo;1380556515610;COPITOS VALENTINA X100 UN;ASEO;2150;3500;1.00;3500
51633;viernes; 29 de mayo de 2026;8:14 p. m.;cajero 1;Vendedor ;39527873;Ventas Mostrador;Efectivo;7891010031046;ACEITE JOHNSON BABY ORIGINAL X100ML;ASEO;13871;17400;1.00;17400
51633;viernes; 29 de mayo de 2026;8:14 p. m.;cajero 1;Vendedor ;39527873;Ventas Mostrador;Efectivo;2394;VASO BOQUILLA DURA INFACTEC;ACCESORIOS;9700;19400;1.00;19400
51632;viernes; 29 de mayo de 2026;7:42 p. m.;cajero 1;Vendedor ;39527873;Ventas Mostrador;Nequi;1998;TORERO DE HILO;ROPA;20000;40000;1.00;22000
51632;viernes; 29 de mayo de 2026;7:42 p. m.;cajero 1;Vendedor ;39527873;Ventas Mostrador;Nequi;PG107;VASO PITILLO RENO;ACCESORIOS;10368;22000;1.00;11000
51631;viernes; 29 de mayo de 2026;7:26 p. m.;cajero 1;Vendedor ;39527873;Ventas Mostrador;Efectivo;1965;PRIMERA MUDA MAITOS TERMICA;ROPA;33000;51000;1.00;51000
51631;viernes; 29 de mayo de 2026;7:26 p. m.;cajero 1;Vendedor ;39527873;Ventas Mostrador;Efectivo;1379-1;VESTIDOS MEIQUITOS;ROPA;16000;30000;1.00;30000
51630;viernes; 29 de mayo de 2026;7:06 p. m.;cajero 1;Vendedor ;39527873;Ventas Mostrador;Nequi;1003;PAPEL REGALO PLIEGO Y TARJETA;ACCESORIOS;321;1000;1.00;1000
51630;viernes; 29 de mayo de 2026;7:06 p. m.;cajero 1;Vendedor ;39527873;Ventas Mostrador;Nequi;2144;PRIMERA MUDA TERMICA ECONOMICA;ROPA;10000;28000;1.00;28000
51629;viernes; 29 de mayo de 2026;6:55 p. m.;cajero 1;Vendedor ;39527873;Ventas Mostrador;Efectivo;1917;BOLSA DE REGALO MEDIANA DECORADA NIÑOS;PAPELERIA;2416;4300;2.00;8600
51628;viernes; 29 de mayo de 2026;6:52 p. m.;cajero 1;Vendedor ;39527873;Ventas Mostrador;Efectivo;1133-2;PAQUETE MEDIA FASHION X 3 TALLA ESTAMPADA;ROPA;7000;18000;1.00;18000
51627;viernes; 29 de mayo de 2026;6:51 p. m.;cajero 1;Vendedor ;39527873;Ventas Mostrador;Efectivo;3016-2;CONJUNTO MYP CHALECO PELUDO;ROPA;45000;90000;1.00;90000
51626;viernes; 29 de mayo de 2026;6:42 p. m.;cajero 1;Vendedor ;39527873;Ventas Mostrador;Efectivo;1726;ZAPATO NO TUERCE;CALZADO;15000;35000;1.00;35000
51625;viernes; 29 de mayo de 2026;6:06 p. m.;cajero 1;Vendedor ;39527873;Ventas Mostrador;Nequi;1918;BOLSA DE REGALO GRANDE JUMBO DECORADA;PAPELERIA;3144;6000;1.00;6000
51624;viernes; 29 de mayo de 2026;6:01 p. m.;cajero 1;Vendedor ;39527873;Ventas Mostrador;Nequi;2025;MEDIA PATIN;ROPA;2500;6500;1.00;6500
51623;viernes; 29 de mayo de 2026;5:41 p. m.;cajero 1;Vendedor ;39527873;Ventas Mostrador;Efectivo;1726;ZAPATO NO TUERCE;CALZADO;15000;35000;1.00;35000
51622;viernes; 29 de mayo de 2026;5:39 p. m.;cajero 1;Vendedor ;39527873;Ventas Mostrador;Nequi;7701021116536;PAÑAL WINNY ULTRATRIM SEC 2X30;PAÑAL;26700;29700;1.00;29700
51621;viernes; 29 de mayo de 2026;5:36 p. m.;cajero 1;Vendedor ;39527873;Ventas Mostrador;Nequi;1186;BAYETILLA CAMISA ROJA X3;ROPA;7500;14200;1.00;14200
51621;viernes; 29 de mayo de 2026;5:36 p. m.;cajero 1;Vendedor ;39527873;Ventas Mostrador;Nequi;2056;RUANA FINA ABIERTA NIÑA;LENCERIA;24000;48000;1.00;48000
51621;viernes; 29 de mayo de 2026;5:36 p. m.;cajero 1;Vendedor ;39527873;Ventas Mostrador;Nequi;2925;JARDINERA PANA PUPPY;ROPA;40000;70000;1.00;70000
51620;viernes; 29 de mayo de 2026;5:05 p. m.;cajero 1;Vendedor ;39527873;Ventas Mostrador;Efectivo;7702277299165;COLONIA ARRURRU 120 ML ROSADA NVA PREST + JABON;ASEO;20575;25800;1.00;25800
51619;viernes; 29 de mayo de 2026;4:39 p. m.;cajero 1;Vendedor ;39527873;Ventas Mostrador;Nequi;7701021111845;PAÑAL WINNY ULTRATRIM SEC 3X50;PAÑAL;51700;57900;1.00;53268
51618;viernes; 29 de mayo de 2026;4:23 p. m.;cajero 1;Vendedor ;39527873;Ventas Mostrador;Nequi;1400;PAÑAL ETAPA 2 X UNIDAD;PAÑAL;825;1600;7.00;11200
51617;viernes; 29 de mayo de 2026;4:15 p. m.;cajero 1;Vendedor ;39527873;Ventas Mostrador;Efectivo;2117-1;MEDIAS RECIEN NACIDO X UNIDAD;ROPA;875;2500;2.00;5000
51617;viernes; 29 de mayo de 2026;4:15 p. m.;cajero 1;Vendedor ;39527873;Ventas Mostrador;Efectivo;1930-8;GORRO HILO RECIEN NACIDO;ROPA;5000;12000;1.00;12000
51616;viernes; 29 de mayo de 2026;3:41 p. m.;cajero 1;Vendedor ;39527873;Ventas Mostrador;Efectivo;1917;BOLSA DE REGALO MEDIANA DECORADA NIÑOS;PAPELERIA;2416;4300;1.00;4300
51615;viernes; 29 de mayo de 2026;2:31 p. m.;cajero 1;Vendedor ;39527873;Ventas Mostrador;Efectivo;1329;JEAN - PANTALON DRILL BEBE T:2 A T:;ROPA;24833;55000;1.00;52910
51614;viernes; 29 de mayo de 2026;2:28 p. m.;cajero 1;Vendedor ;39527873;Ventas Mostrador;Efectivo;1133-6;MEDIA TOBACO X 3 T 0 A 18 MESES;ROPA;7500;13000;1.00;13000
51613;viernes; 29 de mayo de 2026;2:27 p. m.;cajero 1;Vendedor ;39527873;Ventas Mostrador;Nequi;2117-1;MEDIAS RECIEN NACIDO X UNIDAD;ROPA;875;2500;5.00;12500
51612;viernes; 29 de mayo de 2026;2:11 p. m.;cajero 1;Vendedor ;39527873;Ventas Mostrador;Efectivo;BK9012;PAÑALERA MORRAL SENCILLA REF.BK9012;PAÑALERA;40000;75000;1.00;68025
51611;viernes; 29 de mayo de 2026;1:38 p. m.;cajero 1;Vendedor ;39527873;Ventas Mostrador;Daviplata;1003;PAPEL REGALO PLIEGO Y TARJETA;ACCESORIOS;321;1000;1.00;1000
51611;viernes; 29 de mayo de 2026;1:38 p. m.;cajero 1;Vendedor ;39527873;Ventas Mostrador;Daviplata;0031-1;PIJAMA PIEL DURAZNO BOTON 2 PIEZAS;ROPA;15000;36000;1.00;36000
51610;viernes; 29 de mayo de 2026;1:37 p. m.;cajero 1;Vendedor ;39527873;Ventas Mostrador;Efectivo;1003;PAPEL REGALO PLIEGO Y TARJETA;ACCESORIOS;321;1000;1.00;1000
51610;viernes; 29 de mayo de 2026;1:37 p. m.;cajero 1;Vendedor ;39527873;Ventas Mostrador;Efectivo;1726;ZAPATO NO TUERCE;CALZADO;15000;35000;1.00;35000
51610;viernes; 29 de mayo de 2026;1:37 p. m.;cajero 1;Vendedor ;39527873;Ventas Mostrador;Efectivo;2152-1;CONJUNTO 3 PIEZAS T:2 A T:8 PAULIS;ROPA;35000;72000;1.00;50400
51609;viernes; 29 de mayo de 2026;1:19 p. m.;cajero 1;Vendedor ;39527873;Ventas Mostrador;Nequi;1726;ZAPATO NO TUERCE;CALZADO;15000;35000;1.00;35000
51609;viernes; 29 de mayo de 2026;1:19 p. m.;cajero 1;Vendedor ;39527873;Ventas Mostrador;Nequi;2132;BOLSA DE REGALO PEQUEÑA DECORADA;PAPELERIA;1750;3200;1.00;3200
51608;viernes; 29 de mayo de 2026;11:45 a. m.;cajero 1;Vendedor ;39527873;Ventas Mostrador;Efectivo;6970817283337;PAÑITOS VALENTINA X 100;ASEO;6000;11600;1.00;11600
51607;jueves; 28 de mayo de 2026;8:33 p. m.;Maria Barbosa Neuque;Vendedor ;39527873;Ventas Mostrador;Efectivo;2132;BOLSA DE REGALO PEQUEÑA DECORADA;PAPELERIA;1750;3200;1.00;3200
51606;jueves; 28 de mayo de 2026;8:32 p. m.;Maria Barbosa Neuque;Vendedor ;39527873;Ventas Mostrador;Efectivo;1003;PAPEL REGALO PLIEGO Y TARJETA;ACCESORIOS;321;1000;1.00;1000
51606;jueves; 28 de mayo de 2026;8:32 p. m.;Maria Barbosa Neuque;Vendedor ;39527873;Ventas Mostrador;Efectivo;7701021118318;PAñAL WINNY ULTRATRIM SEC 3X16;PAÑAL;17222;22300;1.00;22300
51606;jueves; 28 de mayo de 2026;8:32 p. m.;Maria Barbosa Neuque;Vendedor ;39527873;Ventas Mostrador;Efectivo;7702277376484;ESTUCHE ARRURRU BABY SHOWERS NIÑA NVA PRESENTACION;ASEO;44661;55900;1.00;55900
51605;jueves; 28 de mayo de 2026;8:12 p. m.;Maria Barbosa Neuque;Vendedor ;39527873;Ventas Mostrador;Nequi;1003;PAPEL REGALO PLIEGO Y TARJETA;ACCESORIOS;321;1000;1.00;1000
51605;jueves; 28 de mayo de 2026;8:12 p. m.;Maria Barbosa Neuque;Vendedor ;39527873;Ventas Mostrador;Nequi;7701021116499;PAÑAL WINNY ULTRATRIM SEC 1X30;PAÑAL;22400;25500;1.00;25500
51605;jueves; 28 de mayo de 2026;8:12 p. m.;Maria Barbosa Neuque;Vendedor ;39527873;Ventas Mostrador;Nequi;1572;PRIMERA MUDA IMPORTADA HONOR BABY;ROPA;40000;75000;1.00;75000
51604;jueves; 28 de mayo de 2026;8:00 p. m.;Maria Barbosa Neuque;Vendedor ;39527873;Ventas Mostrador;Efectivo;7701021111845;PAÑAL WINNY ULTRATRIM SEC 3X50;PAÑAL;51700;57900;1.00;53268
51603;jueves; 28 de mayo de 2026;7:35 p. m.;Maria Barbosa Neuque;Vendedor ;39527873;Ventas Mostrador;Tarjeta Débito;1162;PRIMERA MUDA DE BOLSA MAJU BABY;ROPA;22000;38000;1.00;38000
51603;jueves; 28 de mayo de 2026;7:35 p. m.;Maria Barbosa Neuque;Vendedor ;39527873;Ventas Mostrador;Tarjeta Débito;2117-1;MEDIAS RECIEN NACIDO X UNIDAD;ROPA;839;2500;7.00;17500
51602;jueves; 28 de mayo de 2026;7:23 p. m.;Maria Barbosa Neuque;Vendedor ;39527873;Ventas Mostrador;Tarjeta Débito;7701021115140;PAÑAL WINNY ULTRATRIM SEC 2X16;PAÑAL;14700;16000;1.00;16000
51601;jueves; 28 de mayo de 2026;7:21 p. m.;Maria Barbosa Neuque;Vendedor ;39527873;Ventas Mostrador;Tarjeta crédito;0031-1;PIJAMA PIEL DURAZNO BOTON 2 PIEZAS;ROPA;15000;36000;2.00;72000
51600;jueves; 28 de mayo de 2026;7:17 p. m.;Maria Barbosa Neuque;Vendedor ;39527873;Ventas Mostrador;Nequi;2112;BUSO CUELLO TORTUGA T - 2 A 16;COLEGIO;9000;15000;1.00;15000
51600;jueves; 28 de mayo de 2026;7:17 p. m.;Maria Barbosa Neuque;Vendedor ;39527873;Ventas Mostrador;Nequi;1554;ESQUELETO BLANCO NIÑO;COLEGIO;5563;9500;1.00;9500
51599;jueves; 28 de mayo de 2026;7:09 p. m.;Maria Barbosa Neuque;Vendedor ;39527873;Ventas Mostrador;Nequi;7701021119087;PAÑAL WINNY ULTRATRIM SEC 4X100;PAÑAL;126400;144000;1.00;129600
51598;jueves; 28 de mayo de 2026;6:11 p. m.;Maria Barbosa Neuque;Vendedor ;39527873;Ventas Mostrador;Daviplata;2266;CAMISETA PERSONAJES;ROPA;7000;15000;1.00;15000
51597;jueves; 28 de mayo de 2026;4:24 p. m.;Maria Barbosa Neuque;Vendedor ;39527873;Ventas Mostrador;Nequi;2027;GORRO PASAMONTAÑAS;ROPA;7000;12500;1.00;12500
51596;jueves; 28 de mayo de 2026;3:33 p. m.;Maria Barbosa Neuque;Vendedor ;39527873;Ventas Mostrador;Efectivo;7702277736318;SHAMPOO ARRURRU MANZANILLA X120 NVA PRESENTACION;ASEO;9853;12400;1.00;12400
51595;jueves; 28 de mayo de 2026;1:48 p. m.;Maria Barbosa Neuque;Vendedor ;39527873;Ventas Mostrador;Nequi;1584;COCHE + PAÑALERA JM;COCHES;165000;271000;1.00;244171
51595;jueves; 28 de mayo de 2026;1:48 p. m.;Maria Barbosa Neuque;Vendedor ;39527873;Ventas Mostrador;Nequi;1791;FORRO MEDIANO CALIBRE 4;ACCESORIOS;11000;17500;1.00;10829
51595;jueves; 28 de mayo de 2026;1:48 p. m.;Maria Barbosa Neuque;Vendedor ;39527873;Ventas Mostrador;Nequi;1015-1;ZAPATO PILIN - PATILIN T: 18 A 22;ZAPATO;42000;67000;1.00;67000
51594;jueves; 28 de mayo de 2026;12:42 p. m.;Maria Barbosa Neuque;Vendedor ;39527873;Ventas Mostrador;Nequi;1003;PAPEL REGALO PLIEGO Y TARJETA;ACCESORIOS;321;1000;1.00;1000
51594;jueves; 28 de mayo de 2026;12:42 p. m.;Maria Barbosa Neuque;Vendedor ;39527873;Ventas Mostrador;Nequi;2056;RUANA FINA ABIERTA NIÑA;LENCERIA;24000;48000;1.00;48000
51593;jueves; 28 de mayo de 2026;12:37 p. m.;Maria Barbosa Neuque;Vendedor ;39527873;Ventas Mostrador;Nequi;1003;PAPEL REGALO PLIEGO Y TARJETA;ACCESORIOS;321;1000;1.00;1000
51593;jueves; 28 de mayo de 2026;12:37 p. m.;Maria Barbosa Neuque;Vendedor ;39527873;Ventas Mostrador;Nequi;3211-7;CONJUNTO BEISBOLERO CUERO DYK;ROPA;55000;105000;1.00;105000
51592;jueves; 28 de mayo de 2026;10:41 a. m.;Maria Barbosa Neuque;Vendedor ;39527873;Ventas Mostrador;Efectivo;6927022241614;VALENTINA BABY PANTS XL X20;PAÑAL;19900;29500;2.00;59000
51591;miércoles; 27 de mayo de 2026;7:42 p. m.;Maria Barbosa Neuque;Vendedor ;39527873;Ventas Mostrador;Efectivo;1331-4;PANTALON DRILL CAMUFLADO BEBE;ROPA;30000;62000;1.00;60016
51590;miércoles; 27 de mayo de 2026;6:14 p. m.;Maria Barbosa Neuque;Vendedor ;39527873;Ventas Mostrador;Efectivo;1003;PAPEL REGALO PLIEGO Y TARJETA;ACCESORIOS;321;1000;1.00;1000
51590;miércoles; 27 de mayo de 2026;6:14 p. m.;Maria Barbosa Neuque;Vendedor ;39527873;Ventas Mostrador;Efectivo;1121;SONAJERO ANIMALITOS CHILLON;ACCESORIOS;14000;22500;1.00;22500
51590;miércoles; 27 de mayo de 2026;6:14 p. m.;Maria Barbosa Neuque;Vendedor ;39527873;Ventas Mostrador;Efectivo;2925;JARDINERA PANA PUPPY;ROPA;40000;70000;1.00;70000
51589;miércoles; 27 de mayo de 2026;6:03 p. m.;Maria Barbosa Neuque;Vendedor ;39527873;Ventas Mostrador;Efectivo;PTQ1167;CHUPO REPUESTO ONLY KTT-030;ACCESORIOS;2500;6500;1.00;6500
51588;miércoles; 27 de mayo de 2026;5:46 p. m.;Maria Barbosa Neuque;Vendedor ;39527873;Ventas Mostrador;Efectivo;7701021116666;PAÑAL WINNY ULTRATRIM PANT 5X30;PAÑAL;41907;46900;1.00;44555
51587;miércoles; 27 de mayo de 2026;5:42 p. m.;Maria Barbosa Neuque;Vendedor ;39527873;Ventas Mostrador;Nequi;1789;BABEROS CARTER`S X3;ROPA;14000;29000;1.00;29000
51586;miércoles; 27 de mayo de 2026;5:42 p. m.;Maria Barbosa Neuque;Vendedor ;39527873;Ventas Mostrador;Efectivo;7701021116581;PAÑAL WINNY ULTRATRIM SEC 2X50;PAÑAL;42430;49900;1.00;45908
51585;miércoles; 27 de mayo de 2026;11:09 a. m.;Maria Barbosa Neuque;Vendedor ;39527873;Ventas Mostrador;Efectivo;2117-1;MEDIAS RECIEN NACIDO X UNIDAD;ROPA;833;2500;2.00;5000
51584;miércoles; 27 de mayo de 2026;11:03 a. m.;Maria Barbosa Neuque;Vendedor ;39527873;Ventas Mostrador;Efectivo;2088;BABUCHA BEBE;CALZADO;12000;28000;1.00;28000
51583;martes; 26 de mayo de 2026;8:24 p. m.;Maria Barbosa Neuque;Vendedor ;39527873;Ventas Mostrador;Efectivo;1980;MEDIAS MICROFIBRA 2-4-6-8-10-12;ROPA;8500;17900;1.00;17900
51583;martes; 26 de mayo de 2026;8:24 p. m.;Maria Barbosa Neuque;Vendedor ;39527873;Ventas Mostrador;Efectivo;2224;TUTU POR UNIDAD;ROPA;13000;26900;1.00;26900
51582;martes; 26 de mayo de 2026;8:06 p. m.;Maria Barbosa Neuque;Vendedor ;39527873;Ventas Mostrador;Efectivo;1420-1;MEDIA BAMBI - TOBILLERA OSO;ROPA;6000;13000;1.00;13000
51582;martes; 26 de mayo de 2026;8:06 p. m.;Maria Barbosa Neuque;Vendedor ;39527873;Ventas Mostrador;Efectivo;1930-8;GORRO HILO RECIEN NACIDO;ROPA;4500;12000;1.00;12000
51581;martes; 26 de mayo de 2026;7:49 p. m.;Maria Barbosa Neuque;Vendedor ;39527873;Ventas Mostrador;Efectivo;7701021116635;PAÑAL WINNY ULTRATRIM PANT 4X30;PAÑAL;38518;42600;1.00;40470
51580;martes; 26 de mayo de 2026;7:31 p. m.;Maria Barbosa Neuque;Vendedor ;39527873;Ventas Mostrador;Nequi;1196-3;SUDADERA PAULIS & CO JUNIOR CREMALLERA T4 A T10;ROPA;36500;75000;1.00;72000
51579;martes; 26 de mayo de 2026;6:54 p. m.;Maria Barbosa Neuque;Vendedor ;39527873;Ventas Mostrador;Efectivo;7701021145949;PAÑITOS WINNY ALOE X100;ASEO;9529;12500;1.00;12500
51578;martes; 26 de mayo de 2026;6:51 p. m.;Maria Barbosa Neuque;Vendedor ;39527873;Ventas Mostrador;Nequi;7701021118332;PAÑAL WINNY ULTRATRIM SEC 4X16;PAÑAL;21153;25600;1.00;25600
51577;martes; 26 de mayo de 2026;6:41 p. m.;Maria Barbosa Neuque;Vendedor ;39527873;Ventas Mostrador;Daviplata;2080;BODY BLANCO X3 REF2080;ROPA;18000;30000;1.00;30000
51577;martes; 26 de mayo de 2026;6:41 p. m.;Maria Barbosa Neuque;Vendedor ;39527873;Ventas Mostrador;Daviplata;1980;MEDIAS MICROFIBRA 2-4-6-8-10-12;ROPA;8500;17900;1.00;17900
51577;martes; 26 de mayo de 2026;6:41 p. m.;Maria Barbosa Neuque;Vendedor ;39527873;Ventas Mostrador;Daviplata;624150095637;TETERO ONLY 8 ONZ;ACCESORIOS;10000;17000;1.00;17000
51577;martes; 26 de mayo de 2026;6:41 p. m.;Maria Barbosa Neuque;Vendedor ;39527873;Ventas Mostrador;Daviplata;233-2;CONJUNTO DE FLORES MARTINAS;ROPA;44500;90000;1.00;90000
51576;martes; 26 de mayo de 2026;5:49 p. m.;Maria Barbosa Neuque;Vendedor ;39527873;Ventas Mostrador;Efectivo;7701021111821;PAÑAL WINNY ULTRATRIM 3X30;PAÑAL;31687;35800;2.00;68020
51575;martes; 26 de mayo de 2026;4:57 p. m.;Maria Barbosa Neuque;Vendedor ;39527873;Ventas Mostrador;Efectivo;2259;CORBATA COLORES NIÑO;ACCESORIOS;3000;9500;1.00;9500
51574;martes; 26 de mayo de 2026;4:56 p. m.;Maria Barbosa Neuque;Vendedor ;39527873;Ventas Mostrador;Nequi;7707199348427;PAÑAL VALENTINA 5XXG X30;PAÑAL;35466;42900;2.00;85800
51573;martes; 26 de mayo de 2026;4:45 p. m.;Maria Barbosa Neuque;Vendedor ;39527873;Ventas Mostrador;Efectivo;7702031293248;SHAMPOO JOHNSON X400 MANZANILLA;ASEO;24315;33100;1.00;33100
51572;martes; 26 de mayo de 2026;4:34 p. m.;Maria Barbosa Neuque;Vendedor ;39527873;Ventas Mostrador;Efectivo;2088;BABUCHA BEBE;CALZADO;12000;28000;1.00;28000
51572;martes; 26 de mayo de 2026;4:34 p. m.;Maria Barbosa Neuque;Vendedor ;39527873;Ventas Mostrador;Efectivo;2117-1;MEDIAS RECIEN NACIDO X UNIDAD;ROPA;833;2500;1.00;2500
51572;martes; 26 de mayo de 2026;4:34 p. m.;Maria Barbosa Neuque;Vendedor ;39527873;Ventas Mostrador;Efectivo;7707233050354;TETERO CORCHITO PREMATURO 2 ONZ;ACCESORIOS;3588;9000;1.00;9000
51571;martes; 26 de mayo de 2026;4:27 p. m.;Maria Barbosa Neuque;Vendedor ;39527873;Ventas Mostrador;Efectivo;3072-2;CAMISA LEÑADORA Y CUADROS NIÑO T: 4A T:10;ROPA;32000;45000;1.00;42075
51570;martes; 26 de mayo de 2026;3:51 p. m.;Maria Barbosa Neuque;Vendedor ;39527873;Ventas Mostrador;Efectivo;1980;MEDIAS MICROFIBRA 2-4-6-8-10-12;ROPA;8500;17900;1.00;17900
51569;martes; 26 de mayo de 2026;3:09 p. m.;Maria Barbosa Neuque;Vendedor ;39527873;Ventas Mostrador;Tarjeta crédito;6977252935357;VAJILLA ONLY CAJA REF GJTZ;ACCESORIOS;35000;68000;1.00;68000
51568;martes; 26 de mayo de 2026;2:38 p. m.;Maria Barbosa Neuque;Vendedor ;39527873;Ventas Mostrador;Tarjeta Débito;1268;JEAN MATERNO 08-14;MATERNA;37000;68000;1.00;68000
51567;martes; 26 de mayo de 2026;1:56 p. m.;Maria Barbosa Neuque;Vendedor ;39527873;Ventas Mostrador;Efectivo;1726;ZAPATO NO TUERCE;CALZADO;15000;35000;1.00;35000
51567;martes; 26 de mayo de 2026;1:56 p. m.;Maria Barbosa Neuque;Vendedor ;39527873;Ventas Mostrador;Efectivo;1133-5;MEDIA TOBACO X UNIDAD T 0 A 18 MESES;ROPA;2500;4500;1.00;4500
359;martes; 26 de mayo de 2026;1:56 p. m.;Maria Barbosa Neuque;Vendedor ;39527873;Ventas Mostrador;Efectivo;1992-1;SANDALIA ANATOMICA;CALZADO;20000;40000;-1.00;-40000
51566;martes; 26 de mayo de 2026;1:37 p. m.;Maria Barbosa Neuque;Vendedor ;39527873;Ventas Mostrador;Nequi;1003;PAPEL REGALO PLIEGO Y TARJETA;ACCESORIOS;321;1000;1.00;1000
51566;martes; 26 de mayo de 2026;1:37 p. m.;Maria Barbosa Neuque;Vendedor ;39527873;Ventas Mostrador;Nequi;7701021144829;PAÑAL WINNY ULTRATRIM SENSITIVE 0X30;PAÑAL;19511;23500;1.00;23500
51566;martes; 26 de mayo de 2026;1:37 p. m.;Maria Barbosa Neuque;Vendedor ;39527873;Ventas Mostrador;Nequi;328;BODY FABI 3 -4 UND;ROPA;23000;42000;1.00;42000
51565;lunes; 25 de mayo de 2026;8:09 p. m.;Maria Barbosa Neuque;Vendedor ;39527873;Ventas Mostrador;Efectivo;2025;MEDIA PATIN;ROPA;2500;6500;2.00;13000
51565;lunes; 25 de mayo de 2026;8:09 p. m.;Maria Barbosa Neuque;Vendedor ;39527873;Ventas Mostrador;Efectivo;1379-1;VESTIDOS MEIQUITOS;ROPA;16000;30000;1.00;30000
51564;lunes; 25 de mayo de 2026;8:08 p. m.;Maria Barbosa Neuque;Vendedor ;39527873;Ventas Mostrador;Efectivo;7701021145949;PAÑITOS WINNY ALOE X100;ASEO;9529;12500;1.00;12500
51564;lunes; 25 de mayo de 2026;8:08 p. m.;Maria Barbosa Neuque;Vendedor ;39527873;Ventas Mostrador;Efectivo;1754;MEDIAS CARTER 12-24;ROPA;9000;17000;1.00;17000
51564;lunes; 25 de mayo de 2026;8:08 p. m.;Maria Barbosa Neuque;Vendedor ;39527873;Ventas Mostrador;Efectivo;1980;MEDIAS MICROFIBRA 2-4-6-8-10-12;ROPA;8500;17900;1.00;17900
51564;lunes; 25 de mayo de 2026;8:08 p. m.;Maria Barbosa Neuque;Vendedor ;39527873;Ventas Mostrador;Efectivo;2274;PANTALON MAITOS X5;ROPA;28500;49000;1.00;49000
51563;lunes; 25 de mayo de 2026;7:47 p. m.;Maria Barbosa Neuque;Vendedor ;39527873;Ventas Mostrador;Efectivo;3064;COBERTOR OVEJERO CON ESTAMPADO;LENCERIA;15000;39000;1.00;39000
51562;lunes; 25 de mayo de 2026;7:38 p. m.;Maria Barbosa Neuque;Vendedor ;39527873;Ventas Mostrador;Tarjeta crédito;7701021111845;PAÑAL WINNY ULTRATRIM SEC 3X50;PAÑAL;50170;57900;2.00;106536
51561;lunes; 25 de mayo de 2026;7:29 p. m.;Maria Barbosa Neuque;Vendedor ;39527873;Ventas Mostrador;Efectivo;7707199344832;PAÑAL VALENTINA 4XG X30;PAÑAL;31588;40800;2.00;81600
51560;lunes; 25 de mayo de 2026;7:06 p. m.;Maria Barbosa Neuque;Vendedor ;39527873;Ventas Mostrador;Nequi;6970817284006;PAñITOS VALENTINA 120 UND;ASEO;6944;12800;3.00;28800
51559;lunes; 25 de mayo de 2026;6:49 p. m.;Maria Barbosa Neuque;Vendedor ;39527873;Ventas Mostrador;Efectivo;1918;BOLSA DE REGALO GRANDE JUMBO DECORADA;PAPELERIA;3144;6000;1.00;6000
51559;lunes; 25 de mayo de 2026;6:49 p. m.;Maria Barbosa Neuque;Vendedor ;39527873;Ventas Mostrador;Efectivo;3064;COBERTOR OVEJERO CON ESTAMPADO;LENCERIA;16000;39000;1.00;39000
51558;lunes; 25 de mayo de 2026;6:46 p. m.;Maria Barbosa Neuque;Vendedor ;39527873;Ventas Mostrador;Daviplata;2224;TUTU POR UNIDAD;ROPA;13000;26900;1.00;26900
51557;lunes; 25 de mayo de 2026;6:18 p. m.;Maria Barbosa Neuque;Vendedor ;39527873;Ventas Mostrador;Nequi;7707199346249;PAÑAL VALENTINA 1PX50;PAÑAL;29800;37300;1.00;37300
51556;lunes; 25 de mayo de 2026;6:09 p. m.;Maria Barbosa Neuque;Vendedor ;39527873;Ventas Mostrador;Tarjeta Débito;1992-1;SANDALIA ANATOMICA;CALZADO;20000;40000;1.00;40000
51556;lunes; 25 de mayo de 2026;6:09 p. m.;Maria Barbosa Neuque;Vendedor ;39527873;Ventas Mostrador;Tarjeta Débito;2453-1;MICA ECONOMICA COLORES;ACCESORIOS;0;30000;1.00;30000
51556;lunes; 25 de mayo de 2026;6:09 p. m.;Maria Barbosa Neuque;Vendedor ;39527873;Ventas Mostrador;Tarjeta Débito;7702031244592;TALCO JOHNSON ORIGINAL 200 GRS;ASEO;28679;35900;1.00;35900
51555;lunes; 25 de mayo de 2026;5:37 p. m.;Maria Barbosa Neuque;Vendedor ;39527873;Ventas Mostrador;Efectivo;1189;GUANTE BLANCO;ROPA;3000;6500;1.00;6500
51554;lunes; 25 de mayo de 2026;5:36 p. m.;Maria Barbosa Neuque;Vendedor ;39527873;Ventas Mostrador;Daviplata;1726;ZAPATO NO TUERCE;CALZADO;15000;35000;1.00;31500
51553;lunes; 25 de mayo de 2026;5:35 p. m.;Maria Barbosa Neuque;Vendedor ;39527873;Ventas Mostrador;Tarjeta Débito;4863-2;PAVA BEBE EN PANA -DRILL;ACCESORIOS;13000;28500;1.00;28500
51552;lunes; 25 de mayo de 2026;5:11 p. m.;Maria Barbosa Neuque;Vendedor ;39527873;Ventas Mostrador;Efectivo;7707199344825;PAÑAL VALENTINA 3GX30;PAÑAL;26400;33000;2.00;66000
51551;lunes; 25 de mayo de 2026;4:56 p. m.;Maria Barbosa Neuque;Vendedor ;39527873;Ventas Mostrador;Efectivo;7891010031046;ACEITE JOHNSON BABY ORIGINAL X100ML;ASEO;11700;17400;1.00;17400
51550;lunes; 25 de mayo de 2026;4:43 p. m.;Maria Barbosa Neuque;Vendedor ;39527873;Ventas Mostrador;Nequi;1066;TOALLA BABY FRIENDS;LENCERIA;20000;39000;1.00;37050
51550;lunes; 25 de mayo de 2026;4:43 p. m.;Maria Barbosa Neuque;Vendedor ;39527873;Ventas Mostrador;Nequi;1111;TRIO KIT MATERNO PIJAMA+PANTUFLAS;ROPA;30600;55000;1.00;53900
51550;lunes; 25 de mayo de 2026;4:43 p. m.;Maria Barbosa Neuque;Vendedor ;39527873;Ventas Mostrador;Nequi;3064;COBERTOR OVEJERO CON ESTAMPADO;LENCERIA;16000;39000;1.00;37830
51550;lunes; 25 de mayo de 2026;4:43 p. m.;Maria Barbosa Neuque;Vendedor ;39527873;Ventas Mostrador;Nequi;7702277943150....;ESTUCHE VIAJERO NIÑO NVA PRESENTACION;ASEO;24728;32200;1.00;31234
51550;lunes; 25 de mayo de 2026;4:43 p. m.;Maria Barbosa Neuque;Vendedor ;39527873;Ventas Mostrador;Nequi;166054;TINA ECONOMICA DE COLORES CON BASE;ASEO;27500;45000;1.00;45000
51549;lunes; 25 de mayo de 2026;4:27 p. m.;Maria Barbosa Neuque;Vendedor ;39527873;Ventas Mostrador;Efectivo;2224;TUTU POR UNIDAD;ROPA;13000;26900;1.00;26900
51548;lunes; 25 de mayo de 2026;3:37 p. m.;Maria Barbosa Neuque;Vendedor ;39527873;Ventas Mostrador;Nequi;2152;SUDADERA COSMICO CHAQUETA;ROPA;28000;38000;1.00;38000
51548;lunes; 25 de mayo de 2026;3:37 p. m.;Maria Barbosa Neuque;Vendedor ;39527873;Ventas Mostrador;Nequi;7704272020509;CONJUNTO NISAM CAMISETA TIPO POLO REF 6031;ROPA;25000;50000;1.00;35000
51548;lunes; 25 de mayo de 2026;3:37 p. m.;Maria Barbosa Neuque;Vendedor ;39527873;Ventas Mostrador;Nequi;2152-1;CONJUNTO 3 PIEZAS T:2 A T:8 PAULIS;ROPA;35000;72000;1.00;50400
51547;lunes; 25 de mayo de 2026;3:31 p. m.;Maria Barbosa Neuque;Vendedor ;39527873;Ventas Mostrador;Nequi;1572;PRIMERA MUDA IMPORTADA HONOR BABY;ROPA;40000;75000;1.00;75000
51546;lunes; 25 de mayo de 2026;2:42 p. m.;Maria Barbosa Neuque;Vendedor ;39527873;Ventas Mostrador;Efectivo;1624-1;CHAQUETA TOMMY T:2 A LA 8;ROPA;33000;68000;1.00;64600
51546;lunes; 25 de mayo de 2026;2:42 p. m.;Maria Barbosa Neuque;Vendedor ;39527873;Ventas Mostrador;Efectivo;2152-1;CONJUNTO 3 PIEZAS T:2 A T:8 PAULIS;ROPA;35000;72000;1.00;50400
51545;lunes; 25 de mayo de 2026;2:29 p. m.;Maria Barbosa Neuque;Vendedor ;39527873;Ventas Mostrador;Nequi;1133-2;PAQUETE MEDIA FASHION X 3 TALLA ESTAMPADA;ROPA;7000;18000;1.00;18000
51545;lunes; 25 de mayo de 2026;2:29 p. m.;Maria Barbosa Neuque;Vendedor ;39527873;Ventas Mostrador;Nequi;1041-2;CONJUNTO CHAQUETA DYK NIÑA - NIÑO;ROPA;43000;80000;1.00;80000
51545;lunes; 25 de mayo de 2026;2:29 p. m.;Maria Barbosa Neuque;Vendedor ;39527873;Ventas Mostrador;Nequi;1943-1;BODY SUNNOZY X UNIDAD;ROPA;9600;17000;1.00;17000
51544;lunes; 25 de mayo de 2026;1:58 p. m.;Maria Barbosa Neuque;Vendedor ;39527873;Ventas Mostrador;Efectivo;6970817284006;PAñITOS VALENTINA 120 UND;ASEO;6944;12800;1.00;12800
51543;lunes; 25 de mayo de 2026;1:25 p. m.;Maria Barbosa Neuque;Vendedor ;39527873;Ventas Mostrador;Efectivo;7701021145949;PAÑITOS WINNY ALOE X100;ASEO;9529;12500;1.00;12500
51543;lunes; 25 de mayo de 2026;1:25 p. m.;Maria Barbosa Neuque;Vendedor ;39527873;Ventas Mostrador;Efectivo;2117-1;MEDIAS RECIEN NACIDO X UNIDAD;ROPA;833;2500;3.00;7500
51543;lunes; 25 de mayo de 2026;1:25 p. m.;Maria Barbosa Neuque;Vendedor ;39527873;Ventas Mostrador;Efectivo;1379-1;VESTIDOS MEIQUITOS;ROPA;16000;30000;1.00;30000
51542;lunes; 25 de mayo de 2026;12:58 p. m.;Maria Barbosa Neuque;Vendedor ;39527873;Ventas Mostrador;Tarjeta Débito;1003;PAPEL REGALO PLIEGO Y TARJETA;ACCESORIOS;321;1000;1.00;1000
51542;lunes; 25 de mayo de 2026;12:58 p. m.;Maria Barbosa Neuque;Vendedor ;39527873;Ventas Mostrador;Tarjeta Débito;6977252935357;VAJILLA ONLY CAJA REF GJTZ;ACCESORIOS;40000;68000;1.00;68000
51541;lunes; 25 de mayo de 2026;12:56 p. m.;Maria Barbosa Neuque;Vendedor ;39527873;Ventas Mostrador;Tarjeta crédito;1552;CAMISA CUELLO CORBATA NIÑO MANGA LARGA NIÑO;COLEGIO;20000;30000;1.00;30000
51541;lunes; 25 de mayo de 2026;12:56 p. m.;Maria Barbosa Neuque;Vendedor ;39527873;Ventas Mostrador;Tarjeta crédito;1419-3;MEDIA CACHIMIR AZUL ADULTO T:S- T:M T:L;COLEGIO;13500;19500;1.00;19500
51540;lunes; 25 de mayo de 2026;12:27 p. m.;Maria Barbosa Neuque;Vendedor ;39527873;Ventas Mostrador;Efectivo;1996;ESQUELETO POR UNIDAD CON DISEÑO TALLA 8;ROPA;3666;6500;3.00;19500
51539;lunes; 25 de mayo de 2026;11:46 a. m.;Maria Barbosa Neuque;Vendedor ;39527873;Ventas Mostrador;Efectivo;7701021145949;PAÑITOS WINNY ALOE X100;ASEO;9529;12500;1.00;12500
51538;lunes; 25 de mayo de 2026;10:43 a. m.;Maria Barbosa Neuque;Vendedor ;39527873;Ventas Mostrador;Nequi;1379;CONJUNTO MEIQUITOS BABY;ROPA;16000;30000;1.00;30000
51537;lunes; 25 de mayo de 2026;10:42 a. m.;Maria Barbosa Neuque;Vendedor ;39527873;Ventas Mostrador;Nequi;1121;SONAJERO ANIMALITOS CHILLON;ACCESORIOS;14000;22500;1.00;22500
51537;lunes; 25 de mayo de 2026;10:42 a. m.;Maria Barbosa Neuque;Vendedor ;39527873;Ventas Mostrador;Nequi;1577;SEMANARIO DE BLUSAS UNICOLOR;ROPA;19000;36000;1.00;36000
51537;lunes; 25 de mayo de 2026;10:42 a. m.;Maria Barbosa Neuque;Vendedor ;39527873;Ventas Mostrador;Nequi;263;CONJUNTO 3 PIEZAS OSO;ROPA;30000;72000;1.00;72000
51537;lunes; 25 de mayo de 2026;10:42 a. m.;Maria Barbosa Neuque;Vendedor ;39527873;Ventas Mostrador;Nequi;2117-1;MEDIAS RECIEN NACIDO X UNIDAD;ROPA;833;2500;3.00;7500
51536;domingo; 24 de mayo de 2026;7:11 p. m.;Maria Barbosa Neuque;;39527873;Ventas Mostrador;Efectivo;4863;GORRA Y PAVA PANA DECORADA OSO;ACCESORIOS;11000;26500;1.00;26500
51536;domingo; 24 de mayo de 2026;7:11 p. m.;Maria Barbosa Neuque;;39527873;Ventas Mostrador;Efectivo;1806-1;CAMISETA POLO SEDA FRIA NIÑO;ROPA;20000;40000;1.00;40000
51535;domingo; 24 de mayo de 2026;7:04 p. m.;Maria Barbosa Neuque;;39527873;Ventas Mostrador;Nequi;1720;PASEADOR TIPO SOMBRILLA;COCHES - PASEADOR;130000;185000;1.00;185000
51535;domingo; 24 de mayo de 2026;7:04 p. m.;Maria Barbosa Neuque;;39527873;Ventas Mostrador;Nequi;1782;FORRO PASEADOR CALIBRE 4;ACCESORIOS;9000;14500;1.00;0
51534;domingo; 24 de mayo de 2026;6:19 p. m.;Maria Barbosa Neuque;;39527873;Ventas Mostrador;Efectivo;7707199344825;PAÑAL VALENTINA 3GX30;PAÑAL;25978;33000;2.00;66000
51534;domingo; 24 de mayo de 2026;6:19 p. m.;Maria Barbosa Neuque;;39527873;Ventas Mostrador;Efectivo;1187;CARGADOR ESPUMA GRANDE;ACCESORIOS;24000;45000;1.00;45000
51534;domingo; 24 de mayo de 2026;6:19 p. m.;Maria Barbosa Neuque;;39527873;Ventas Mostrador;Efectivo;1769;MARACA SONAJERO PASTA;ACCESORIOS;2342;3500;2.00;0
51534;domingo; 24 de mayo de 2026;6:19 p. m.;Maria Barbosa Neuque;;39527873;Ventas Mostrador;Efectivo;2088;BABUCHA BEBE;CALZADO;11000;28000;2.00;56000
51534;domingo; 24 de mayo de 2026;6:19 p. m.;Maria Barbosa Neuque;;39527873;Ventas Mostrador;Efectivo;7708379271016;BOLSAS RECOLECTORAS MOBY;ACCESORIOS;13756;32000;1.00;32000
51533;domingo; 24 de mayo de 2026;5:54 p. m.;Maria Barbosa Neuque;;39527873;Ventas Mostrador;Efectivo;1174;BUSO CUELLO REDONDO COLORES;ROPA;9000;16000;1.00;16000
51533;domingo; 24 de mayo de 2026;5:54 p. m.;Maria Barbosa Neuque;;39527873;Ventas Mostrador;Efectivo;2112;BUSO CUELLO TORTUGA T - 2 A 16;COLEGIO;9000;15000;1.00;15000
51533;domingo; 24 de mayo de 2026;5:54 p. m.;Maria Barbosa Neuque;;39527873;Ventas Mostrador;Efectivo;725-1;CONJUNTO GAB KIDS NIÑA /O T:2 A T:6;ROPA;43000;86000;1.00;86000
51532;domingo; 24 de mayo de 2026;5:44 p. m.;Maria Barbosa Neuque;;39527873;Ventas Mostrador;Efectivo;7702277244271;COLONIA ARRURRU 30 ML ROSADA NVA PRESENTACION;ASEO;6600;8300;1.00;8300
51531;domingo; 24 de mayo de 2026;5:43 p. m.;Maria Barbosa Neuque;;39527873;Ventas Mostrador;Efectivo;1807-3;BLUSA OMBLIGUERA MANGA LARGACOLECCIONES WALTER;ROPA;19000;28500;1.00;28500
51530;domingo; 24 de mayo de 2026;5:26 p. m.;Maria Barbosa Neuque;;39527873;Ventas Mostrador;Daviplata;7701021114174;PAÑAL WINNY ULTRATRIM SEC 5X30;PAÑAL;41907;46900;1.00;44555
51529;domingo; 24 de mayo de 2026;5:25 p. m.;Maria Barbosa Neuque;;39527873;Ventas Mostrador;Nequi;1588;BLUSA MATERNA RESORTE;MATERNA;25000;59000;1.00;59000
51528;domingo; 24 de mayo de 2026;5:10 p. m.;Maria Barbosa Neuque;;39527873;Ventas Mostrador;Efectivo;1003;PAPEL REGALO PLIEGO Y TARJETA;ACCESORIOS;321;1000;1.00;1000
51528;domingo; 24 de mayo de 2026;5:10 p. m.;Maria Barbosa Neuque;;39527873;Ventas Mostrador;Efectivo;7701021118295;PAÑAL WINNY ULTRATRIM SEC 1X16;PAÑAL;11819;15000;1.00;15000
51528;domingo; 24 de mayo de 2026;5:10 p. m.;Maria Barbosa Neuque;;39527873;Ventas Mostrador;Efectivo;1379;CONJUNTO MEIQUITOS BABY;ROPA;16000;30000;1.00;30000
51527;domingo; 24 de mayo de 2026;4:58 p. m.;Maria Barbosa Neuque;;39527873;Ventas Mostrador;Efectivo;2025;MEDIA PATIN;ROPA;2500;6500;1.00;6500
51527;domingo; 24 de mayo de 2026;4:58 p. m.;Maria Barbosa Neuque;;39527873;Ventas Mostrador;Efectivo;2132;BOLSA DE REGALO PEQUEÑA DECORADA;PAPELERIA;1750;3200;1.00;3200
51526;domingo; 24 de mayo de 2026;4:54 p. m.;Maria Barbosa Neuque;;39527873;Ventas Mostrador;Efectivo;29-4C;SONAJERO PALO CHILLON;ACCESORIOS;10000;20000;1.00;20000
51525;domingo; 24 de mayo de 2026;4:50 p. m.;Maria Barbosa Neuque;;39527873;Ventas Mostrador;Efectivo;7701021144829;PAÑAL WINNY ULTRATRIM SENSITIVE 0X30;PAÑAL;19511;23500;1.00;23500
51525;domingo; 24 de mayo de 2026;4:50 p. m.;Maria Barbosa Neuque;;39527873;Ventas Mostrador;Efectivo;1917;BOLSA DE REGALO MEDIANA DECORADA NIÑOS;PAPELERIA;2416;4300;1.00;4300
51524;domingo; 24 de mayo de 2026;4:49 p. m.;Maria Barbosa Neuque;;39527873;Ventas Mostrador;Nequi;2132;BOLSA DE REGALO PEQUEÑA DECORADA;PAPELERIA;1750;3200;1.00;3200
51524;domingo; 24 de mayo de 2026;4:49 p. m.;Maria Barbosa Neuque;;39527873;Ventas Mostrador;Nequi;1303-3;BALACA TELA DELGADA;ACCESORIOS;3000;7500;1.00;7500
51524;domingo; 24 de mayo de 2026;4:49 p. m.;Maria Barbosa Neuque;;39527873;Ventas Mostrador;Nequi;1133-6;MEDIA TOBACO X 3 T 0 A 18 MESES;ROPA;7500;13000;1.00;13000
51523;domingo; 24 de mayo de 2026;4:49 p. m.;Maria Barbosa Neuque;;39527873;Ventas Mostrador;Efectivo;TT22-89;TETERO PREMATURO BABY LUCK;ACCESORIOS;5000;8000;1.00;8000
51522;domingo; 24 de mayo de 2026;4:35 p. m.;Maria Barbosa Neuque;;39527873;Ventas Mostrador;Efectivo;7701021118318;PAñAL WINNY ULTRATRIM SEC 3X16;PAÑAL;17222;22300;1.00;22300
51521;domingo; 24 de mayo de 2026;4:16 p. m.;Maria Barbosa Neuque;;39527873;Ventas Mostrador;Nequi;8020-8;LLAMADIENTES DE AGUA BOOGY;ACCESORIOS;5500;12000;1.00;12000
51520;domingo; 24 de mayo de 2026;4:04 p. m.;Maria Barbosa Neuque;;39527873;Ventas Mostrador;Nequi;1135;BATA LABORATORIO NIÑO;COLEGIO;14000;28000;1.00;28000
51519;domingo; 24 de mayo de 2026;3:43 p. m.;Maria Barbosa Neuque;;39527873;Ventas Mostrador;Efectivo;1135;BATA LABORATORIO NIÑO;COLEGIO;14000;25000;1.00;23000
51518;domingo; 24 de mayo de 2026;3:33 p. m.;Maria Barbosa Neuque;;39527873;Ventas Mostrador;Efectivo;7702277581130;PAÑITOS ARRURRU ALOE X120;ASEO;11500;14300;1.00;14300
51517;domingo; 24 de mayo de 2026;3:16 p. m.;Maria Barbosa Neuque;;39527873;Ventas Mostrador;Efectivo;1630;LEGIS MATERNO ALGODON L-XL;MATERNA;19333;45000;3.00;128250
51517;domingo; 24 de mayo de 2026;3:16 p. m.;Maria Barbosa Neuque;;39527873;Ventas Mostrador;Efectivo;1265;BLUSA MATERNA SURTIDA;MATERNA;19000;38000;2.00;72200
51516;domingo; 24 de mayo de 2026;2:53 p. m.;Maria Barbosa Neuque;;39527873;Ventas Mostrador;Nequi;1304;BALACA DIADEMA DECORADA PASTA;ACCESORIOS;3308;7500;1.00;0
51516;domingo; 24 de mayo de 2026;2:53 p. m.;Maria Barbosa Neuque;;39527873;Ventas Mostrador;Nequi;1133-2;PAQUETE MEDIA FASHION X 3 TALLA ESTAMPADA;ROPA;7000;18000;2.00;34920
51516;domingo; 24 de mayo de 2026;2:53 p. m.;Maria Barbosa Neuque;;39527873;Ventas Mostrador;Nequi;1015-1;ZAPATO PILIN - PATILIN T: 18 A 22;ZAPATO;38000;67000;2.00;129980
51516;domingo; 24 de mayo de 2026;2:53 p. m.;Maria Barbosa Neuque;;39527873;Ventas Mostrador;Nequi;1363-2;GABAN ELEGANTE CON BOINA;ROPA;35000;82000;2.00;154160
51515;domingo; 24 de mayo de 2026;2:40 p. m.;Maria Barbosa Neuque;;39527873;Ventas Mostrador;Efectivo;1806-3;CAMISETA SEDA FRIA CUELLO REDONDO;ROPA;15000;30000;1.00;30000
51514;domingo; 24 de mayo de 2026;2:30 p. m.;Maria Barbosa Neuque;;39527873;Ventas Mostrador;Efectivo;1196-2;SUDADERA PAULIS DOBLE PANTALONEST2 A T10;ROPA;32620;66000;1.00;64020
51514;domingo; 24 de mayo de 2026;2:30 p. m.;Maria Barbosa Neuque;;39527873;Ventas Mostrador;Efectivo;1138-2;SUDADERA SAFARY PAULIS & CO;ROPA;32650;64000;1.00;62720
51514;domingo; 24 de mayo de 2026;2:30 p. m.;Maria Barbosa Neuque;;39527873;Ventas Mostrador;Efectivo;2157;CONJUNTO DE JEANS CON BUSO CERRADO;ROPA;35500;70000;1.00;67900
51513;domingo; 24 de mayo de 2026;2:28 p. m.;Maria Barbosa Neuque;;39527873;Ventas Mostrador;Efectivo;1917;BOLSA DE REGALO MEDIANA DECORADA NIÑOS;PAPELERIA;2416;4300;1.00;4300
51513;domingo; 24 de mayo de 2026;2:28 p. m.;Maria Barbosa Neuque;;39527873;Ventas Mostrador;Efectivo;2225-2;CONJUNTO PANA TERMICO NIÑA STIMPY;ROPA;36000;75000;1.00;75000
51512;domingo; 24 de mayo de 2026;2:00 p. m.;Maria Barbosa Neuque;;39527873;Ventas Mostrador;Efectivo;1329;JEAN - PANTALON DRILL BEBE T:2 A T:;ROPA;24833;55000;1.00;55000
51511;domingo; 24 de mayo de 2026;1:35 p. m.;Maria Barbosa Neuque;;39527873;Ventas Mostrador;Daviplata;1918;BOLSA DE REGALO GRANDE JUMBO DECORADA;PAPELERIA;3144;6000;1.00;6000
51511;domingo; 24 de mayo de 2026;1:35 p. m.;Maria Barbosa Neuque;;39527873;Ventas Mostrador;Daviplata;10657;SONAJERO MUSICAL OSO ELEFANTE GRANDE;ACCESORIOS;20000;39000;1.00;39000
51511;domingo; 24 de mayo de 2026;1:35 p. m.;Maria Barbosa Neuque;;39527873;Ventas Mostrador;Daviplata;3016-2;CONJUNTO MYP CHALECO PELUDO;ROPA;45000;90000;1.00;90000
51510;domingo; 24 de mayo de 2026;1:07 p. m.;Maria Barbosa Neuque;;39527873;Ventas Mostrador;Efectivo;1110;CUCO PANTY ARANDELA;ROPA;5000;7500;1.00;7500
51509;domingo; 24 de mayo de 2026;12:44 p. m.;Maria Barbosa Neuque;;39527873;Ventas Mostrador;Efectivo;1776;PRIMERA MUDA ALMOHADAS;ROPA;26000;48000;1.00;48000
51509;domingo; 24 de mayo de 2026;12:44 p. m.;Maria Barbosa Neuque;;39527873;Ventas Mostrador;Efectivo;7702277943150....;ESTUCHE VIAJERO NIÑO NVA PRESENTACION;ASEO;24728;32200;1.00;32200
51508;domingo; 24 de mayo de 2026;12:10 p. m.;Maria Barbosa Neuque;;39527873;Ventas Mostrador;Efectivo;7701021116499;PAÑAL WINNY ULTRATRIM SEC 1X30;PAÑAL;22400;25500;1.00;25500
51507;domingo; 24 de mayo de 2026;12:07 p. m.;Maria Barbosa Neuque;;39527873;Ventas Mostrador;Efectivo;1379-1;VESTIDOS MEIQUITOS;ROPA;16000;30000;1.00;30000
358;domingo; 24 de mayo de 2026;12:01 p. m.;Maria Barbosa Neuque;;39527873;Ventas Mostrador;Nequi;1726;ZAPATO NO TUERCE;CALZADO;15000;35000;-1.00;-35000
51506;domingo; 24 de mayo de 2026;12:00 p. m.;Maria Barbosa Neuque;;39527873;Ventas Mostrador;Tarjeta Débito;7701021115140;PAÑAL WINNY ULTRATRIM SEC 2X16;PAÑAL;14700;16000;1.00;16000
51505;domingo; 24 de mayo de 2026;11:50 a. m.;Maria Barbosa Neuque;;39527873;Ventas Mostrador;Efectivo;7702277244271;COLONIA ARRURRU 30 ML ROSADA NVA PRESENTACION;ASEO;6600;8300;1.00;8300
51504;domingo; 24 de mayo de 2026;11:49 a. m.;Maria Barbosa Neuque;;39527873;Ventas Mostrador;Efectivo;1419-1;MEDIA CACHIMIR BLANCA NIÑO T:2 - T:12;COLEGIO;9500;16900;1.00;16900
51503;domingo; 24 de mayo de 2026;11:18 a. m.;Maria Barbosa Neuque;;39527873;Ventas Mostrador;Efectivo;2132;BOLSA DE REGALO PEQUEÑA DECORADA;PAPELERIA;1750;3200;1.00;3200
51503;domingo; 24 de mayo de 2026;11:18 a. m.;Maria Barbosa Neuque;;39527873;Ventas Mostrador;Efectivo;2152-1;CONJUNTO 3 PIEZAS T:2 A T:8 PAULIS;ROPA;35000;72000;1.00;50400
51502;domingo; 24 de mayo de 2026;10:54 a. m.;Maria Barbosa Neuque;;39527873;Ventas Mostrador;Nequi;4863;GORRA Y PAVA PANA DECORADA OSO;ACCESORIOS;11000;26500;1.00;25970
51501;domingo; 24 de mayo de 2026;10:51 a. m.;Maria Barbosa Neuque;;39527873;Ventas Mostrador;Nequi;1196-2;SUDADERA PAULIS DOBLE PANTALONEST2 A T10;ROPA;32620;66000;1.00;66000
51501;domingo; 24 de mayo de 2026;10:51 a. m.;Maria Barbosa Neuque;;39527873;Ventas Mostrador;Nequi;1133-5;MEDIA TOBACO X UNIDAD T 0 A 18 MESES;ROPA;2500;4500;4.00;18000
51500;sábado; 23 de mayo de 2026;6:56 p. m.;Maria Barbosa Neuque;;39527873;Ventas Mostrador;Nequi;7701021111821;PAÑAL WINNY ULTRATRIM 3X30;PAÑAL;31687;35800;1.00;34010
51499;sábado; 23 de mayo de 2026;6:31 p. m.;Maria Barbosa Neuque;;39527873;Ventas Mostrador;Nequi;7702026147631;PAÑITOS PEQUEÑIN ALMENDRA X 100 UND;ASEO;8333;10900;2.00;21800
51498;sábado; 23 de mayo de 2026;6:27 p. m.;Maria Barbosa Neuque;;39527873;Ventas Mostrador;Nequi;1980;MEDIAS MICROFIBRA 2-4-6-8-10-12;ROPA;8500;17900;1.00;17900
51497;sábado; 23 de mayo de 2026;6:10 p. m.;Maria Barbosa Neuque;;39527873;Ventas Mostrador;Nequi;7702026147631;PAÑITOS PEQUEÑIN ALMENDRA X 100 UND;ASEO;8333;10900;1.00;10900
51496;sábado; 23 de mayo de 2026;5:22 p. m.;Maria Barbosa Neuque;;39527873;Ventas Mostrador;Nequi;1003;PAPEL REGALO PLIEGO Y TARJETA;ACCESORIOS;321;1000;1.00;1000
51496;sábado; 23 de mayo de 2026;5:22 p. m.;Maria Barbosa Neuque;;39527873;Ventas Mostrador;Nequi;7701021111821;PAÑAL WINNY ULTRATRIM 3X30;PAÑAL;31687;35800;1.00;34010
51495;sábado; 23 de mayo de 2026;5:19 p. m.;Maria Barbosa Neuque;;39527873;Ventas Mostrador;Daviplata;PTQ1167;CHUPO REPUESTO ONLY KTT-030;ACCESORIOS;2500;6500;1.00;6500
51494;sábado; 23 de mayo de 2026;4:49 p. m.;Maria Barbosa Neuque;;39527873;Ventas Mostrador;Tarjeta crédito;1174;BUSO CUELLO REDONDO COLORES;ROPA;9000;16000;1.00;16000
51494;sábado; 23 de mayo de 2026;4:49 p. m.;Maria Barbosa Neuque;;39527873;Ventas Mostrador;Tarjeta crédito;7701021118318;PAñAL WINNY ULTRATRIM SEC 3X16;PAÑAL;17222;22300;1.00;22300
51494;sábado; 23 de mayo de 2026;4:49 p. m.;Maria Barbosa Neuque;;39527873;Ventas Mostrador;Tarjeta crédito;1718;ZAPATO TELA BEBE;CALZADO;10000;22000;1.00;22000
51494;sábado; 23 de mayo de 2026;4:49 p. m.;Maria Barbosa Neuque;;39527873;Ventas Mostrador;Tarjeta crédito;7702277892861;ESTUCHE ARRURRU ABUELITA NIÑA NVA PRESENTACION;ASEO;61700;77500;1.00;77500
51493;sábado; 23 de mayo de 2026;4:45 p. m.;Maria Barbosa Neuque;;39527873;Ventas Mostrador;Daviplata;7750243081689;SHAMPOO BABY SOFT 750 ML TRANSPARENTE;ASEO;21900;31500;1.00;31500
51492;sábado; 23 de mayo de 2026;4:02 p. m.;Maria Barbosa Neuque;;39527873;Ventas Mostrador;Efectivo;1003;PAPEL REGALO PLIEGO Y TARJETA;ACCESORIOS;321;1000;2.00;2000
51492;sábado; 23 de mayo de 2026;4:02 p. m.;Maria Barbosa Neuque;;39527873;Ventas Mostrador;Efectivo;7701021116581;PAÑAL WINNY ULTRATRIM SEC 2X50;PAÑAL;42430;49900;1.00;45908
51492;sábado; 23 de mayo de 2026;4:02 p. m.;Maria Barbosa Neuque;;39527873;Ventas Mostrador;Efectivo;2088;BABUCHA BEBE;CALZADO;10000;28000;1.00;28000
51492;sábado; 23 de mayo de 2026;4:02 p. m.;Maria Barbosa Neuque;;39527873;Ventas Mostrador;Efectivo;263;CONJUNTO 3 PIEZAS OSO;ROPA;30000;72000;1.00;72000
51491;sábado; 23 de mayo de 2026;3:56 p. m.;Maria Barbosa Neuque;;39527873;Ventas Mostrador;Nequi;7707199344825;PAÑAL VALENTINA 3GX30;PAÑAL;25555;33000;1.00;33000
51490;sábado; 23 de mayo de 2026;3:54 p. m.;Maria Barbosa Neuque;;39527873;Ventas Mostrador;Efectivo;7701021116666;PAÑAL WINNY ULTRATRIM PANT 5X30;PAÑAL;41907;46900;1.00;44555
51489;sábado; 23 de mayo de 2026;3:48 p. m.;Maria Barbosa Neuque;;39527873;Ventas Mostrador;Nequi;2224;TUTU POR UNIDAD;ROPA;13000;26900;1.00;26900
51488;sábado; 23 de mayo de 2026;3:11 p. m.;Maria Barbosa Neuque;;39527873;Ventas Mostrador;Nequi;1003;PAPEL REGALO PLIEGO Y TARJETA;ACCESORIOS;321;1000;2.00;2000
51488;sábado; 23 de mayo de 2026;3:11 p. m.;Maria Barbosa Neuque;;39527873;Ventas Mostrador;Nequi;7701021118332;PAÑAL WINNY ULTRATRIM SEC 4X16;PAÑAL;21153;25600;1.00;25600
51488;sábado; 23 de mayo de 2026;3:11 p. m.;Maria Barbosa Neuque;;39527873;Ventas Mostrador;Nequi;2201;COBIJA DOBLE ALMOHADA;LENCERIA;36000;65000;1.00;65000
51487;sábado; 23 de mayo de 2026;2:32 p. m.;Maria Barbosa Neuque;;39527873;Ventas Mostrador;Efectivo;1379;CONJUNTO MEIQUITOS BABY;ROPA;15000;30000;1.00;30000
51487;sábado; 23 de mayo de 2026;2:32 p. m.;Maria Barbosa Neuque;;39527873;Ventas Mostrador;Efectivo;2152-1;CONJUNTO 3 PIEZAS T:2 A T:8 PAULIS;ROPA;35000;72000;1.00;50400
51486;sábado; 23 de mayo de 2026;2:25 p. m.;Maria Barbosa Neuque;;39527873;Ventas Mostrador;Nequi;2120-2;SACO DE HILO NIÑA - NIÑO;ROPA;29143;52000;1.00;52000
51485;sábado; 23 de mayo de 2026;1:56 p. m.;Maria Barbosa Neuque;;39527873;Ventas Mostrador;Efectivo;7702277733447;COLONIA ARRURRU 60 ML AZUL;ASEO;12500;15700;1.00;15700
51484;sábado; 23 de mayo de 2026;1:48 p. m.;Maria Barbosa Neuque;;39527873;Ventas Mostrador;Efectivo;2393;BUSO BOCATTO;ROPA;21000;36000;1.00;36000
51483;sábado; 23 de mayo de 2026;1:05 p. m.;Maria Barbosa Neuque;;39527873;Ventas Mostrador;Nequi;2093;SALIDA DE BAÑO T4 A T10;ASEO;20000;36000;1.00;36000
51482;sábado; 23 de mayo de 2026;1:03 p. m.;Maria Barbosa Neuque;;39527873;Ventas Mostrador;Efectivo;4863-2;PAVA BEBE EN PANA -DRILL;ACCESORIOS;13000;28500;1.00;28500
51481;sábado; 23 de mayo de 2026;1:02 p. m.;Maria Barbosa Neuque;;39527873;Ventas Mostrador;Efectivo;2002;SEMANARIO 21 PIEZAS;ROPA;34000;53000;1.00;53000
51480;sábado; 23 de mayo de 2026;1:02 p. m.;Maria Barbosa Neuque;;39527873;Ventas Mostrador;Tarjeta Débito;71534232090;PATIN DE LANA CARTER;ROPA;14500;29000;1.00;29000
51479;sábado; 23 de mayo de 2026;12:22 p. m.;Maria Barbosa Neuque;;39527873;Ventas Mostrador;Nequi;1917;BOLSA DE REGALO MEDIANA DECORADA NIÑOS;PAPELERIA;2416;4300;1.00;4300
51479;sábado; 23 de mayo de 2026;12:22 p. m.;Maria Barbosa Neuque;;39527873;Ventas Mostrador;Nequi;1363;GABAN NIÑA T: 2 - T: 4;ROPA;35000;70000;1.00;70000
51478;sábado; 23 de mayo de 2026;12:04 p. m.;Maria Barbosa Neuque;;39527873;Ventas Mostrador;Efectivo;1003;PAPEL REGALO PLIEGO Y TARJETA;ACCESORIOS;321;1000;2.00;2000
51478;sábado; 23 de mayo de 2026;12:04 p. m.;Maria Barbosa Neuque;;39527873;Ventas Mostrador;Efectivo;7701021116512;PAÑAL WINNY ULTRATRIM SEC 1X50;PAÑAL;36237;41500;1.00;41500
51478;sábado; 23 de mayo de 2026;12:04 p. m.;Maria Barbosa Neuque;;39527873;Ventas Mostrador;Efectivo;7701021145949;PAÑITOS WINNY ALOE X100;ASEO;9529;12500;1.00;12500
51478;sábado; 23 de mayo de 2026;12:04 p. m.;Maria Barbosa Neuque;;39527873;Ventas Mostrador;Efectivo;0031-1;PIJAMA PIEL DURAZNO BOTON 2 PIEZAS;ROPA;15000;36000;1.00;36000
51477;sábado; 23 de mayo de 2026;11:23 a. m.;Maria Barbosa Neuque;;39527873;Ventas Mostrador;Nequi;1980;MEDIAS MICROFIBRA 2-4-6-8-10-12;ROPA;8500;17900;1.00;17900
51476;sábado; 23 de mayo de 2026;11:12 a. m.;Maria Barbosa Neuque;;39527873;Ventas Mostrador;Nequi;7701021111845;PAÑAL WINNY ULTRATRIM SEC 3X50;PAÑAL;50170;57900;1.00;53268
51475;sábado; 23 de mayo de 2026;10:35 a. m.;Maria Barbosa Neuque;;39527873;Ventas Mostrador;Efectivo;0031-2;PIJAMA 2 PIEZAS BUSO CERRADO;ROPA;22000;40000;1.00;40000
51474;sábado; 23 de mayo de 2026;10:29 a. m.;Maria Barbosa Neuque;;39527873;Ventas Mostrador;Nequi;7701021116581;PAÑAL WINNY ULTRATRIM SEC 2X50;PAÑAL;42430;49900;1.00;45908
51474;sábado; 23 de mayo de 2026;10:29 a. m.;Maria Barbosa Neuque;;39527873;Ventas Mostrador;Nequi;7701021111845;PAÑAL WINNY ULTRATRIM SEC 3X50;PAÑAL;50170;57900;1.00;53268
51474;sábado; 23 de mayo de 2026;10:29 a. m.;Maria Barbosa Neuque;;39527873;Ventas Mostrador;Nequi;7701021145949;PAÑITOS WINNY ALOE X100;ASEO;9529;12500;2.00;25000
51474;sábado; 23 de mayo de 2026;10:29 a. m.;Maria Barbosa Neuque;;39527873;Ventas Mostrador;Nequi;1943-1;BODY SUNNOZY X UNIDAD;ROPA;9600;17000;1.00;17000
51473;sábado; 23 de mayo de 2026;10:03 a. m.;Maria Barbosa Neuque;;39527873;Ventas Mostrador;Nequi;1917;BOLSA DE REGALO MEDIANA DECORADA NIÑOS;PAPELERIA;2416;4300;1.00;4300
51473;sábado; 23 de mayo de 2026;10:03 a. m.;Maria Barbosa Neuque;;39527873;Ventas Mostrador;Nequi;1943-1;BODY SUNNOZY X UNIDAD;ROPA;9821;17000;3.00;51000
51473;sábado; 23 de mayo de 2026;10:03 a. m.;Maria Barbosa Neuque;;39527873;Ventas Mostrador;Nequi;PTQ-123;KIT TERMOMETEO Y LIMA ELECTRICA;ACCESORIOS;30000;49000;1.00;49000
51471;viernes; 22 de mayo de 2026;7:53 p. m.;Maria Barbosa Neuque;Vendedor ;39527873;Ventas Mostrador;Nequi;7701021114174;PAÑAL WINNY ULTRATRIM SEC 5X30;PAÑAL;41907;46900;1.00;42210
51470;viernes; 22 de mayo de 2026;6:26 p. m.;Maria Barbosa Neuque;Vendedor ;39527873;Ventas Mostrador;Efectivo;4863-2;PAVA BEBE EN PANA -DRILL;ACCESORIOS;13000;28500;1.00;25080
51469;viernes; 22 de mayo de 2026;6:25 p. m.;Maria Barbosa Neuque;Vendedor ;39527873;Ventas Mostrador;Nequi;1003;PAPEL REGALO PLIEGO Y TARJETA;ACCESORIOS;321;1000;1.00;1000
51469;viernes; 22 de mayo de 2026;6:25 p. m.;Maria Barbosa Neuque;Vendedor ;39527873;Ventas Mostrador;Nequi;7701021116512;PAÑAL WINNY ULTRATRIM SEC 1X50;PAÑAL;36237;41500;1.00;39425
51469;viernes; 22 de mayo de 2026;6:25 p. m.;Maria Barbosa Neuque;Vendedor ;39527873;Ventas Mostrador;Nequi;1379;CONJUNTO MEIQUITOS BABY;ROPA;15000;30000;1.00;30000
51468;viernes; 22 de mayo de 2026;5:10 p. m.;Maria Barbosa Neuque;Vendedor ;39527873;Ventas Mostrador;Nequi;1980;MEDIAS MICROFIBRA 2-4-6-8-10-12;ROPA;8500;17900;1.00;17900
51467;viernes; 22 de mayo de 2026;3:48 p. m.;Maria Barbosa Neuque;Vendedor ;39527873;Ventas Mostrador;Efectivo;1003;PAPEL REGALO PLIEGO Y TARJETA;ACCESORIOS;321;1000;1.00;1000
51467;viernes; 22 de mayo de 2026;3:48 p. m.;Maria Barbosa Neuque;Vendedor ;39527873;Ventas Mostrador;Efectivo;4863-2;PAVA BEBE EN PANA -DRILL;ACCESORIOS;13000;28500;1.00;28500
51467;viernes; 22 de mayo de 2026;3:48 p. m.;Maria Barbosa Neuque;Vendedor ;39527873;Ventas Mostrador;Efectivo;3211-1;CONJUNTO MYP SCO EN HILO;ROPA;53000;90000;1.00;90000
51466;viernes; 22 de mayo de 2026;3:37 p. m.;Maria Barbosa Neuque;Vendedor ;39527873;Ventas Mostrador;Daviplata;7701021144829;PAÑAL WINNY ULTRATRIM SENSITIVE 0X30;PAÑAL;19511;23500;1.00;23500
51465;viernes; 22 de mayo de 2026;3:23 p. m.;Maria Barbosa Neuque;Vendedor ;39527873;Ventas Mostrador;Nequi;1980;MEDIAS MICROFIBRA 2-4-6-8-10-12;ROPA;8500;17900;2.00;35800
51465;viernes; 22 de mayo de 2026;3:23 p. m.;Maria Barbosa Neuque;Vendedor ;39527873;Ventas Mostrador;Nequi;2224;TUTU POR UNIDAD;ROPA;13000;26900;2.00;53800
51464;viernes; 22 de mayo de 2026;2:47 p. m.;Maria Barbosa Neuque;Vendedor ;39527873;Ventas Mostrador;Efectivo;1303-2;BALACA DE TELA NVO DISEÑO;ACCESORIOS;3000;7000;1.00;7000
51463;viernes; 22 de mayo de 2026;1:59 p. m.;Maria Barbosa Neuque;Vendedor ;39527873;Ventas Mostrador;Efectivo;1904;FAJEROS;ROPA;1666;4000;2.00;8000
51463;viernes; 22 de mayo de 2026;1:59 p. m.;Maria Barbosa Neuque;Vendedor ;39527873;Ventas Mostrador;Efectivo;2140-1;RUANA DOBLE FAX;LLUVIA;14500;36000;1.00;34200
51463;viernes; 22 de mayo de 2026;1:59 p. m.;Maria Barbosa Neuque;Vendedor ;39527873;Ventas Mostrador;Efectivo;1193;OVEROL MAITOS CONEJO;ROPA;20000;40000;1.00;38000
51462;viernes; 22 de mayo de 2026;11:54 a. m.;Maria Barbosa Neuque;Vendedor ;39527873;Ventas Mostrador;Efectivo;2132;BOLSA DE REGALO PEQUEÑA DECORADA;PAPELERIA;1750;3200;1.00;3200
51462;viernes; 22 de mayo de 2026;11:54 a. m.;Maria Barbosa Neuque;Vendedor ;39527873;Ventas Mostrador;Efectivo;2152-1;CONJUNTO 3 PIEZAS T:2 A T:8 PAULIS;ROPA;35000;72000;1.00;50400
51462;viernes; 22 de mayo de 2026;11:54 a. m.;Maria Barbosa Neuque;Vendedor ;39527873;Ventas Mostrador;Efectivo;1133-6;MEDIA TOBACO X 3 T 0 A 18 MESES;ROPA;7500;13000;1.00;13000
51461;viernes; 22 de mayo de 2026;11:36 a. m.;Maria Barbosa Neuque;Vendedor ;39527873;Ventas Mostrador;Efectivo;1015-1;ZAPATO PILIN - PATILIN T: 18 A 22;ZAPATO;38000;67000;1.00;67000
51460;viernes; 22 de mayo de 2026;11:32 a. m.;Maria Barbosa Neuque;Vendedor ;39527873;Ventas Mostrador;Nequi;1768;MEDIAS ESPAÑOLA MOÑO ANAVID;ROPA;8500;13500;1.00;13500
51459;viernes; 22 de mayo de 2026;11:11 a. m.;Maria Barbosa Neuque;Vendedor ;39527873;Ventas Mostrador;Efectivo;1135;BATA LABORATORIO NIÑO;COLEGIO;14000;25000;1.00;25000
51458;viernes; 22 de mayo de 2026;10:55 a. m.;Maria Barbosa Neuque;Vendedor ;39527873;Ventas Mostrador;Efectivo;7701021114006;PAÑAL WINNY ULTRATRIM SEC 4X30;PAÑAL;38177;42600;1.00;40470
51457;jueves; 21 de mayo de 2026;8:09 p. m.;cajero 1;Vendedor ;39527873;Ventas Mostrador;Efectivo;2117-1;MEDIAS RECIEN NACIDO X UNIDAD;ROPA;833;2500;12.00;30000
51456;jueves; 21 de mayo de 2026;7:58 p. m.;cajero 1;Vendedor ;39527873;Ventas Mostrador;Efectivo;7701021116666;PAÑAL WINNY ULTRATRIM PANT 5X30;PAÑAL;41907;46900;1.00;44555
51455;jueves; 21 de mayo de 2026;7:26 p. m.;cajero 1;Vendedor ;39527873;Ventas Mostrador;Nequi;6970817284006;PAñITOS VALENTINA 120 UND;ASEO;6944;12800;1.00;12800
51454;jueves; 21 de mayo de 2026;6:56 p. m.;cajero 1;Vendedor ;39527873;Ventas Mostrador;Efectivo;1003;PAPEL REGALO PLIEGO Y TARJETA;ACCESORIOS;321;1000;1.00;1000
51454;jueves; 21 de mayo de 2026;6:56 p. m.;cajero 1;Vendedor ;39527873;Ventas Mostrador;Efectivo;7701021116499;PAÑAL WINNY ULTRATRIM SEC 1X30;PAÑAL;21743;25500;1.00;25500
51454;jueves; 21 de mayo de 2026;6:56 p. m.;cajero 1;Vendedor ;39527873;Ventas Mostrador;Efectivo;7702277375838;ESTUCHE ARRURRU VIAJERO ROSADO NVA PRESENTACION;ASEO;23800;32200;1.00;32200
51453;jueves; 21 de mayo de 2026;6:35 p. m.;cajero 1;Vendedor ;39527873;Ventas Mostrador;Nequi;1782;FORRO PASEADOR CALIBRE 4;ACCESORIOS;9000;14500;1.00;14500
51452;jueves; 21 de mayo de 2026;6:33 p. m.;cajero 1;Vendedor ;39527873;Ventas Mostrador;Efectivo;2028;CAMINADOR PINPONG;CAMINADORES;65000;95000;1.00;90250
51451;jueves; 21 de mayo de 2026;5:14 p. m.;cajero 1;Vendedor ;39527873;Ventas Mostrador;Efectivo;7701021118318;PAñAL WINNY ULTRATRIM SEC 3X16;PAÑAL;17222;22300;1.00;22300
51451;jueves; 21 de mayo de 2026;5:14 p. m.;cajero 1;Vendedor ;39527873;Ventas Mostrador;Efectivo;1015-1;ZAPATO PILIN - PATILIN T: 18 A 22;ZAPATO;38000;67000;1.00;67000
51451;jueves; 21 de mayo de 2026;5:14 p. m.;cajero 1;Vendedor ;39527873;Ventas Mostrador;Efectivo;1943-1;BODY SUNNOZY X UNIDAD;ROPA;9821;17000;2.00;34000
51450;jueves; 21 de mayo de 2026;4:32 p. m.;cajero 1;Vendedor ;39527873;Ventas Mostrador;Efectivo;1133-5;MEDIA TOBACO X UNIDAD T 0 A 18 MESES;ROPA;2500;4500;2.00;9000
51450;jueves; 21 de mayo de 2026;4:32 p. m.;cajero 1;Vendedor ;39527873;Ventas Mostrador;Efectivo;1196-3;SUDADERA PAULIS & CO JUNIOR CREMALLERA T4 A T10;ROPA;36500;75000;1.00;73050
51449;jueves; 21 de mayo de 2026;4:25 p. m.;cajero 1;Vendedor ;39527873;Ventas Mostrador;Efectivo;8410737003199;TALCO VALENTINA X200 GMS;ASEO;6600;12000;1.00;12000
51449;jueves; 21 de mayo de 2026;4:25 p. m.;cajero 1;Vendedor ;39527873;Ventas Mostrador;Efectivo;7701021116123;PAÑAL WINNY ULTRATRIM SEC 3X100;PAÑAL;98232;117000;1.00;105300
51448;jueves; 21 de mayo de 2026;4:24 p. m.;cajero 1;Vendedor ;39527873;Ventas Mostrador;Nequi;1419-2;MEDIA CACHIMIR AZUL NIÑA T:2 - T:12;COLEGIO;8015;16900;1.00;16900
51447;jueves; 21 de mayo de 2026;3:53 p. m.;cajero 1;Vendedor ;39527873;Ventas Mostrador;Nequi;2120-3;SACO HILO SURTIDO;ROPA;25000;52000;1.00;50700
51446;jueves; 21 de mayo de 2026;3:28 p. m.;cajero 1;Vendedor ;39527873;Ventas Mostrador;Efectivo;1111;TRIO KIT MATERNO PIJAMA+PANTUFLAS;ROPA;30600;55000;1.00;55000
51446;jueves; 21 de mayo de 2026;3:28 p. m.;cajero 1;Vendedor ;39527873;Ventas Mostrador;Efectivo;2002;SEMANARIO 21 PIEZAS;ROPA;34000;53000;1.00;53000
51445;jueves; 21 de mayo de 2026;12:59 p. m.;cajero 1;Vendedor ;39527873;Ventas Mostrador;Efectivo;1003;PAPEL REGALO PLIEGO Y TARJETA;ACCESORIOS;321;1000;2.00;2000
51444;jueves; 21 de mayo de 2026;12:43 p. m.;cajero 1;Vendedor ;39527873;Ventas Mostrador;Efectivo;7701021116123;PAÑAL WINNY ULTRATRIM SEC 3X100;PAÑAL;98232;117000;1.00;105300
51444;jueves; 21 de mayo de 2026;12:43 p. m.;cajero 1;Vendedor ;39527873;Ventas Mostrador;Efectivo;0031-1;PIJAMA PIEL DURAZNO BOTON 2 PIEZAS;ROPA;15000;36000;2.00;68400
51443;jueves; 21 de mayo de 2026;11:52 a. m.;cajero 1;Vendedor ;39527873;Ventas Mostrador;Efectivo;7701021144829;PAÑAL WINNY ULTRATRIM SENSITIVE 0X30;PAÑAL;19511;23500;1.00;23500
51443;jueves; 21 de mayo de 2026;11:52 a. m.;cajero 1;Vendedor ;39527873;Ventas Mostrador;Efectivo;1917;BOLSA DE REGALO MEDIANA DECORADA NIÑOS;PAPELERIA;2416;4300;1.00;4300
51442;jueves; 21 de mayo de 2026;10:09 a. m.;cajero 1;Vendedor ;39527873;Ventas Mostrador;Efectivo;1552-1;CAMISA CORBATA NIÑO MANGA CORTA;COLEGIO;19000;27000;1.00;27000
51441;miércoles; 20 de mayo de 2026;7:11 p. m.;cajero 1;Vendedor ;39527873;Ventas Mostrador;Nequi;1135;BATA LABORATORIO NIÑO;COLEGIO;14000;25000;1.00;25000
51440;miércoles; 20 de mayo de 2026;6:54 p. m.;cajero 1;Vendedor ;39527873;Ventas Mostrador;Efectivo;1920;TARJETA DE REGALO;ACCESORIOS;30;500;3.00;1500
51439;miércoles; 20 de mayo de 2026;6:25 p. m.;cajero 1;Vendedor ;39527873;Ventas Mostrador;Efectivo;7701021116512;PAÑAL WINNY ULTRATRIM SEC 1X50;PAÑAL;36237;41500;1.00;38180
51438;miércoles; 20 de mayo de 2026;5:29 p. m.;cajero 1;Vendedor ;39527873;Ventas Mostrador;Efectivo;2002;SEMANARIO 21 PIEZAS;ROPA;34000;53000;1.00;53000
51437;miércoles; 20 de mayo de 2026;3:06 p. m.;cajero 1;Vendedor ;39527873;Ventas Mostrador;Efectivo;1189;GUANTE BLANCO;ROPA;3000;6500;1.00;6500
51436;miércoles; 20 de mayo de 2026;3:01 p. m.;cajero 1;Vendedor ;39527873;Ventas Mostrador;Nequi;1791;FORRO MEDIANO CALIBRE 4;ACCESORIOS;11000;17500;1.00;17500
51435;miércoles; 20 de mayo de 2026;2:44 p. m.;cajero 1;Vendedor ;39527873;Ventas Mostrador;Efectivo;7701021117908;PAÑAL WINNY PANTS 5X50;PAÑAL;67754;78000;1.00;71760
51434;miércoles; 20 de mayo de 2026;12:57 p. m.;cajero 1;Vendedor ;39527873;Ventas Mostrador;Efectivo;1980;MEDIAS MICROFIBRA 2-4-6-8-10-12;ROPA;8500;17900;1.00;17900
51433;miércoles; 20 de mayo de 2026;12:48 p. m.;cajero 1;Vendedor ;39527873;Ventas Mostrador;Efectivo;2157;CONJUNTO DE JEANS CON BUSO CERRADO;ROPA;35500;70000;1.00;70000
51432;miércoles; 20 de mayo de 2026;11:49 a. m.;cajero 1;Vendedor ;39527873;Ventas Mostrador;Efectivo;2093;SALIDA DE BAÑO T4 A T10;ASEO;20000;36000;1.00;36000
51431;miércoles; 20 de mayo de 2026;11:43 a. m.;cajero 1;Vendedor ;39527873;Ventas Mostrador;Efectivo;1980;MEDIAS MICROFIBRA 2-4-6-8-10-12;ROPA;8500;17900;1.00;17900
51430;martes; 19 de mayo de 2026;7:39 p. m.;cajero 1;Vendedor ;39527873;Ventas Mostrador;Efectivo;7702031318484;CREMA JOHNSON LIQUIDA AVENA X800ML;ASEO;35000;52900;1.00;52900
51430;martes; 19 de mayo de 2026;7:39 p. m.;cajero 1;Vendedor ;39527873;Ventas Mostrador;Efectivo;0031-1;PIJAMA PIEL DURAZNO BOTON 2 PIEZAS;ROPA;15000;36000;1.00;36000
51429;martes; 19 de mayo de 2026;7:37 p. m.;cajero 1;Vendedor ;39527873;Ventas Mostrador;Tarjeta Débito;1003;PAPEL REGALO PLIEGO Y TARJETA;ACCESORIOS;321;1000;1.00;1000
51429;martes; 19 de mayo de 2026;7:37 p. m.;cajero 1;Vendedor ;39527873;Ventas Mostrador;Tarjeta Débito;2025;MEDIA PATIN;ROPA;2500;6500;1.00;6500
51429;martes; 19 de mayo de 2026;7:37 p. m.;cajero 1;Vendedor ;39527873;Ventas Mostrador;Tarjeta Débito;2152-1;CONJUNTO 3 PIEZAS T:2 A T:8 PAULIS;ROPA;35000;72000;1.00;50400
51428;martes; 19 de mayo de 2026;7:31 p. m.;cajero 1;Vendedor ;39527873;Ventas Mostrador;Efectivo;1003;PAPEL REGALO PLIEGO Y TARJETA;ACCESORIOS;321;1000;4.00;4000
51428;martes; 19 de mayo de 2026;7:31 p. m.;cajero 1;Vendedor ;39527873;Ventas Mostrador;Efectivo;1187;CARGADOR ESPUMA GRANDE;ACCESORIOS;24000;45000;1.00;45000
51428;martes; 19 de mayo de 2026;7:31 p. m.;cajero 1;Vendedor ;39527873;Ventas Mostrador;Efectivo;7701021118295;PAÑAL WINNY ULTRATRIM SEC 1X16;PAÑAL;11819;15000;1.00;15000
51428;martes; 19 de mayo de 2026;7:31 p. m.;cajero 1;Vendedor ;39527873;Ventas Mostrador;Efectivo;2117-1;MEDIAS RECIEN NACIDO X UNIDAD;ROPA;833;2500;2.00;5000
51428;martes; 19 de mayo de 2026;7:31 p. m.;cajero 1;Vendedor ;39527873;Ventas Mostrador;Efectivo;2026-3;GORRO LANA BABY KIDS;ROPA;10000;20000;1.00;20000
51428;martes; 19 de mayo de 2026;7:31 p. m.;cajero 1;Vendedor ;39527873;Ventas Mostrador;Efectivo;2120-3;SACO HILO SURTIDO;ROPA;20000;52000;1.00;52000
51427;martes; 19 de mayo de 2026;7:18 p. m.;cajero 1;Vendedor ;39527873;Ventas Mostrador;Nequi;1196-2;SUDADERA PAULIS DOBLE PANTALONEST2 A T10;ROPA;32500;66000;1.00;66000
51426;martes; 19 de mayo de 2026;6:34 p. m.;cajero 1;Vendedor ;39527873;Ventas Mostrador;Efectivo;2056;RUANA FINA ABIERTA NIÑA;LENCERIA;24000;48000;1.00;48000
51426;martes; 19 de mayo de 2026;6:34 p. m.;cajero 1;Vendedor ;39527873;Ventas Mostrador;Efectivo;1917;BOLSA DE REGALO MEDIANA DECORADA NIÑOS;PAPELERIA;2416;4300;1.00;4300
51425;martes; 19 de mayo de 2026;6:33 p. m.;cajero 1;Vendedor ;39527873;Ventas Mostrador;Tarjeta Débito;2132;BOLSA DE REGALO PEQUEÑA DECORADA;PAPELERIA;1750;3200;1.00;3200
51425;martes; 19 de mayo de 2026;6:33 p. m.;cajero 1;Vendedor ;39527873;Ventas Mostrador;Tarjeta Débito;2117-1;MEDIAS RECIEN NACIDO X UNIDAD;ROPA;833;2500;1.00;2500
51425;martes; 19 de mayo de 2026;6:33 p. m.;cajero 1;Vendedor ;39527873;Ventas Mostrador;Tarjeta Débito;7702277244271;COLONIA ARRURRU 30 ML ROSADA NVA PRESENTACION;ASEO;6600;8300;1.00;8300
51425;martes; 19 de mayo de 2026;6:33 p. m.;cajero 1;Vendedor ;39527873;Ventas Mostrador;Tarjeta Débito;1379-1;VESTIDOS MEIQUITOS;ROPA;16000;30000;1.00;30000
51424;martes; 19 de mayo de 2026;6:20 p. m.;cajero 1;Vendedor ;39527873;Ventas Mostrador;Efectivo;1111;TRIO KIT MATERNO PIJAMA+PANTUFLAS;ROPA;30600;55000;1.00;52085
51424;martes; 19 de mayo de 2026;6:20 p. m.;cajero 1;Vendedor ;39527873;Ventas Mostrador;Efectivo;2117-1;MEDIAS RECIEN NACIDO X UNIDAD;ROPA;833;2500;4.00;10000
51423;martes; 19 de mayo de 2026;6:05 p. m.;cajero 1;Vendedor ;39527873;Ventas Mostrador;Nequi;1918;BOLSA DE REGALO GRANDE JUMBO DECORADA;PAPELERIA;3144;6000;1.00;6000
51423;martes; 19 de mayo de 2026;6:05 p. m.;cajero 1;Vendedor ;39527873;Ventas Mostrador;Nequi;1168;CHAQUETA ESTAMPADA NIÑOS PERSONAJES;ROPA;33000;72000;1.00;70560
51423;martes; 19 de mayo de 2026;6:05 p. m.;cajero 1;Vendedor ;39527873;Ventas Mostrador;Nequi;1015-1;ZAPATO PILIN - PATILIN T: 18 A 22;ZAPATO;38000;67000;1.00;67000
51423;martes; 19 de mayo de 2026;6:05 p. m.;cajero 1;Vendedor ;39527873;Ventas Mostrador;Nequi;0031-2;PIJAMA 2 PIEZAS BUSO CERRADO;ROPA;22000;40000;1.00;39200
51423;martes; 19 de mayo de 2026;6:05 p. m.;cajero 1;Vendedor ;39527873;Ventas Mostrador;Nequi;2120-3;SACO HILO SURTIDO;ROPA;20000;52000;1.00;50440
51422;martes; 19 de mayo de 2026;5:56 p. m.;cajero 1;Vendedor ;39527873;Ventas Mostrador;Efectivo;1552-1;CAMISA CORBATA NIÑO MANGA CORTA;COLEGIO;19000;27000;1.00;27000
51421;martes; 19 de mayo de 2026;5:51 p. m.;cajero 1;Vendedor ;39527873;Ventas Mostrador;Efectivo;7702277827818;SHAMPOO ARRURRU MANZANILLA 750 ML NVA PRESENTACION;ASEO;30200;42500;1.00;42500
51420;martes; 19 de mayo de 2026;5:16 p. m.;cajero 1;Vendedor ;39527873;Ventas Mostrador;Efectivo;1010;PAÑALERA DE LADO ECONOMICA;PAÑALERA;39000;75000;1.00;75000
51419;martes; 19 de mayo de 2026;5:14 p. m.;cajero 1;Vendedor ;39527873;Ventas Mostrador;Nequi;1363;GABAN NIÑA T: 2 - T: 4;ROPA;35000;70000;1.00;70000
51418;martes; 19 de mayo de 2026;5:02 p. m.;cajero 1;Vendedor ;39527873;Ventas Mostrador;Efectivo;7701021145949;PAÑITOS WINNY ALOE X100;ASEO;9529;12500;1.00;12500
51418;martes; 19 de mayo de 2026;5:02 p. m.;cajero 1;Vendedor ;39527873;Ventas Mostrador;Efectivo;2080-1;BODY BLANCO X UNIDAD;ROPA;4750;10000;1.00;10000
51417;martes; 19 de mayo de 2026;4:43 p. m.;cajero 1;Vendedor ;39527873;Ventas Mostrador;Tarjeta Débito;1015-1;ZAPATO PILIN - PATILIN T: 18 A 22;ZAPATO;38000;67000;1.00;67000
51416;martes; 19 de mayo de 2026;4:36 p. m.;cajero 1;Vendedor ;39527873;Ventas Mostrador;Nequi;7701021116604;PAÑAL WINNY ULTRATRIM SEC 2X100;PAÑAL;86900;100000;1.00;90000
51415;martes; 19 de mayo de 2026;4:26 p. m.;cajero 1;Vendedor ;39527873;Ventas Mostrador;Nequi;2227;PAÑAL ADULTO TALLA M X UNIDAD;PAÑAL;1726;3700;1.00;3700
51414;martes; 19 de mayo de 2026;3:34 p. m.;cajero 1;Vendedor ;39527873;Ventas Mostrador;Efectivo;2282;VESTIDO MAJA 1119;ROPA;33000;85000;1.00;85000
51413;martes; 19 de mayo de 2026;2:32 p. m.;cajero 1;Vendedor ;39527873;Ventas Mostrador;Efectivo;1419-5;MEDIA CACHIMIR VARIOS COLORES NIÑA;ROPA;12000;16900;1.00;16900
51412;martes; 19 de mayo de 2026;2:04 p. m.;cajero 1;Vendedor ;39527873;Ventas Mostrador;Tarjeta Débito;1003;PAPEL REGALO PLIEGO Y TARJETA;ACCESORIOS;321;1000;2.00;2000
51412;martes; 19 de mayo de 2026;2:04 p. m.;cajero 1;Vendedor ;39527873;Ventas Mostrador;Tarjeta Débito;15001;COBIJA TAMIRON BEBE;LENCERIA;42000;69000;1.00;69000
51412;martes; 19 de mayo de 2026;2:04 p. m.;cajero 1;Vendedor ;39527873;Ventas Mostrador;Tarjeta Débito;2152-1;CONJUNTO 3 PIEZAS T:2 A T:8 PAULIS;ROPA;35000;72000;1.00;72000
51411;martes; 19 de mayo de 2026;1:39 p. m.;cajero 1;Vendedor ;39527873;Ventas Mostrador;Efectivo;2036;SOBRE LLUVIA SOBRES;ACCESORIOS;500;2000;1.00;2000
51410;martes; 19 de mayo de 2026;10:44 a. m.;cajero 1;Vendedor ;39527873;Ventas Mostrador;Efectivo;1980;MEDIAS MICROFIBRA 2-4-6-8-10-12;ROPA;8500;17900;2.00;35800
51409;lunes; 18 de mayo de 2026;6:24 p. m.;cajero 1;Vendedor ;39527873;Ventas Mostrador;Efectivo;7891010035617;CREMA LIQUIDA ORIGINAL JOHNSON X100ML;ASEO;9700;13200;1.00;9900
51408;lunes; 18 de mayo de 2026;5:53 p. m.;cajero 1;Vendedor ;32049408;josmariangelis velasque;Credito;2224;TUTU POR UNIDAD;ROPA;13000;26900;1.00;26900
51407;lunes; 18 de mayo de 2026;5:48 p. m.;cajero 1;Vendedor ;32049408;Ventas Mostrador;Efectivo;1189;GUANTE BLANCO;ROPA;3000;6500;1.00;6500
51406;lunes; 18 de mayo de 2026;5:42 p. m.;cajero 1;Vendedor ;32049408;Ventas Mostrador;Efectivo;1552;CAMISA CUELLO CORBATA NIÑO MANGA LARGA NIÑO;COLEGIO;19000;30000;1.00;30000
51405;lunes; 18 de mayo de 2026;5:31 p. m.;cajero 1;Vendedor ;32049408;Ventas Mostrador;Tarjeta crédito;1383-1;CONJUNTO IMPORTADO FASHION NIÑA / O;ROPA;50000;110000;1.00;110000
51404;lunes; 18 de mayo de 2026;4:47 p. m.;cajero 1;Vendedor ;32049408;Ventas Mostrador;Efectivo;2201;COBIJA DOBLE ALMOHADA;LENCERIA;36000;65000;1.00;65000
51404;lunes; 18 de mayo de 2026;4:47 p. m.;cajero 1;Vendedor ;32049408;Ventas Mostrador;Efectivo;1196-2;SUDADERA PAULIS DOBLE PANTALONEST2 A T10;ROPA;32500;66000;1.00;66000
51403;lunes; 18 de mayo de 2026;4:16 p. m.;cajero 1;Vendedor ;32049408;Ventas Mostrador;Efectivo;1726;ZAPATO NO TUERCE;CALZADO;15000;35000;1.00;35000
51402;lunes; 18 de mayo de 2026;3:52 p. m.;cajero 1;Vendedor ;32049408;Ventas Mostrador;Tarjeta Débito;7701021117786;PAÑAL WINNY PANTS 4X50;PAÑAL;61716;71300;1.00;65596
51401;lunes; 18 de mayo de 2026;3:35 p. m.;cajero 1;Vendedor ;32049408;Ventas Mostrador;Efectivo;1931-1;GORRO HILO NIÑA MORADO - CURUBA;ACCESORIOS;5000;11500;1.00;11500
51400;lunes; 18 de mayo de 2026;2:52 p. m.;cajero 1;Vendedor ;32049408;Ventas Mostrador;Nequi;7701021111975;PAÑAL WINNY 0X50;PAÑAL;32517;34500;1.00;34500
51399;lunes; 18 de mayo de 2026;2:49 p. m.;cajero 1;Vendedor ;32049408;Ventas Mostrador;Efectivo;7707199344825;PAÑAL VALENTINA 3GX30;PAÑAL;25555;33000;1.00;33000
51398;lunes; 18 de mayo de 2026;1:35 p. m.;cajero 1;Vendedor ;32049408;Ventas Mostrador;Efectivo;1162;PRIMERA MUDA DE BOLSA MAJU BABY;ROPA;22000;38000;1.00;38000
51397;lunes; 18 de mayo de 2026;1:22 p. m.;cajero 1;Vendedor ;32049408;Ventas Mostrador;Efectivo;2224;TUTU POR UNIDAD;ROPA;13000;26900;1.00;26900
51396;lunes; 18 de mayo de 2026;1:17 p. m.;cajero 1;Vendedor ;32049408;Ventas Mostrador;Efectivo;7702789070009;COLONIA VALENTINA X400 NIÑA NIÑO;ASEO;24000;34300;1.00;34300
51395;lunes; 18 de mayo de 2026;12:07 p. m.;cajero 1;Vendedor ;32049408;Ventas Mostrador;Efectivo;7707233050088;TETERO CORCHITO SIN MANIJA 8OZ;ACCESORIOS;4378;13000;1.00;13000
51394;lunes; 18 de mayo de 2026;11:46 a. m.;cajero 1;Vendedor ;32049408;Ventas Mostrador;Efectivo;2046;PRIMERA MUDA COFRE CANASTA;ROPA;40000;64000;1.00;64000
51394;lunes; 18 de mayo de 2026;11:46 a. m.;cajero 1;Vendedor ;32049408;Ventas Mostrador;Efectivo;15002;COBIJA REPLICA TAMIRON;LENCERIA;30000;59000;1.00;59000
51393;lunes; 18 de mayo de 2026;11:45 a. m.;cajero 1;Vendedor ;32049408;Ventas Mostrador;Nequi;7701021119087;PAÑAL WINNY ULTRATRIM SEC 4X100;PAÑAL;122164;144000;1.00;129600
51392;lunes; 18 de mayo de 2026;11:11 a. m.;cajero 1;Vendedor ;32049408;Ventas Mostrador;Efectivo;7701021116123;PAÑAL WINNY ULTRATRIM SEC 3X100;PAÑAL;101600;117000;1.00;104949
51391;lunes; 18 de mayo de 2026;10:06 a. m.;cajero 1;Vendedor ;32049408;Ventas Mostrador;Efectivo;138055651561;COPITOS VALENTINA X300 UN;ASEO;3416;6900;1.00;6900
51390;lunes; 18 de mayo de 2026;10:04 a. m.;cajero 1;Vendedor ;32049408;Ventas Mostrador;Efectivo;2093;SALIDA DE BAÑO T4 A T10;ASEO;20000;36000;1.00;36000
51389;domingo; 17 de mayo de 2026;7:48 p. m.;cajero 1;;32049408;Ventas Mostrador;Nequi;1363;GABAN NIÑA T: 2 - T: 4;ROPA;35000;70000;1.00;70000
51388;domingo; 17 de mayo de 2026;7:39 p. m.;cajero 1;;32049408;Ventas Mostrador;Nequi;7701021116031;PAÑAL WINNY SEC 5X50;PAÑAL;67753;78000;1.00;71760
51387;domingo; 17 de mayo de 2026;7:31 p. m.;cajero 1;;32049408;Ventas Mostrador;Efectivo;3016-1;CONJUNTO CHAQUETA TERMICA 3 PIEZAS MYP;ROPA;45000;98000;1.00;98000
51386;domingo; 17 de mayo de 2026;7:28 p. m.;cajero 1;;32049408;Ventas Mostrador;Nequi;1751-2;CONJUNTO CHIKIS CHALECO CORBATIN;ROPA;42000;72000;1.00;72000
51385;domingo; 17 de mayo de 2026;6:24 p. m.;cajero 1;;32049408;Ventas Mostrador;Tarjeta crédito;1003;PAPEL REGALO PLIEGO Y TARJETA;ACCESORIOS;321;1000;3.00;3000
51385;domingo; 17 de mayo de 2026;6:24 p. m.;cajero 1;;32049408;Ventas Mostrador;Tarjeta crédito;7701021144829;PAÑAL WINNY ULTRATRIM SENSITIVE 0X30;PAÑAL;19511;23500;1.00;23500
51385;domingo; 17 de mayo de 2026;6:24 p. m.;cajero 1;;32049408;Ventas Mostrador;Tarjeta crédito;7701021118295;PAÑAL WINNY ULTRATRIM SEC 1X16;PAÑAL;11819;15000;1.00;15000
51385;domingo; 17 de mayo de 2026;6:24 p. m.;cajero 1;;32049408;Ventas Mostrador;Tarjeta crédito;7702277395256;PAÑITOS ARRURRU AVENA X100;ASEO;8333;14500;1.00;14500
51384;domingo; 17 de mayo de 2026;6:10 p. m.;cajero 1;;32049408;Ventas Mostrador;Tarjeta crédito;2025;MEDIA PATIN;ROPA;2500;6500;1.00;6500
51383;domingo; 17 de mayo de 2026;5:49 p. m.;cajero 1;;32049408;Ventas Mostrador;Efectivo;2046;PRIMERA MUDA COFRE CANASTA;ROPA;40000;64000;1.00;64000
51382;domingo; 17 de mayo de 2026;5:44 p. m.;cajero 1;;32049408;Ventas Mostrador;Nequi;2066;CAMBIADOR + TOALLA CREACIONES RUSSI;ACCESORIOS;13000;25000;1.00;25000
51381;domingo; 17 de mayo de 2026;5:21 p. m.;cajero 1;;32049408;Ventas Mostrador;Nequi;7701021144829;PAÑAL WINNY ULTRATRIM SENSITIVE 0X30;PAÑAL;19511;23500;1.00;23500
51381;domingo; 17 de mayo de 2026;5:21 p. m.;cajero 1;;32049408;Ventas Mostrador;Nequi;1917;BOLSA DE REGALO MEDIANA DECORADA NIÑOS;PAPELERIA;2416;4300;1.00;4300
51380;domingo; 17 de mayo de 2026;5:20 p. m.;cajero 1;;32049408;Ventas Mostrador;Tarjeta Débito;7701021119087;PAÑAL WINNY ULTRATRIM SEC 4X100;PAÑAL;122164;144000;1.00;129600
51379;domingo; 17 de mayo de 2026;5:19 p. m.;cajero 1;;32049408;Ventas Mostrador;Nequi;7701021111821;PAÑAL WINNY ULTRATRIM 3X30;PAÑAL;31687;35800;1.00;34010
51379;domingo; 17 de mayo de 2026;5:19 p. m.;cajero 1;;32049408;Ventas Mostrador;Nequi;1918;BOLSA DE REGALO GRANDE JUMBO DECORADA;PAPELERIA;3144;6000;1.00;6000
51378;domingo; 17 de mayo de 2026;5:15 p. m.;cajero 1;;32049408;Ventas Mostrador;Efectivo;7701021119087;PAÑAL WINNY ULTRATRIM SEC 4X100;PAÑAL;122164;144000;1.00;129600
51377;domingo; 17 de mayo de 2026;4:56 p. m.;cajero 1;;32049408;Ventas Mostrador;Tarjeta crédito;1003;PAPEL REGALO PLIEGO Y TARJETA;ACCESORIOS;321;1000;1.00;1000
51377;domingo; 17 de mayo de 2026;4:56 p. m.;cajero 1;;32049408;Ventas Mostrador;Tarjeta crédito;7701021118318;PAñAL WINNY ULTRATRIM SEC 3X16;PAÑAL;17222;22300;1.00;22300
51377;domingo; 17 de mayo de 2026;4:56 p. m.;cajero 1;;32049408;Ventas Mostrador;Tarjeta crédito;7702277244271;COLONIA ARRURRU 30 ML ROSADA NVA PRESENTACION;ASEO;6600;8300;1.00;8300
51377;domingo; 17 de mayo de 2026;4:56 p. m.;cajero 1;;32049408;Ventas Mostrador;Tarjeta crédito;1943-1;BODY SUNNOZY X UNIDAD;ROPA;9821;17000;2.00;34000
51376;domingo; 17 de mayo de 2026;4:50 p. m.;cajero 1;;32049408;Ventas Mostrador;Efectivo;2002;SEMANARIO 21 PIEZAS;ROPA;34000;53000;1.00;53000
51376;domingo; 17 de mayo de 2026;4:50 p. m.;cajero 1;;32049408;Ventas Mostrador;Efectivo;7701021118295;PAÑAL WINNY ULTRATRIM SEC 1X16;PAÑAL;11819;15000;1.00;15000
51376;domingo; 17 de mayo de 2026;4:50 p. m.;cajero 1;;32049408;Ventas Mostrador;Efectivo;2147;CORTAUÑAS DE ANIMALITO;ASEO;1500;3600;1.00;3600
51376;domingo; 17 de mayo de 2026;4:50 p. m.;cajero 1;;32049408;Ventas Mostrador;Efectivo;2117-1;MEDIAS RECIEN NACIDO X UNIDAD;ROPA;847;2500;3.00;7500
51376;domingo; 17 de mayo de 2026;4:50 p. m.;cajero 1;;32049408;Ventas Mostrador;Efectivo;7702026147631;PAÑITOS PEQUEÑIN ALMENDRA X 100 UND;ASEO;8333;10900;1.00;10900
51376;domingo; 17 de mayo de 2026;4:50 p. m.;cajero 1;;32049408;Ventas Mostrador;Efectivo;2046-1;PRIMERA MUDA FINA CAJA MAITOS;ROPA;33000;66000;1.00;66000
51376;domingo; 17 de mayo de 2026;4:50 p. m.;cajero 1;;32049408;Ventas Mostrador;Efectivo;1608-1;SLEEPING NIÑO/NIÑA TERMICO;ACCESORIOS;20000;38000;1.00;38000
51375;domingo; 17 de mayo de 2026;4:48 p. m.;cajero 1;;32049408;Ventas Mostrador;Tarjeta Débito;1003;PAPEL REGALO PLIEGO Y TARJETA;ACCESORIOS;321;1000;2.00;2000
51375;domingo; 17 de mayo de 2026;4:48 p. m.;cajero 1;;32049408;Ventas Mostrador;Tarjeta Débito;2084;COBIJA VICTORIA;LENCERIA;38000;65000;1.00;65000
51374;domingo; 17 de mayo de 2026;4:43 p. m.;cajero 1;;32049408;Ventas Mostrador;Nequi;7701021116123;PAÑAL WINNY ULTRATRIM SEC 3X100;PAÑAL;101600;117000;1.00;105300
51374;domingo; 17 de mayo de 2026;4:43 p. m.;cajero 1;;32049408;Ventas Mostrador;Nequi;7701021118332;PAÑAL WINNY ULTRATRIM SEC 4X16;PAÑAL;21153;25600;1.00;25600
51373;domingo; 17 de mayo de 2026;4:39 p. m.;cajero 1;;32049408;Ventas Mostrador;Efectivo;1918;BOLSA DE REGALO GRANDE JUMBO DECORADA;PAPELERIA;3144;6000;1.00;6000
51373;domingo; 17 de mayo de 2026;4:39 p. m.;cajero 1;;32049408;Ventas Mostrador;Efectivo;1168-3;CHAQUETA IMPORTADA T: 4 A LA 12;ROPA;65000;120000;1.00;120000
51372;domingo; 17 de mayo de 2026;4:27 p. m.;cajero 1;;32049408;Ventas Mostrador;Efectivo;1003;PAPEL REGALO PLIEGO Y TARJETA;ACCESORIOS;321;1000;1.00;1000
51372;domingo; 17 de mayo de 2026;4:27 p. m.;cajero 1;;32049408;Ventas Mostrador;Efectivo;2002;SEMANARIO 21 PIEZAS;ROPA;34000;53000;1.00;53000
51372;domingo; 17 de mayo de 2026;4:27 p. m.;cajero 1;;32049408;Ventas Mostrador;Efectivo;7702277943150....;ESTUCHE VIAJERO NIÑO NVA PRESENTACION;ASEO;24728;32200;1.00;32200
51371;domingo; 17 de mayo de 2026;4:21 p. m.;cajero 1;;32049408;Ventas Mostrador;Tarjeta crédito;7701021118318;PAñAL WINNY ULTRATRIM SEC 3X16;PAÑAL;17222;22300;1.00;22300
51371;domingo; 17 de mayo de 2026;4:21 p. m.;cajero 1;;32049408;Ventas Mostrador;Tarjeta crédito;1918;BOLSA DE REGALO GRANDE JUMBO DECORADA;PAPELERIA;3144;6000;1.00;6000
51371;domingo; 17 de mayo de 2026;4:21 p. m.;cajero 1;;32049408;Ventas Mostrador;Tarjeta crédito;888510777434;CONJUNTO CARTER 3 PIEZAS NIÑA/ O PANT+CHAQUETA+BODY;ROPA;41200;75000;1.00;75000
51371;domingo; 17 de mayo de 2026;4:21 p. m.;cajero 1;;32049408;Ventas Mostrador;Tarjeta crédito;375838CABDFILAUFAF;ESTUCHE VIAJERO NIÑA ARRURRU NVA PRESENTACION;ASEO;24728;32200;1.00;32200
51370;domingo; 17 de mayo de 2026;4:15 p. m.;cajero 1;;32049408;Ventas Mostrador;Efectivo;7701021116635;PAÑAL WINNY ULTRATRIM PANT 4X30;PAÑAL;38518;42600;1.00;40470
51369;domingo; 17 de mayo de 2026;4:06 p. m.;cajero 1;;32049408;Ventas Mostrador;Efectivo;6974022232043;SONAJERO MUSICAL UNICORNIO - POLLITO;ACCESORIOS;13445;28000;1.00;28000
51368;domingo; 17 de mayo de 2026;4:05 p. m.;cajero 1;;32049408;Ventas Mostrador;Nequi;7701021118318;PAñAL WINNY ULTRATRIM SEC 3X16;PAÑAL;17222;22300;1.00;22300
51368;domingo; 17 de mayo de 2026;4:05 p. m.;cajero 1;;32049408;Ventas Mostrador;Nequi;7701021118295;PAÑAL WINNY ULTRATRIM SEC 1X16;PAÑAL;11819;15000;1.00;15000
51368;domingo; 17 de mayo de 2026;4:05 p. m.;cajero 1;;32049408;Ventas Mostrador;Nequi;6970817283337;PAÑITOS VALENTINA X 100;ASEO;6000;11600;3.00;34800
51368;domingo; 17 de mayo de 2026;4:05 p. m.;cajero 1;;32049408;Ventas Mostrador;Nequi;7701021115140;PAÑAL WINNY ULTRATRIM SEC 2X16;PAÑAL;14119;16000;1.00;16000
51367;domingo; 17 de mayo de 2026;4:02 p. m.;cajero 1;;32049408;Ventas Mostrador;Nequi;7701021115140;PAÑAL WINNY ULTRATRIM SEC 2X16;PAÑAL;14119;16000;3.00;48000
51366;domingo; 17 de mayo de 2026;3:54 p. m.;cajero 1;;32049408;Ventas Mostrador;Nequi;3211-8;CONJUNTO DYK CHAQUETA CUERO NIÑO;ROPA;44000;99000;1.00;99000
51365;domingo; 17 de mayo de 2026;3:32 p. m.;cajero 1;;32049408;Ventas Mostrador;Efectivo;1003;PAPEL REGALO PLIEGO Y TARJETA;ACCESORIOS;321;1000;1.00;1000
51365;domingo; 17 de mayo de 2026;3:32 p. m.;cajero 1;;32049408;Ventas Mostrador;Efectivo;7701021115140;PAÑAL WINNY ULTRATRIM SEC 2X16;PAÑAL;14119;16000;1.00;16000
51364;domingo; 17 de mayo de 2026;3:27 p. m.;cajero 1;;32049408;Ventas Mostrador;Efectivo;2132;BOLSA DE REGALO PEQUEÑA DECORADA;PAPELERIA;1750;3200;1.00;3200
51364;domingo; 17 de mayo de 2026;3:27 p. m.;cajero 1;;32049408;Ventas Mostrador;Efectivo;7707233050095;BIBERON CORCHITO 5 ONZ;ACCESORIOS;4156;9500;1.00;9500
51363;domingo; 17 de mayo de 2026;3:26 p. m.;cajero 1;;32049408;Ventas Mostrador;Efectivo;1920;TARJETA DE REGALO;ACCESORIOS;30;500;1.00;500
51362;domingo; 17 de mayo de 2026;3:13 p. m.;cajero 1;;32049408;Ventas Mostrador;Nequi;7701021145949;PAÑITOS WINNY ALOE X100;ASEO;9529;12500;1.00;12500
51362;domingo; 17 de mayo de 2026;3:13 p. m.;cajero 1;;32049408;Ventas Mostrador;Nequi;1918;BOLSA DE REGALO GRANDE JUMBO DECORADA;PAPELERIA;3144;6000;1.00;6000
51362;domingo; 17 de mayo de 2026;3:13 p. m.;cajero 1;;32049408;Ventas Mostrador;Nequi;7701021115140;PAÑAL WINNY ULTRATRIM SEC 2X16;PAÑAL;14119;16000;1.00;16000
51362;domingo; 17 de mayo de 2026;3:13 p. m.;cajero 1;;32049408;Ventas Mostrador;Nequi;280;CONJUNTO CHIKIS BODY + VESTIDO;ROPA;33000;62000;1.00;62000
51361;domingo; 17 de mayo de 2026;3:01 p. m.;cajero 1;;32049408;Ventas Mostrador;Nequi;7701021116581;PAÑAL WINNY ULTRATRIM SEC 2X50;PAÑAL;42430;49900;1.00;45908
51361;domingo; 17 de mayo de 2026;3:01 p. m.;cajero 1;;32049408;Ventas Mostrador;Nequi;7702026147631;PAÑITOS PEQUEÑIN ALMENDRA X 100 UND;ASEO;8333;10900;1.00;10900
51360;domingo; 17 de mayo de 2026;2:37 p. m.;cajero 1;;32049408;Ventas Mostrador;Nequi;1918;BOLSA DE REGALO GRANDE JUMBO DECORADA;PAPELERIA;3144;6000;1.00;6000
51360;domingo; 17 de mayo de 2026;2:37 p. m.;cajero 1;;32049408;Ventas Mostrador;Nequi;7702277563808;ESTUCHE ARRURRU BABY SHOWER NIÑO NVA PRESENTACION;ASEO;44661;55900;1.00;55900
51359;domingo; 17 de mayo de 2026;2:35 p. m.;cajero 1;;32049408;Ventas Mostrador;Efectivo;1162;PRIMERA MUDA DE BOLSA MAJU BABY;ROPA;16000;38000;1.00;38000
51358;domingo; 17 de mayo de 2026;2:09 p. m.;cajero 1;;32049408;Ventas Mostrador;Nequi;6977252930352;EXTRACTOR MANUAL ONLY;ACCESORIOS;20000;55000;1.00;55000
51357;domingo; 17 de mayo de 2026;1:42 p. m.;cajero 1;;32049408;Ventas Mostrador;Efectivo;3072-2;CAMISA LEÑADORA Y CUADROS NIÑO T: 4A T:10;ROPA;32000;45000;1.00;45000
51356;domingo; 17 de mayo de 2026;1:04 p. m.;cajero 1;;32049408;Ventas Mostrador;Efectivo;1186;BAYETILLA CAMISA ROJA X3;ROPA;7500;14200;1.00;14200
51355;domingo; 17 de mayo de 2026;1:02 p. m.;cajero 1;;32049408;Ventas Mostrador;Nequi;1003;PAPEL REGALO PLIEGO Y TARJETA;ACCESORIOS;321;1000;1.00;1000
51355;domingo; 17 de mayo de 2026;1:02 p. m.;cajero 1;;32049408;Ventas Mostrador;Nequi;3211-6;CONJUNTO MYP CHALECO PANA;ROPA;50000;97000;1.00;97000
51354;domingo; 17 de mayo de 2026;12:59 p. m.;cajero 1;;32049408;Ventas Mostrador;Nequi;1003;PAPEL REGALO PLIEGO Y TARJETA;ACCESORIOS;321;1000;2.00;2000
51354;domingo; 17 de mayo de 2026;12:59 p. m.;cajero 1;;32049408;Ventas Mostrador;Nequi;2002;SEMANARIO 21 PIEZAS;ROPA;34000;53000;1.00;53000
51354;domingo; 17 de mayo de 2026;12:59 p. m.;cajero 1;;32049408;Ventas Mostrador;Nequi;3064;COBERTOR OVEJERO CON ESTAMPADO;LENCERIA;16000;39000;1.00;39000
51353;domingo; 17 de mayo de 2026;12:55 p. m.;cajero 1;;32049408;Ventas Mostrador;Efectivo;1003;PAPEL REGALO PLIEGO Y TARJETA;ACCESORIOS;321;1000;1.00;1000
51353;domingo; 17 de mayo de 2026;12:55 p. m.;cajero 1;;32049408;Ventas Mostrador;Efectivo;1565;PIJAMA FINA TERMICA NIÑO - NIÑA;ROPA;17998;44000;1.00;44000
51352;domingo; 17 de mayo de 2026;12:53 p. m.;cajero 1;;32049408;Ventas Mostrador;Efectivo;1003;PAPEL REGALO PLIEGO Y TARJETA;ACCESORIOS;321;1000;2.00;2000
51352;domingo; 17 de mayo de 2026;12:53 p. m.;cajero 1;;32049408;Ventas Mostrador;Efectivo;1757;PAÑALERA CUNA UNICOLOR / CARTERS;PAÑALERA;65000;160000;1.00;160000
51351;domingo; 17 de mayo de 2026;12:29 p. m.;cajero 1;;32049408;Ventas Mostrador;Nequi;2229;BABERO MANGAS PLASTIFICADO;ACCESORIOS;5000;14500;1.00;14500
51350;domingo; 17 de mayo de 2026;12:15 p. m.;cajero 1;;32049408;Ventas Mostrador;Efectivo;1726;ZAPATO NO TUERCE;CALZADO;15000;35000;2.00;70000
51349;domingo; 17 de mayo de 2026;11:59 a. m.;cajero 1;;32049408;Ventas Mostrador;Nequi;7701021117786;PAÑAL WINNY PANTS 4X50;PAÑAL;61716;71300;1.00;65596
51348;domingo; 17 de mayo de 2026;11:57 a. m.;cajero 1;;32049408;Ventas Mostrador;Nequi;1121;SONAJERO ANIMALITOS CHILLON;ACCESORIOS;14000;22500;1.00;22500
51348;domingo; 17 de mayo de 2026;11:57 a. m.;cajero 1;;32049408;Ventas Mostrador;Nequi;7701021116499;PAÑAL WINNY ULTRATRIM SEC 1X30;PAÑAL;21743;25500;1.00;25500
51348;domingo; 17 de mayo de 2026;11:57 a. m.;cajero 1;;32049408;Ventas Mostrador;Nequi;1379;CONJUNTO MEIQUITOS BABY;ROPA;15000;30000;1.00;30000
51347;domingo; 17 de mayo de 2026;11:51 a. m.;cajero 1;;32049408;Ventas Mostrador;Efectivo;1110;CUCO PANTY ARANDELA;ROPA;5000;7500;2.00;15000
51347;domingo; 17 de mayo de 2026;11:51 a. m.;cajero 1;;32049408;Ventas Mostrador;Efectivo;1626;VESTIDO ESPECIAL EXCLUSIVO;ROPA;50000;95000;1.00;95000
51346;domingo; 17 de mayo de 2026;11:50 a. m.;cajero 1;;32049408;Ventas Mostrador;Efectivo;1980;MEDIAS MICROFIBRA 2-4-6-8-10-12;ROPA;8500;17900;1.00;17900
51345;domingo; 17 de mayo de 2026;10:59 a. m.;cajero 1;;32049408;Ventas Mostrador;Efectivo;7702031244585;TALCO JOHNSONS ALMIDON X100;ASEO;17432;21800;1.00;21800
51344;domingo; 17 de mayo de 2026;10:42 a. m.;cajero 1;;32049408;Ventas Mostrador;Nequi;7701021111821;PAÑAL WINNY ULTRATRIM 3X30;PAÑAL;31687;35800;1.00;34010
51343;sábado; 16 de mayo de 2026;8:08 p. m.;cajero 1;;32049408;Ventas Mostrador;Efectivo;1265;BLUSA MATERNA SURTIDA;MATERNA;19000;38000;1.00;38000
51343;sábado; 16 de mayo de 2026;8:08 p. m.;cajero 1;;32049408;Ventas Mostrador;Efectivo;1771;BUSO MATERNO TALLA U;MATERNA;30000;64000;1.00;64000
51342;sábado; 16 de mayo de 2026;8:01 p. m.;cajero 1;;32049408;Ventas Mostrador;Nequi;7708379271016;BOLSAS RECOLECTORAS MOBY;ACCESORIOS;13756;32000;1.00;32000
51341;sábado; 16 de mayo de 2026;7:20 p. m.;cajero 1;;32049408;Ventas Mostrador;Nequi;1003;PAPEL REGALO PLIEGO Y TARJETA;ACCESORIOS;321;1000;1.00;1000
51341;sábado; 16 de mayo de 2026;7:20 p. m.;cajero 1;;32049408;Ventas Mostrador;Nequi;1943-1;BODY SUNNOZY X UNIDAD;ROPA;9821;17000;2.00;34000
51340;sábado; 16 de mayo de 2026;6:29 p. m.;cajero 1;;32049408;Ventas Mostrador;Nequi;2225-2;CONJUNTO PANA TERMICO NIÑA STIMPY;ROPA;36000;75000;1.00;75000
51339;sábado; 16 de mayo de 2026;6:00 p. m.;cajero 1;;32049408;Ventas Mostrador;Nequi;2002;SEMANARIO 21 PIEZAS;ROPA;34000;53000;1.00;53000
51339;sábado; 16 de mayo de 2026;6:00 p. m.;cajero 1;;32049408;Ventas Mostrador;Nequi;1917;BOLSA DE REGALO MEDIANA DECORADA NIÑOS;PAPELERIA;2416;4300;1.00;4300
51338;sábado; 16 de mayo de 2026;5:49 p. m.;cajero 1;;32049408;Ventas Mostrador;Nequi;7701021114174;PAÑAL WINNY ULTRATRIM SEC 5X30;PAÑAL;41907;46900;1.00;44555
51338;sábado; 16 de mayo de 2026;5:49 p. m.;cajero 1;;32049408;Ventas Mostrador;Nequi;2027;GORRO PASAMONTAÑAS;ROPA;7000;12500;1.00;12500
51338;sábado; 16 de mayo de 2026;5:49 p. m.;cajero 1;;32049408;Ventas Mostrador;Nequi;7702277736318;SHAMPOO ARRURRU MANZANILLA X120 NVA PRESENTACION;ASEO;9853;12400;1.00;12400
51337;sábado; 16 de mayo de 2026;5:44 p. m.;cajero 1;;32049408;Ventas Mostrador;Nequi;1695;VESTIDO VELO ESTRELLAS;ROPA;35000;70000;1.00;70000
51336;sábado; 16 de mayo de 2026;5:42 p. m.;cajero 1;;32049408;Ventas Mostrador;Efectivo;1917;BOLSA DE REGALO MEDIANA DECORADA NIÑOS;PAPELERIA;2416;4300;1.00;4300
51335;sábado; 16 de mayo de 2026;5:37 p. m.;cajero 1;;32049408;Ventas Mostrador;Efectivo;1003;PAPEL REGALO PLIEGO Y TARJETA;ACCESORIOS;321;1000;1.00;1000
51335;sábado; 16 de mayo de 2026;5:37 p. m.;cajero 1;;32049408;Ventas Mostrador;Efectivo;1515;ZAPATO CHAROL VALETA;CALZADO;23000;42000;1.00;42000
51334;sábado; 16 de mayo de 2026;5:31 p. m.;cajero 1;;32049408;Ventas Mostrador;Nequi;1174;BUSO CUELLO REDONDO COLORES;ROPA;9000;16000;1.00;16000
51333;sábado; 16 de mayo de 2026;5:03 p. m.;cajero 1;;32049408;Ventas Mostrador;Nequi;2207;ESQUELETO POR UNIDAD CON DISEÑO TALLA 6;ROPA;3611;6500;3.00;19500
51332;sábado; 16 de mayo de 2026;5:00 p. m.;cajero 1;;32049408;Ventas Mostrador;Efectivo;1789;BABEROS CARTER`S X3;ROPA;14000;29000;1.00;29000
51332;sábado; 16 de mayo de 2026;5:00 p. m.;cajero 1;;32049408;Ventas Mostrador;Efectivo;1379-1;VESTIDOS MEIQUITOS;ROPA;16000;30000;1.00;30000
51331;sábado; 16 de mayo de 2026;4:53 p. m.;cajero 1;;32049408;Ventas Mostrador;Efectivo;7702277633525;SHAMPOO ARRURRU ROMERO X 120 ML;ASEO;9853;12400;1.00;12400
51331;sábado; 16 de mayo de 2026;4:53 p. m.;cajero 1;;32049408;Ventas Mostrador;Efectivo;7707233050026;CHUPO BLANDO REPUESTO BIBERON CORCHITO NRO 3;ACCESORIOS;569;2600;1.00;2600
51330;sábado; 16 de mayo de 2026;4:38 p. m.;cajero 1;;32049408;Ventas Mostrador;Nequi;3211-3;CONJUNTO MELODY CHAQUETA BEISBOLERA NIÑO;ROPA;50000;110000;1.00;110000
51329;sábado; 16 de mayo de 2026;4:34 p. m.;cajero 1;;32049408;Ventas Mostrador;Nequi;7701021144829;PAÑAL WINNY ULTRATRIM SENSITIVE 0X30;PAÑAL;19649;23500;2.00;47000
51329;sábado; 16 de mayo de 2026;4:34 p. m.;cajero 1;;32049408;Ventas Mostrador;Nequi;7702277943150....;ESTUCHE VIAJERO NIÑO NVA PRESENTACION;ASEO;24728;32200;1.00;32200
51329;sábado; 16 de mayo de 2026;4:34 p. m.;cajero 1;;32049408;Ventas Mostrador;Nequi;6975294280466;CHUPO ENTRETENCION X 2;ACCESORIOS;7400;15000;1.00;15000
51328;sábado; 16 de mayo de 2026;3:52 p. m.;cajero 1;;32049408;Ventas Mostrador;Efectivo;1003;PAPEL REGALO PLIEGO Y TARJETA;ACCESORIOS;321;1000;1.00;1000
51328;sábado; 16 de mayo de 2026;3:52 p. m.;cajero 1;;32049408;Ventas Mostrador;Efectivo;2282;VESTIDO MAJA 1119;ROPA;33000;66000;1.00;66000
51327;sábado; 16 de mayo de 2026;3:33 p. m.;cajero 1;;32049408;Ventas Mostrador;Efectivo;1265;BLUSA MATERNA SURTIDA;MATERNA;19000;38000;1.00;38000
51326;sábado; 16 de mayo de 2026;3:28 p. m.;cajero 1;;32049408;Ventas Mostrador;Efectivo;1003;PAPEL REGALO PLIEGO Y TARJETA;ACCESORIOS;321;1000;2.00;2000
51326;sábado; 16 de mayo de 2026;3:28 p. m.;cajero 1;;32049408;Ventas Mostrador;Efectivo;1379-2;CONJUNTO FABY 3 PEIZAS;ROPA;16000;31000;1.00;31000
51325;sábado; 16 de mayo de 2026;3:24 p. m.;cajero 1;;32049408;Ventas Mostrador;Nequi;1935;CHUPO ENTRETENCION SUPER HEROES / ANIMALITOS;ACCESORIOS;3749;13100;1.00;13100
51325;sábado; 16 de mayo de 2026;3:24 p. m.;cajero 1;;32049408;Ventas Mostrador;Nequi;1379;CONJUNTO MEIQUITOS BABY;ROPA;15000;30000;1.00;30000
51325;sábado; 16 de mayo de 2026;3:24 p. m.;cajero 1;;32049408;Ventas Mostrador;Nequi;1943-1;BODY SUNNOZY X UNIDAD;ROPA;9821;17000;2.00;34000
51325;sábado; 16 de mayo de 2026;3:24 p. m.;cajero 1;;32049408;Ventas Mostrador;Nequi;1379-2;CONJUNTO FABY 3 PEIZAS;ROPA;16000;31000;1.00;31000
51324;sábado; 16 de mayo de 2026;2:31 p. m.;cajero 1;;32049408;Ventas Mostrador;Efectivo;4863;GORRA Y PAVA PANA DECORADA OSO;ACCESORIOS;11000;26500;1.00;26500
51324;sábado; 16 de mayo de 2026;2:31 p. m.;cajero 1;;32049408;Ventas Mostrador;Efectivo;4863-2;PAVA BEBE EN PANA -DRILL;ACCESORIOS;13000;28500;1.00;28500
51323;sábado; 16 de mayo de 2026;2:24 p. m.;cajero 1;;32049408;Ventas Mostrador;Efectivo;7701021145949;PAÑITOS WINNY ALOE X100;ASEO;9529;12500;1.00;12500
51322;sábado; 16 de mayo de 2026;2:23 p. m.;cajero 1;;32049408;Ventas Mostrador;Efectivo;7702277461265;COLONIA ARRURRU 400 ML ROSADA NVA PRESENTACION;ASEO;41500;51900;1.00;51900
51321;sábado; 16 de mayo de 2026;2:16 p. m.;cajero 1;;32049408;Ventas Mostrador;Tarjeta Débito;7701021145949;PAÑITOS WINNY ALOE X100;ASEO;9529;12500;1.00;12500
51321;sábado; 16 de mayo de 2026;2:16 p. m.;cajero 1;;32049408;Ventas Mostrador;Tarjeta Débito;1917;BOLSA DE REGALO MEDIANA DECORADA NIÑOS;PAPELERIA;2416;4300;1.00;4300
51321;sábado; 16 de mayo de 2026;2:16 p. m.;cajero 1;;32049408;Ventas Mostrador;Tarjeta Débito;2225-1;CONJUNTO DE PANA BEAR;ROPA;45000;80000;1.00;80000
51320;sábado; 16 de mayo de 2026;1:49 p. m.;cajero 1;;32049408;Ventas Mostrador;Efectivo;1572;PRIMERA MUDA IMPORTADA HONOR BABY;ROPA;40000;75000;1.00;75000
51319;sábado; 16 de mayo de 2026;1:33 p. m.;cajero 1;;32049408;Ventas Mostrador;Nequi;71534232090;PATIN DE LANA CARTER;ROPA;14500;29000;1.00;29000
51318;sábado; 16 de mayo de 2026;1:29 p. m.;cajero 1;;32049408;Ventas Mostrador;Efectivo;7701021118318;PAñAL WINNY ULTRATRIM SEC 3X16;PAÑAL;17222;22300;1.00;22300
51317;sábado; 16 de mayo de 2026;1:19 p. m.;cajero 1;;32049408;Ventas Mostrador;Efectivo;7702026147631;PAÑITOS PEQUEÑIN ALMENDRA X 100 UND;ASEO;8333;10900;1.00;10900
51316;sábado; 16 de mayo de 2026;1:02 p. m.;cajero 1;;32049408;Ventas Mostrador;Efectivo;1175;CIRIO DECORADO;BAUTIZO;10000;17000;1.00;17000
51315;sábado; 16 de mayo de 2026;12:46 p. m.;cajero 1;;32049408;Ventas Mostrador;Efectivo;1003;PAPEL REGALO PLIEGO Y TARJETA;ACCESORIOS;321;1000;1.00;1000
51315;sábado; 16 de mayo de 2026;12:46 p. m.;cajero 1;;32049408;Ventas Mostrador;Efectivo;1398-1;CHALECO TERMICO TUGUIS BEBE;ROPA;26000;52000;1.00;52000
51314;sábado; 16 de mayo de 2026;10:03 a. m.;cajero 1;;32049408;Ventas Mostrador;Efectivo;2146-1;PAÑAL DE TELA BLANCO X UNIDAD;ACCESORIOS;3000;5500;1.00;5500
51313;sábado; 16 de mayo de 2026;10:02 a. m.;cajero 1;;32049408;Ventas Mostrador;Nequi;0031-1;PIJAMA PIEL DURAZNO BOTON 2 PIEZAS;ROPA;15000;36000;1.00;36000
51312;sábado; 16 de mayo de 2026;9:47 a. m.;cajero 1;;32049408;Ventas Mostrador;Nequi;1003;PAPEL REGALO PLIEGO Y TARJETA;ACCESORIOS;321;1000;1.00;1000
51312;sábado; 16 de mayo de 2026;9:47 a. m.;cajero 1;;32049408;Ventas Mostrador;Nequi;1726;ZAPATO NO TUERCE;CALZADO;15000;35000;1.00;35000
51311;viernes; 15 de mayo de 2026;8:09 p. m.;cajero 1;Vendedor ;32049408;Ventas Mostrador;Nequi;7701021144829;PAÑAL WINNY ULTRATRIM SENSITIVE 0X30;PAÑAL;19649;23500;1.00;23500
51311;viernes; 15 de mayo de 2026;8:09 p. m.;cajero 1;Vendedor ;32049408;Ventas Mostrador;Nequi;7701021111975;PAÑAL WINNY 0X50;PAÑAL;32517;34500;1.00;34500
51311;viernes; 15 de mayo de 2026;8:09 p. m.;cajero 1;Vendedor ;32049408;Ventas Mostrador;Nequi;7701021145949;PAÑITOS WINNY ALOE X100;ASEO;9529;12500;1.00;12500
51311;viernes; 15 de mayo de 2026;8:09 p. m.;cajero 1;Vendedor ;32049408;Ventas Mostrador;Nequi;7453117603894;EXTRACTOR ELECTRICO 2 TETEROS;ASEO;54900;120000;1.00;120000
51310;viernes; 15 de mayo de 2026;8:01 p. m.;cajero 1;Vendedor ;32049408;Ventas Mostrador;Nequi;3064;COBERTOR OVEJERO CON ESTAMPADO;LENCERIA;16000;39000;2.00;78000
51310;viernes; 15 de mayo de 2026;8:01 p. m.;cajero 1;Vendedor ;32049408;Ventas Mostrador;Nequi;7708379271016;BOLSAS RECOLECTORAS MOBY;ACCESORIOS;13756;32000;1.00;32000
51309;viernes; 15 de mayo de 2026;7:37 p. m.;cajero 1;Vendedor ;32049408;Ventas Mostrador;Nequi;1003;PAPEL REGALO PLIEGO Y TARJETA;ACCESORIOS;321;1000;1.00;1000
51309;viernes; 15 de mayo de 2026;7:37 p. m.;cajero 1;Vendedor ;32049408;Ventas Mostrador;Nequi;2002;SEMANARIO 21 PIEZAS;ROPA;33000;53000;1.00;53000
51308;viernes; 15 de mayo de 2026;7:31 p. m.;cajero 1;Vendedor ;32049408;Ventas Mostrador;Efectivo;1379-2;CONJUNTO FABY 3 PEIZAS;ROPA;16000;31000;1.00;31000
51307;viernes; 15 de mayo de 2026;7:08 p. m.;cajero 1;Vendedor ;32049408;Ventas Mostrador;Efectivo;2080-1;BODY BLANCO X UNIDAD;ROPA;4750;10000;1.00;10000
51306;viernes; 15 de mayo de 2026;6:02 p. m.;cajero 1;Vendedor ;32049408;Ventas Mostrador;Efectivo;7701021145949;PAÑITOS WINNY ALOE X100;ASEO;9529;12500;1.00;12500
51306;viernes; 15 de mayo de 2026;6:02 p. m.;cajero 1;Vendedor ;32049408;Ventas Mostrador;Efectivo;2025;MEDIA PATIN;ROPA;2750;6500;1.00;6500
51306;viernes; 15 de mayo de 2026;6:02 p. m.;cajero 1;Vendedor ;32049408;Ventas Mostrador;Efectivo;2144;PRIMERA MUDA TERMICA ECONOMICA;ROPA;10000;28000;1.00;28000
51305;viernes; 15 de mayo de 2026;5:31 p. m.;cajero 1;Vendedor ;32049408;Ventas Mostrador;Nequi;7702031318484;CREMA JOHNSON LIQUIDA AVENA X800ML;ASEO;35000;52900;1.00;52900
51305;viernes; 15 de mayo de 2026;5:31 p. m.;cajero 1;Vendedor ;32049408;Ventas Mostrador;Nequi;7702277581130;PAÑITOS ARRURRU ALOE X120;ASEO;9806;14300;1.00;14300
51304;viernes; 15 de mayo de 2026;4:13 p. m.;cajero 1;Vendedor ;32049408;Ventas Mostrador;Efectivo;4863-2;PAVA BEBE EN PANA -DRILL;ACCESORIOS;13000;28500;1.00;28500
51303;viernes; 15 de mayo de 2026;2:14 p. m.;cajero 1;Vendedor ;32049408;Ventas Mostrador;Efectivo;6959048200252;TOALLAS VALENTINA MATERNA X10;ASEO;8333;13500;1.00;13500
51302;viernes; 15 de mayo de 2026;2:09 p. m.;cajero 1;Vendedor ;32049408;Ventas Mostrador;Efectivo;7701021116499;PAÑAL WINNY ULTRATRIM SEC 1X30;PAÑAL;21743;25500;1.00;25500
51302;viernes; 15 de mayo de 2026;2:09 p. m.;cajero 1;Vendedor ;32049408;Ventas Mostrador;Efectivo;7702277376484;ESTUCHE ARRURRU BABY SHOWERS NIÑA NVA PRESENTACION;ASEO;44661;55900;1.00;55900
51301;viernes; 15 de mayo de 2026;2:01 p. m.;cajero 1;Vendedor ;32049408;Ventas Mostrador;Nequi;7707199346263;PAÑAL VALENTINA 3GX50;PAÑAL;40900;51200;1.00;51200
51300;viernes; 15 de mayo de 2026;1:18 p. m.;cajero 1;Vendedor ;32049408;Ventas Mostrador;Efectivo;7702277617112;COLONIA ARRURRU 800 ML ROSADA NVA PRESENT;ASEO;51500;59000;1.00;59000
51299;viernes; 15 de mayo de 2026;12:41 p. m.;cajero 1;Vendedor ;32049408;Ventas Mostrador;Efectivo;2232;JEAN AMERICANO;ROPA;35000;67000;1.00;67000
51298;viernes; 15 de mayo de 2026;11:43 a. m.;cajero 1;Vendedor ;32049408;Ventas Mostrador;Nequi;1135;BATA LABORATORIO NIÑO;COLEGIO;14000;25000;1.00;25000
51297;viernes; 15 de mayo de 2026;11:29 a. m.;cajero 1;Vendedor ;32049408;Ventas Mostrador;Nequi;7701021147585;PAÑAL WINNY ULTRATRIM SEC 4X50;PAÑAL;61716;71300;1.00;65596
51296;viernes; 15 de mayo de 2026;10:44 a. m.;cajero 1;Vendedor ;32049408;Ventas Mostrador;Efectivo;7707199344818;PAÑAL VALENTINA 2MX30;PAÑAL;21800;29400;1.00;29400
51296;viernes; 15 de mayo de 2026;10:44 a. m.;cajero 1;Vendedor ;32049408;Ventas Mostrador;Efectivo;6970817283337;PAÑITOS VALENTINA X 100;ASEO;6000;11600;1.00;11600
51295;viernes; 15 de mayo de 2026;10:12 a. m.;cajero 1;Vendedor ;32049408;Ventas Mostrador;Nequi;2026-3;GORRO LANA BABY KIDS;ROPA;10000;20000;1.00;20000
51294;jueves; 14 de mayo de 2026;8:15 p. m.;cajero 1;Vendedor ;32049408;Ventas Mostrador;Efectivo;2259;CORBATA COLORES NIÑO;ACCESORIOS;3000;9500;1.00;9500
51293;jueves; 14 de mayo de 2026;7:54 p. m.;cajero 1;Vendedor ;32049408;Ventas Mostrador;Nequi;7701021114006;PAÑAL WINNY ULTRATRIM SEC 4X30;PAÑAL;38177;42600;1.00;40470
51292;jueves; 14 de mayo de 2026;7:43 p. m.;cajero 1;Vendedor ;32049408;Ventas Mostrador;Efectivo;1943-1;BODY SUNNOZY X UNIDAD;ROPA;9821;17000;2.00;34000
51291;jueves; 14 de mayo de 2026;7:33 p. m.;cajero 1;Vendedor ;32049408;Ventas Mostrador;Efectivo;7702277889106;COLONIA ARRURRU 120 ML AZUL + JABON NVA PREST;ASEO;20575;25800;1.00;25800
51290;jueves; 14 de mayo de 2026;7:31 p. m.;cajero 1;Vendedor ;32049408;Ventas Mostrador;Efectivo;6940163300088;EXTRACTOR PORTATIL ELECTRICO;ACCESORIOS;40000;95000;1.00;95000
51289;jueves; 14 de mayo de 2026;7:07 p. m.;cajero 1;Vendedor ;32049408;Ventas Mostrador;Tarjeta crédito;7702031293231;SHAMPOO JOHNSON CABELLO CLARO MANZANILLA X200 ML;ASEO;17120;21400;1.00;21400
51289;jueves; 14 de mayo de 2026;7:07 p. m.;cajero 1;Vendedor ;32049408;Ventas Mostrador;Tarjeta crédito;7891010046859;CREMA JOHNSON LIQUIDA AVENA X 200 ML;ASEO;14500;20500;1.00;20500
51289;jueves; 14 de mayo de 2026;7:07 p. m.;cajero 1;Vendedor ;32049408;Ventas Mostrador;Tarjeta crédito;7702031401032;JABON JOHNSON ORIGINAL POR UNIDAD;ASEO;4457;5600;1.00;5600
51289;jueves; 14 de mayo de 2026;7:07 p. m.;cajero 1;Vendedor ;32049408;Ventas Mostrador;Tarjeta crédito;1917;BOLSA DE REGALO MEDIANA DECORADA NIÑOS;PAPELERIA;2416;4300;1.00;4300
51289;jueves; 14 de mayo de 2026;7:07 p. m.;cajero 1;Vendedor ;32049408;Ventas Mostrador;Tarjeta crédito;7702277395256;PAÑITOS ARRURRU AVENA X100;ASEO;8333;14500;1.00;14500
51289;jueves; 14 de mayo de 2026;7:07 p. m.;cajero 1;Vendedor ;32049408;Ventas Mostrador;Tarjeta crédito;7701021115140;PAÑAL WINNY ULTRATRIM SEC 2X16;PAÑAL;14119;16000;1.00;16000
51288;jueves; 14 de mayo de 2026;6:39 p. m.;cajero 1;Vendedor ;32049408;Ventas Mostrador;Efectivo;1003;PAPEL REGALO PLIEGO Y TARJETA;ACCESORIOS;321;1000;1.00;1000
51288;jueves; 14 de mayo de 2026;6:39 p. m.;cajero 1;Vendedor ;32049408;Ventas Mostrador;Efectivo;2002;SEMANARIO 21 PIEZAS;ROPA;33000;53000;1.00;53000
51287;jueves; 14 de mayo de 2026;6:20 p. m.;cajero 1;Vendedor ;32049408;Ventas Mostrador;Nequi;1135;BATA LABORATORIO NIÑO;COLEGIO;14000;25000;1.00;25000
51285;jueves; 14 de mayo de 2026;5:52 p. m.;cajero 1;Vendedor ;32049408;Ventas Mostrador;Efectivo;7707199346270;PAÑAL VALENTINA 4XG X50;PAÑAL;49566;64000;1.00;64000
51284;jueves; 14 de mayo de 2026;5:41 p. m.;cajero 1;Vendedor ;32049408;Ventas Mostrador;Efectivo;0202-1;CEPILLO MUSICAL + PEINILLA;ACCESORIOS;6000;11000;1.00;11000
51283;jueves; 14 de mayo de 2026;5:40 p. m.;cajero 1;Vendedor ;32049408;Ventas Mostrador;Efectivo;166051;TINA ECONOMICA DE COLORES SIN BASE;ACCESORIOS;18500;38000;1.00;38000
51282;jueves; 14 de mayo de 2026;5:22 p. m.;cajero 1;Vendedor ;32049408;Ventas Mostrador;Efectivo;5001;MEDIA BLANCA PELLIZCO T:4 A T:12;COLEGIO;8750;12500;1.00;12500
51281;jueves; 14 de mayo de 2026;4:11 p. m.;cajero 1;Vendedor ;32049408;Ventas Mostrador;Nequi;7707199346263;PAÑAL VALENTINA 3GX50;PAÑAL;40900;51200;1.00;51200
51280;jueves; 14 de mayo de 2026;3:53 p. m.;cajero 1;Vendedor ;32049408;Ventas Mostrador;Nequi;2117-1;MEDIAS RECIEN NACIDO X UNIDAD;ROPA;875;2500;2.00;5000
51279;jueves; 14 de mayo de 2026;2:37 p. m.;cajero 1;Vendedor ;32049408;Ventas Mostrador;Efectivo;1133-5;MEDIA TOBACO X UNIDAD T 0 A 18 MESES;ROPA;2500;4500;2.00;9000
51278;jueves; 14 de mayo de 2026;1:26 p. m.;cajero 1;Vendedor ;32049408;Ventas Mostrador;Efectivo;9090-1;CORBATIN ADULTO;ACCESORIOS;5000;10000;1.00;10000
51277;jueves; 14 de mayo de 2026;1:24 p. m.;cajero 1;Vendedor ;32049408;Ventas Mostrador;Efectivo;1174;BUSO CUELLO REDONDO COLORES;ROPA;9000;16000;1.00;16000
51276;jueves; 14 de mayo de 2026;12:55 p. m.;cajero 1;Vendedor ;32049408;Ventas Mostrador;Efectivo;6970817284006;PAñITOS VALENTINA 120 UND;ASEO;6944;12800;1.00;12800
51275;jueves; 14 de mayo de 2026;11:19 a. m.;cajero 1;Vendedor ;32049408;Ventas Mostrador;Efectivo;1133-6;MEDIA TOBACO X 3 T 0 A 18 MESES;ROPA;7500;13000;2.00;26000
51274;jueves; 14 de mayo de 2026;10:47 a. m.;cajero 1;Vendedor ;32049408;Ventas Mostrador;Efectivo;5001;MEDIA BLANCA PELLIZCO T:4 A T:12;COLEGIO;8750;12500;3.00;37500
51273;jueves; 14 de mayo de 2026;10:28 a. m.;cajero 1;Vendedor ;32049408;Ventas Mostrador;Efectivo;1118;CAPA ESTAMPADA SENCILLA;LLUVIA;19000;40000;1.00;40000
51272;miércoles; 13 de mayo de 2026;8:04 p. m.;Maria Barbosa Neuque;Vendedor ;32049408;Ventas Mostrador;Efectivo;1135;BATA LABORATORIO NIÑO;COLEGIO;14000;25000;1.00;25000
51271;miércoles; 13 de mayo de 2026;7:49 p. m.;Maria Barbosa Neuque;Vendedor ;32049408;Ventas Mostrador;Nequi;7701021119087;PAÑAL WINNY ULTRATRIM SEC 4X100;PAÑAL;122164;144000;1.00;129600
51270;miércoles; 13 de mayo de 2026;7:44 p. m.;Maria Barbosa Neuque;Vendedor ;32049408;Ventas Mostrador;Efectivo;1135;BATA LABORATORIO NIÑO;COLEGIO;14000;25000;1.00;25000
51269;miércoles; 13 de mayo de 2026;6:38 p. m.;Maria Barbosa Neuque;Vendedor ;32049408;Ventas Mostrador;Daviplata;1135;BATA LABORATORIO NIÑO;COLEGIO;14000;25000;1.00;25000
51268;miércoles; 13 de mayo de 2026;6:26 p. m.;Maria Barbosa Neuque;Vendedor ;32049408;Ventas Mostrador;Efectivo;1003;PAPEL REGALO PLIEGO Y TARJETA;ACCESORIOS;321;1000;1.00;1000
51268;miércoles; 13 de mayo de 2026;6:26 p. m.;Maria Barbosa Neuque;Vendedor ;32049408;Ventas Mostrador;Efectivo;1196-2;SUDADERA PAULIS DOBLE PANTALONEST2 A T10;ROPA;32500;66000;1.00;66000
51267;miércoles; 13 de mayo de 2026;6:24 p. m.;Maria Barbosa Neuque;Vendedor ;32049408;Ventas Mostrador;Nequi;1743;SILLA MESEDORA MUSICAL ROCKER;ACCESORIOS;100000;168000;1.00;160440
51267;miércoles; 13 de mayo de 2026;6:24 p. m.;Maria Barbosa Neuque;Vendedor ;32049408;Ventas Mostrador;Nequi;1303-2;BALACA DE TELA NVO DISEÑO;ACCESORIOS;3000;7000;1.00;7000
51266;miércoles; 13 de mayo de 2026;6:02 p. m.;Maria Barbosa Neuque;Vendedor ;32049408;Ventas Mostrador;Nequi;7701021115140;PAÑAL WINNY ULTRATRIM SEC 2X16;PAÑAL;14119;16000;2.00;31040
51265;miércoles; 13 de mayo de 2026;5:10 p. m.;Maria Barbosa Neuque;Vendedor ;32049408;Ventas Mostrador;Efectivo;7701021115140;PAÑAL WINNY ULTRATRIM SEC 2X16;PAÑAL;14119;16000;2.00;32000
51264;miércoles; 13 de mayo de 2026;4:22 p. m.;Maria Barbosa Neuque;Vendedor ;32049408;Ventas Mostrador;Nequi;1782;FORRO PASEADOR CALIBRE 4;ACCESORIOS;9000;14500;1.00;14500
51263;miércoles; 13 de mayo de 2026;2:32 p. m.;Maria Barbosa Neuque;Vendedor ;32049408;Ventas Mostrador;Efectivo;7707199344801;PAÑAL VALENTINA 1PX30;PAÑAL;17377;27300;1.00;27300
51262;miércoles; 13 de mayo de 2026;1:37 p. m.;Maria Barbosa Neuque;Vendedor ;32049408;Ventas Mostrador;Tarjeta Débito;1003;PAPEL REGALO PLIEGO Y TARJETA;ACCESORIOS;321;1000;1.00;1000
51262;miércoles; 13 de mayo de 2026;1:37 p. m.;Maria Barbosa Neuque;Vendedor ;32049408;Ventas Mostrador;Tarjeta Débito;2002;SEMANARIO 21 PIEZAS;ROPA;33000;53000;1.00;53000
51262;miércoles; 13 de mayo de 2026;1:37 p. m.;Maria Barbosa Neuque;Vendedor ;32049408;Ventas Mostrador;Tarjeta Débito;6970817283337;PAÑITOS VALENTINA X 100;ASEO;5585;11600;1.00;11600
51261;miércoles; 13 de mayo de 2026;1:20 p. m.;Maria Barbosa Neuque;Vendedor ;32049408;Ventas Mostrador;Efectivo;14060;BABERO TRES COMIDAS + 2BABITAS;ACCESORIOS;7500;15300;1.00;15300
51260;miércoles; 13 de mayo de 2026;12:17 p. m.;Maria Barbosa Neuque;Vendedor ;32049408;Ventas Mostrador;Nequi;328;BODY FABI 3 -4 UND;ROPA;23000;42000;2.00;84000
51259;miércoles; 13 de mayo de 2026;11:33 a. m.;Maria Barbosa Neuque;Vendedor ;32049408;Ventas Mostrador;Efectivo;7701021145949;PAÑITOS WINNY ALOE X100;ASEO;9529;12500;1.00;12500
51258;martes; 12 de mayo de 2026;7:43 p. m.;cajero 1;Vendedor ;32049408;Ventas Mostrador;Nequi;1552;CAMISA CUELLO CORBATA NIÑO MANGA LARGA NIÑO;COLEGIO;19000;30000;2.00;60000
51257;martes; 12 de mayo de 2026;7:07 p. m.;cajero 1;Vendedor ;32049408;Ventas Mostrador;Efectivo;7702789070160;COLONIA VALENTINA X1000 NIÑA / NIÑO;ASEO;44200;58200;1.00;58200
51256;martes; 12 de mayo de 2026;6:57 p. m.;cajero 1;Vendedor ;32049408;Ventas Mostrador;Efectivo;1992-1;SANDALIA ANATOMICA;CALZADO;20000;40000;1.00;40000
51255;martes; 12 de mayo de 2026;6:48 p. m.;cajero 1;Vendedor ;32049408;Ventas Mostrador;Efectivo;3211-6;CONJUNTO MYP CHALECO PANA;ROPA;50000;97000;1.00;97000
51254;martes; 12 de mayo de 2026;6:47 p. m.;cajero 1;Vendedor ;32049408;Ventas Mostrador;Efectivo;7701021111821;PAÑAL WINNY ULTRATRIM 3X30;PAÑAL;31687;35800;1.00;35800
51254;martes; 12 de mayo de 2026;6:47 p. m.;cajero 1;Vendedor ;32049408;Ventas Mostrador;Efectivo;1918;BOLSA DE REGALO GRANDE JUMBO DECORADA;PAPELERIA;3300;6000;2.00;12000
51253;martes; 12 de mayo de 2026;6:38 p. m.;cajero 1;Vendedor ;32049408;Ventas Mostrador;Nequi;2080-1;BODY BLANCO X UNIDAD;ROPA;4750;10000;1.00;10000
51253;martes; 12 de mayo de 2026;6:38 p. m.;cajero 1;Vendedor ;32049408;Ventas Mostrador;Nequi;3211-6;CONJUNTO MYP CHALECO PANA;ROPA;50000;97000;1.00;90016
51252;martes; 12 de mayo de 2026;6:35 p. m.;cajero 1;Vendedor ;32049408;Ventas Mostrador;Nequi;2280;MALETA PROTECTOR DE GATEO;ACCESORIOS;32000;70000;1.00;70000
51251;martes; 12 de mayo de 2026;6:34 p. m.;cajero 1;Vendedor ;32049408;Ventas Mostrador;Efectivo;7702277884569;COLONIA ARRURRU 400 ML ROSADA+CREMA X 220 ORIGINAL;ASEO;42400;53000;1.00;53000
51250;martes; 12 de mayo de 2026;5:14 p. m.;cajero 1;Vendedor ;32049408;Ventas Mostrador;Daviplata;1174;BUSO CUELLO REDONDO COLORES;ROPA;9000;16000;1.00;15200
51250;martes; 12 de mayo de 2026;5:14 p. m.;cajero 1;Vendedor ;32049408;Ventas Mostrador;Daviplata;1980;MEDIAS MICROFIBRA 2-4-6-8-10-12;ROPA;8500;17900;1.00;16468
51249;martes; 12 de mayo de 2026;4:51 p. m.;cajero 1;Vendedor ;32049408;Ventas Mostrador;Nequi;1196-2;SUDADERA PAULIS DOBLE PANTALONEST2 A T10;ROPA;32500;66000;1.00;62700
51249;martes; 12 de mayo de 2026;4:51 p. m.;cajero 1;Vendedor ;32049408;Ventas Mostrador;Nequi;2152-1;CONJUNTO 3 PIEZAS T:2 A T:8 PAULIS;ROPA;35000;72000;1.00;68400
51248;martes; 12 de mayo de 2026;4:27 p. m.;cajero 1;Vendedor ;32049408;Ventas Mostrador;Nequi;2223-1;SANDALIA NO TUERCE;CALZADO;15000;37000;1.00;37000
51247;martes; 12 de mayo de 2026;3:46 p. m.;cajero 1;Vendedor ;32049408;Ventas Mostrador;Efectivo;1118;CAPA ESTAMPADA SENCILLA;LLUVIA;19000;40000;1.00;40000
51246;martes; 12 de mayo de 2026;2:44 p. m.;cajero 1;Vendedor ;32049408;Ventas Mostrador;Efectivo;1196-2;SUDADERA PAULIS DOBLE PANTALONEST2 A T10;ROPA;32500;66000;1.00;62040
51245;martes; 12 de mayo de 2026;2:26 p. m.;cajero 1;Vendedor ;32049408;Ventas Mostrador;Efectivo;1003;PAPEL REGALO PLIEGO Y TARJETA;ACCESORIOS;321;1000;2.00;2000
51245;martes; 12 de mayo de 2026;2:26 p. m.;cajero 1;Vendedor ;32049408;Ventas Mostrador;Efectivo;1111;TRIO KIT MATERNO PIJAMA+PANTUFLAS;ROPA;30600;55000;1.00;55000
51245;martes; 12 de mayo de 2026;2:26 p. m.;cajero 1;Vendedor ;32049408;Ventas Mostrador;Efectivo;7701021116536;PAÑAL WINNY ULTRATRIM SEC 2X30;PAÑAL;25979;29700;1.00;29700
51245;martes; 12 de mayo de 2026;2:26 p. m.;cajero 1;Vendedor ;32049408;Ventas Mostrador;Efectivo;1162;PRIMERA MUDA DE BOLSA MAJU BABY;ROPA;16000;38000;1.00;38000
51245;martes; 12 de mayo de 2026;2:26 p. m.;cajero 1;Vendedor ;32049408;Ventas Mostrador;Efectivo;2279;PAÑAL ADULTO TENA PANTS L X UNIDAD;PAÑAL;3021;4200;3.00;12600
51244;martes; 12 de mayo de 2026;2:21 p. m.;cajero 1;Vendedor ;32049408;Ventas Mostrador;Efectivo;1048-1;BABERO IMPERMEDABLE SENCILLO;ACCESORIOS;1798;6000;3.00;18000
51243;martes; 12 de mayo de 2026;12:39 p. m.;cajero 1;Vendedor ;32049408;Ventas Mostrador;Daviplata;3019;VESTIDO DE BAÑO NIÑA DESCOTE ESPALDA;PISCINA;35000;56000;1.00;56000
51243;martes; 12 de mayo de 2026;12:39 p. m.;cajero 1;Vendedor ;32049408;Ventas Mostrador;Daviplata;3070;ROPA INTERIOR NIÑA X UNIDAD;ROPA;2000;6000;3.00;18000
51242;martes; 12 de mayo de 2026;12:29 p. m.;cajero 1;Vendedor ;32049408;Ventas Mostrador;Nequi;1515;ZAPATO CHAROL VALETA;CALZADO;23000;42000;3.00;126000
51241;martes; 12 de mayo de 2026;11:11 a. m.;cajero 1;Vendedor ;32049408;Ventas Mostrador;Efectivo;2282;VESTIDO MAJA 1119;ROPA;33000;66000;1.00;66000
51240;martes; 12 de mayo de 2026;10:32 a. m.;cajero 1;Vendedor ;32049408;Ventas Mostrador;Nequi;1420;MEDIAS ENCAJE MARATHON;ROPA;8500;14500;2.00;29000
51240;martes; 12 de mayo de 2026;10:32 a. m.;cajero 1;Vendedor ;32049408;Ventas Mostrador;Nequi;1726;ZAPATO NO TUERCE;CALZADO;15000;35000;1.00;35000
51239;lunes; 11 de mayo de 2026;6:45 p. m.;cajero 1;Vendedor ;32049408;Ventas Mostrador;Nequi;1111;TRIO KIT MATERNO PIJAMA+PANTUFLAS;ROPA;30600;55000;1.00;55000
51238;lunes; 11 de mayo de 2026;4:33 p. m.;cajero 1;Vendedor ;32049408;Ventas Mostrador;Efectivo;1118;CAPA ESTAMPADA SENCILLA;LLUVIA;19000;40000;1.00;40000
51237;lunes; 11 de mayo de 2026;3:59 p. m.;cajero 1;Vendedor ;32049408;Ventas Mostrador;Efectivo;1231;PAÑAL ADULTO CONTEC L X UNIDAD;PAÑAL;3488;4200;5.00;21000
51236;lunes; 11 de mayo de 2026;3:30 p. m.;cajero 1;Vendedor ;32049408;Ventas Mostrador;Efectivo;4174;PAÑAL WINNY ETAPA 5 X UNIDAD;PAÑAL;1273;1800;1.00;1800
51235;lunes; 11 de mayo de 2026;3:17 p. m.;cajero 1;Vendedor ;32049408;Ventas Mostrador;Nequi;7891010037192;CREMA ORIGINAL JOHNSON X400ML;ASEO;25729;33200;1.00;33200
51234;lunes; 11 de mayo de 2026;2:44 p. m.;cajero 1;Vendedor ;32049408;Ventas Mostrador;Efectivo;6957090201159;TETERO ONLY 4 ONZ SIN OREJAS;ACCESORIOS;6500;19000;1.00;19000
51233;lunes; 11 de mayo de 2026;2:09 p. m.;cajero 1;Vendedor ;32049408;Ventas Mostrador;Efectivo;7701021116536;PAÑAL WINNY ULTRATRIM SEC 2X30;PAÑAL;25979;29700;1.00;29700
51232;lunes; 11 de mayo de 2026;2:06 p. m.;cajero 1;Vendedor ;32049408;Ventas Mostrador;Efectivo;7708910757191;PAÑAL VALENTINA 5XXG X50;PAÑAL;55666;70900;1.00;70900
51231;lunes; 11 de mayo de 2026;1:50 p. m.;cajero 1;Vendedor ;32049408;Ventas Mostrador;Nequi;7701021116536;PAÑAL WINNY ULTRATRIM SEC 2X30;PAÑAL;25979;29700;1.00;29700
51231;lunes; 11 de mayo de 2026;1:50 p. m.;cajero 1;Vendedor ;32049408;Ventas Mostrador;Nequi;7701021145949;PAÑITOS WINNY ALOE X100;ASEO;9529;12500;1.00;12500
51230;domingo; 10 de mayo de 2026;7:55 p. m.;cajero 1;;32049408;Ventas Mostrador;Tarjeta Débito;1351-1;FAJA MATERNA T: M L Y XL;ACCESORIOS;30000;75000;1.00;75000
51229;domingo; 10 de mayo de 2026;6:33 p. m.;cajero 1;;32049408;Ventas Mostrador;Efectivo;6970817283337;PAÑITOS VALENTINA X 100;ASEO;5585;11600;1.00;11600
51228;domingo; 10 de mayo de 2026;6:19 p. m.;cajero 1;;32049408;Ventas Mostrador;Tarjeta Débito;1269;JEAN MATERNO PLUS 16 A 20;MATERNA;40000;76000;1.00;76000
51227;domingo; 10 de mayo de 2026;5:53 p. m.;cajero 1;;32049408;Ventas Mostrador;Efectivo;2025;MEDIA PATIN;ROPA;2750;6500;1.00;6500
51227;domingo; 10 de mayo de 2026;5:53 p. m.;cajero 1;;32049408;Ventas Mostrador;Efectivo;2088;BABUCHA BEBE;CALZADO;10000;28000;1.00;28000
51227;domingo; 10 de mayo de 2026;5:53 p. m.;cajero 1;;32049408;Ventas Mostrador;Efectivo;2132;BOLSA DE REGALO PEQUEÑA DECORADA;PAPELERIA;1750;3200;1.00;3200
51226;domingo; 10 de mayo de 2026;5:51 p. m.;cajero 1;;32049408;Ventas Mostrador;Efectivo;7701021117786;PAÑAL WINNY PANTS 4X50;PAÑAL;61716;71300;1.00;65596
51225;domingo; 10 de mayo de 2026;4:41 p. m.;cajero 1;;32049408;Ventas Mostrador;Efectivo;7701021145949;PAÑITOS WINNY ALOE X100;ASEO;9529;12500;1.00;12500
51225;domingo; 10 de mayo de 2026;4:41 p. m.;cajero 1;;32049408;Ventas Mostrador;Efectivo;7702026147631;PAÑITOS PEQUEÑIN ALMENDRA X 100 UND;ASEO;8333;10900;1.00;10900
51224;domingo; 10 de mayo de 2026;4:37 p. m.;cajero 1;;32049408;Ventas Mostrador;Nequi;71534232090;PATIN DE LANA CARTER;ROPA;14500;29000;1.00;29000
51223;domingo; 10 de mayo de 2026;4:22 p. m.;cajero 1;;32049408;Ventas Mostrador;Nequi;1003;PAPEL REGALO PLIEGO Y TARJETA;ACCESORIOS;321;1000;1.00;1000
51223;domingo; 10 de mayo de 2026;4:22 p. m.;cajero 1;;32049408;Ventas Mostrador;Nequi;1577;SEMANARIO DE BLUSAS UNICOLOR;ROPA;18000;36000;1.00;36000
51223;domingo; 10 de mayo de 2026;4:22 p. m.;cajero 1;;32049408;Ventas Mostrador;Nequi;2117-1;MEDIAS RECIEN NACIDO X UNIDAD;ROPA;875;2500;2.00;5000
51223;domingo; 10 de mayo de 2026;4:22 p. m.;cajero 1;;32049408;Ventas Mostrador;Nequi;0202-1;CEPILLO MUSICAL + PEINILLA;ACCESORIOS;6000;11000;1.00;11000
51222;domingo; 10 de mayo de 2026;2:43 p. m.;cajero 1;;32049408;Ventas Mostrador;Efectivo;7707199344801;PAÑAL VALENTINA 1PX30;PAÑAL;17377;22000;1.00;22000
51221;domingo; 10 de mayo de 2026;2:21 p. m.;cajero 1;;32049408;Ventas Mostrador;Efectivo;2025;MEDIA PATIN;ROPA;2750;6500;1.00;6500
51220;domingo; 10 de mayo de 2026;1:50 p. m.;cajero 1;;32049408;Ventas Mostrador;Nequi;71534232090;PATIN DE LANA CARTER;ROPA;14500;29000;1.00;29000
51220;domingo; 10 de mayo de 2026;1:50 p. m.;cajero 1;;32049408;Ventas Mostrador;Nequi;1751-2;CONJUNTO CHIKIS CHALECO CORBATIN;ROPA;42000;72000;1.00;72000
51220;domingo; 10 de mayo de 2026;1:50 p. m.;cajero 1;;32049408;Ventas Mostrador;Nequi;1133-6;MEDIA TOBACO X 3 T 0 A 18 MESES;ROPA;7500;13000;1.00;13000
51219;domingo; 10 de mayo de 2026;1:42 p. m.;cajero 1;;32049408;Ventas Mostrador;Nequi;1003;PAPEL REGALO PLIEGO Y TARJETA;ACCESORIOS;321;1000;1.00;1000
51219;domingo; 10 de mayo de 2026;1:42 p. m.;cajero 1;;32049408;Ventas Mostrador;Nequi;7702277581130;PAÑITOS ARRURRU ALOE X120;ASEO;9806;14300;1.00;14300
51219;domingo; 10 de mayo de 2026;1:42 p. m.;cajero 1;;32049408;Ventas Mostrador;Nequi;2509-17;VAJILLA SILOCONADA 8 PIEZAS;ACCESORIOS;35000;68000;1.00;68000
51218;domingo; 10 de mayo de 2026;1:39 p. m.;cajero 1;;32049408;Ventas Mostrador;Efectivo;7702277889106;COLONIA ARRURRU 120 ML AZUL + JABON NVA PREST;ASEO;20600;25800;1.00;25800
51217;domingo; 10 de mayo de 2026;1:30 p. m.;cajero 1;;32049408;Ventas Mostrador;Nequi;1515;ZAPATO CHAROL VALETA;CALZADO;23000;42000;1.00;42000
51216;domingo; 10 de mayo de 2026;1:12 p. m.;cajero 1;;32049408;Ventas Mostrador;Efectivo;1917;BOLSA DE REGALO MEDIANA DECORADA NIÑOS;PAPELERIA;2416;4300;1.00;4300
51215;domingo; 10 de mayo de 2026;1:11 p. m.;cajero 1;;32049408;Ventas Mostrador;Efectivo;1577;SEMANARIO DE BLUSAS UNICOLOR;ROPA;18000;36000;1.00;36000
51215;domingo; 10 de mayo de 2026;1:11 p. m.;cajero 1;;32049408;Ventas Mostrador;Efectivo;280;CONJUNTO CHIKIS BODY + VESTIDO;ROPA;33000;62000;1.00;62000
51214;domingo; 10 de mayo de 2026;12:21 p. m.;cajero 1;;32049408;Ventas Mostrador;Nequi;1721;SEMANARIO 14 PIEZAS;ROPA;28000;50000;1.00;50000
51213;domingo; 10 de mayo de 2026;11:57 a. m.;cajero 1;;32049408;Ventas Mostrador;Efectivo;1917;BOLSA DE REGALO MEDIANA DECORADA NIÑOS;PAPELERIA;2416;4300;1.00;4300
51213;domingo; 10 de mayo de 2026;11:57 a. m.;cajero 1;;32049408;Ventas Mostrador;Efectivo;2152-1;CONJUNTO 3 PIEZAS T:2 A T:8 PAULIS;ROPA;35000;72000;1.00;72000
51212;domingo; 10 de mayo de 2026;11:49 a. m.;cajero 1;;32049408;Ventas Mostrador;Nequi;7891150036383;JABON LIQUIDO DOVE BABY HIPOALERGENICO;ASEO;23900;31000;1.00;31000
51211;domingo; 10 de mayo de 2026;10:02 a. m.;cajero 1;;32049408;Ventas Mostrador;Efectivo;1677;PAÑAL ETAPA 4 X UNIDAD;PAÑAL;1036;1700;3.00;5100
51210;sábado; 9 de mayo de 2026;8:31 p. m.;cajero 1;;32049408;Ventas Mostrador;Efectivo;2152-1;CONJUNTO 3 PIEZAS T:2 A T:8 PAULIS;ROPA;35000;72000;2.00;144000
51209;sábado; 9 de mayo de 2026;7:33 p. m.;cajero 1;;32049408;Ventas Mostrador;Efectivo;2132;BOLSA DE REGALO PEQUEÑA DECORADA;PAPELERIA;1750;3200;1.00;3200
51209;sábado; 9 de mayo de 2026;7:33 p. m.;cajero 1;;32049408;Ventas Mostrador;Efectivo;1379-1;VESTIDOS MEIQUITOS;ROPA;15000;30000;1.00;30000
51208;sábado; 9 de mayo de 2026;7:32 p. m.;cajero 1;;32049408;Ventas Mostrador;Nequi;7707199348427;PAÑAL VALENTINA 5XXG X30;PAÑAL;35466;42900;1.00;42900
51207;sábado; 9 de mayo de 2026;6:55 p. m.;cajero 1;;32049408;Ventas Mostrador;Nequi;7701021111845;PAÑAL WINNY ULTRATRIM SEC 3X50;PAÑAL;50170;57900;1.00;53268
51206;sábado; 9 de mayo de 2026;6:28 p. m.;cajero 1;;32049408;Ventas Mostrador;Efectivo;1930-8;GORRO HILO RECIEN NACIDO;ROPA;4500;12000;1.00;12000
51205;sábado; 9 de mayo de 2026;6:22 p. m.;cajero 1;;32049408;Ventas Mostrador;Efectivo;4863-2;PAVA BEBE EN PANA -DRILL;ACCESORIOS;13000;28500;1.00;28500
51204;sábado; 9 de mayo de 2026;6:18 p. m.;cajero 1;;32049408;Ventas Mostrador;Efectivo;7701021116666;PAÑAL WINNY ULTRATRIM PANT 5X30;PAÑAL;41907;46900;1.00;44555
51203;sábado; 9 de mayo de 2026;6:14 p. m.;cajero 1;;32049408;Ventas Mostrador;Efectivo;7702057088835;CREMA NUMERO.4 X20 GRAMOS ORIGINAL;ASEO;8562;9900;1.00;9900
51203;sábado; 9 de mayo de 2026;6:14 p. m.;cajero 1;;32049408;Ventas Mostrador;Efectivo;2132;BOLSA DE REGALO PEQUEÑA DECORADA;PAPELERIA;1750;3200;1.00;3200
51203;sábado; 9 de mayo de 2026;6:14 p. m.;cajero 1;;32049408;Ventas Mostrador;Efectivo;1943-1;BODY SUNNOZY X UNIDAD;ROPA;9821;17000;1.00;17000
51202;sábado; 9 de mayo de 2026;5:46 p. m.;cajero 1;;32049408;Ventas Mostrador;Efectivo;7702277395256;PAÑITOS ARRURRU AVENA X100;ASEO;8333;14500;1.00;14500
51201;sábado; 9 de mayo de 2026;5:12 p. m.;cajero 1;;32049408;Ventas Mostrador;Efectivo;1379-1;VESTIDOS MEIQUITOS;ROPA;15000;30000;1.00;30000
51200;sábado; 9 de mayo de 2026;5:01 p. m.;cajero 1;;32049408;Ventas Mostrador;Efectivo;1186;BAYETILLA CAMISA ROJA X3;ROPA;7500;14200;1.00;14200
51198;sábado; 9 de mayo de 2026;4:53 p. m.;cajero 1;;32049408;Ventas Mostrador;Efectivo;7701021144829;PAÑAL WINNY ULTRATRIM SENSITIVE 0X30;PAÑAL;19649;23500;1.00;23500
51197;sábado; 9 de mayo de 2026;4:42 p. m.;cajero 1;;32049408;Ventas Mostrador;Efectivo;2088;BABUCHA BEBE;CALZADO;10000;28000;1.00;28000
51197;sábado; 9 de mayo de 2026;4:42 p. m.;cajero 1;;32049408;Ventas Mostrador;Efectivo;1010;PAÑALERA DE LADO ECONOMICA;PAÑALERA;40000;75000;1.00;75000
51196;sábado; 9 de mayo de 2026;4:35 p. m.;cajero 1;;32049408;Ventas Mostrador;Efectivo;1207-2;OVEROL MATERNO EN DRIIL TALLA 6 A 14;MATERNA;55000;110000;1.00;110000
51195;sábado; 9 de mayo de 2026;4:34 p. m.;cajero 1;;32049408;Ventas Mostrador;Efectivo;1265;BLUSA MATERNA SURTIDA;MATERNA;19000;38000;1.00;38000
51194;sábado; 9 de mayo de 2026;4:33 p. m.;cajero 1;;32049408;Ventas Mostrador;Tarjeta Débito;1726;ZAPATO NO TUERCE;CALZADO;15000;35000;1.00;35000
51194;sábado; 9 de mayo de 2026;4:33 p. m.;cajero 1;;32049408;Ventas Mostrador;Tarjeta Débito;1133-5;MEDIA TOBACO X UNIDAD T 0 A 18 MESES;ROPA;2500;4500;1.00;4500
51193;sábado; 9 de mayo de 2026;4:17 p. m.;cajero 1;;32049408;Ventas Mostrador;Efectivo;1003;PAPEL REGALO PLIEGO Y TARJETA;ACCESORIOS;321;1000;1.00;1000
51192;sábado; 9 de mayo de 2026;4:13 p. m.;cajero 1;;32049408;Ventas Mostrador;Efectivo;7701021116499;PAÑAL WINNY ULTRATRIM SEC 1X30;PAÑAL;21743;25500;1.00;25500
51192;sábado; 9 de mayo de 2026;4:13 p. m.;cajero 1;;32049408;Ventas Mostrador;Efectivo;7702277563808;ESTUCHE ARRURRU BABY SHOWER NIÑO NVA PRESENTACION;ASEO;44661;55900;1.00;55900
51191;sábado; 9 de mayo de 2026;4:03 p. m.;cajero 1;;32049408;Ventas Mostrador;Nequi;1629;LEGIS MATERNO ALGODON S-M;MATERNA;18000;38000;1.00;38000
51190;sábado; 9 de mayo de 2026;3:37 p. m.;cajero 1;;32049408;Ventas Mostrador;Efectivo;1917;BOLSA DE REGALO MEDIANA DECORADA NIÑOS;PAPELERIA;2416;4300;1.00;4300
51190;sábado; 9 de mayo de 2026;3:37 p. m.;cajero 1;;32049408;Ventas Mostrador;Efectivo;3211-3;CONJUNTO MELODY CHAQUETA BEISBOLERA NIÑO;ROPA;50000;110000;1.00;99990
51189;sábado; 9 de mayo de 2026;3:09 p. m.;cajero 1;;32049408;Ventas Mostrador;Efectivo;7701021145949;PAÑITOS WINNY ALOE X100;ASEO;9529;12500;1.00;12500
51188;sábado; 9 de mayo de 2026;3:05 p. m.;cajero 1;;32049408;Ventas Mostrador;Nequi;7707233050095;BIBERON CORCHITO 5 ONZ;ACCESORIOS;4156;9500;1.00;9500
51188;sábado; 9 de mayo de 2026;3:05 p. m.;cajero 1;;32049408;Ventas Mostrador;Nequi;1379;CONJUNTO MEIQUITOS BABY;ROPA;15000;30000;1.00;30000
51187;sábado; 9 de mayo de 2026;2:22 p. m.;cajero 1;;32049408;Ventas Mostrador;Efectivo;6970817284006;PAñITOS VALENTINA 120 UND;ASEO;6944;12800;1.00;12800
51186;sábado; 9 de mayo de 2026;1:36 p. m.;cajero 1;;32049408;Ventas Mostrador;Efectivo;1771-1;BABERO CARITA;ACCESORIOS;5000;10000;1.00;10000
51185;sábado; 9 de mayo de 2026;1:33 p. m.;cajero 1;;32049408;Ventas Mostrador;Nequi;1162;PRIMERA MUDA DE BOLSA MAJU BABY;ROPA;16000;38000;1.00;38000
51184;sábado; 9 de mayo de 2026;1:30 p. m.;cajero 1;;32049408;Ventas Mostrador;Efectivo;6957931451705;PAÑAL VALENTINA ADULTO PANT M X20;PAÑAL;54500;79600;1.00;79600
51183;sábado; 9 de mayo de 2026;1:26 p. m.;cajero 1;;32049408;Ventas Mostrador;Efectivo;2025;MEDIA PATIN;ROPA;2750;6500;1.00;6500
51183;sábado; 9 de mayo de 2026;1:26 p. m.;cajero 1;;32049408;Ventas Mostrador;Efectivo;1930-8;GORRO HILO RECIEN NACIDO;ROPA;4500;12000;1.00;12000
51182;sábado; 9 de mayo de 2026;12:23 p. m.;cajero 1;;32049408;Ventas Mostrador;Efectivo;7702277943150....;ESTUCHE VIAJERO NIÑO NVA PRESENTACION;ASEO;24728;32200;1.00;32200
51181;sábado; 9 de mayo de 2026;12:21 p. m.;cajero 1;;32049408;Ventas Mostrador;Efectivo;3211-5;CONJUNTO MELODY CHAQUETA LEÑADOR NIÑO;ROPA;60000;110000;1.00;110000
51180;sábado; 9 de mayo de 2026;12:19 p. m.;cajero 1;;32049408;Ventas Mostrador;Tarjeta crédito;7701021116499;PAÑAL WINNY ULTRATRIM SEC 1X30;PAÑAL;21743;25500;2.00;51000
51180;sábado; 9 de mayo de 2026;12:19 p. m.;cajero 1;;32049408;Ventas Mostrador;Tarjeta crédito;1015-1;ZAPATO PILIN - PATILIN T: 18 A 22;ZAPATO;38000;67000;1.00;67000
51180;sábado; 9 de mayo de 2026;12:19 p. m.;cajero 1;;32049408;Ventas Mostrador;Tarjeta crédito;2391;VESTIDO NIÑA CON BALACA YURANI;ROPA;22000;44000;1.00;44000
51179;sábado; 9 de mayo de 2026;12:13 p. m.;cajero 1;;32049408;Ventas Mostrador;Efectivo;2043;ABRIGO GABAN PRINCESA;ROPA;44000;90000;1.00;90000
51179;sábado; 9 de mayo de 2026;12:13 p. m.;cajero 1;;32049408;Ventas Mostrador;Efectivo;1015-1;ZAPATO PILIN - PATILIN T: 18 A 22;ZAPATO;38000;67000;1.00;67000
51178;sábado; 9 de mayo de 2026;12:10 p. m.;cajero 1;;32049408;Ventas Mostrador;Efectivo;1186;BAYETILLA CAMISA ROJA X3;ROPA;7500;14200;1.00;14200
51177;sábado; 9 de mayo de 2026;11:14 a. m.;cajero 1;;32049408;Ventas Mostrador;Nequi;1998;TORERO DE HILO;ROPA;20000;40000;1.00;40000
51176;sábado; 9 de mayo de 2026;10:44 a. m.;cajero 1;;32049408;Ventas Mostrador;Tarjeta crédito;7702277375838;ESTUCHE ARRURRU VIAJERO ROSADO NVA PRESENTACION;ASEO;23800;32200;1.00;32200
51176;sábado; 9 de mayo de 2026;10:44 a. m.;cajero 1;;32049408;Ventas Mostrador;Tarjeta crédito;1917;BOLSA DE REGALO MEDIANA DECORADA NIÑOS;PAPELERIA;2416;4300;2.00;8600
51176;sábado; 9 de mayo de 2026;10:44 a. m.;cajero 1;;32049408;Ventas Mostrador;Tarjeta crédito;7702277581130;PAÑITOS ARRURRU ALOE X120;ASEO;9806;14300;1.00;14300
51175;sábado; 9 de mayo de 2026;10:02 a. m.;cajero 1;;32049408;Ventas Mostrador;Efectivo;1186;BAYETILLA CAMISA ROJA X3;ROPA;7500;14200;1.00;14200
51174;sábado; 9 de mayo de 2026;9:58 a. m.;cajero 1;;32049408;Ventas Mostrador;Efectivo;1186;BAYETILLA CAMISA ROJA X3;ROPA;7500;14200;1.00;14200
51173;viernes; 8 de mayo de 2026;8:04 p. m.;cajero 1;Vendedor ;32049408;Ventas Mostrador;Nequi;7701021111821;PAÑAL WINNY ULTRATRIM 3X30;PAÑAL;31687;35800;1.00;34010
51172;viernes; 8 de mayo de 2026;7:41 p. m.;cajero 1;Vendedor ;32049408;Ventas Mostrador;Efectivo;7707199344801;PAÑAL VALENTINA 1PX30;PAÑAL;17377;22000;1.00;22000
51171;viernes; 8 de mayo de 2026;6:56 p. m.;cajero 1;Vendedor ;32049408;Ventas Mostrador;Efectivo;7701021116635;PAÑAL WINNY ULTRATRIM PANT 4X30;PAÑAL;38518;42600;1.00;40470
51170;viernes; 8 de mayo de 2026;6:37 p. m.;cajero 1;Vendedor ;32049408;Ventas Mostrador;Nequi;1943-1;BODY SUNNOZY X UNIDAD;ROPA;9821;17000;1.00;17000
51169;viernes; 8 de mayo de 2026;4:48 p. m.;cajero 1;Vendedor ;32049408;Ventas Mostrador;Efectivo;7701021111975;PAÑAL WINNY 0X50;PAÑAL;32517;34500;1.00;34500
51168;viernes; 8 de mayo de 2026;2:55 p. m.;cajero 1;Vendedor ;32049408;Ventas Mostrador;Efectivo;7701021116581;PAÑAL WINNY ULTRATRIM SEC 2X50;PAÑAL;42430;49900;1.00;45908
51168;viernes; 8 de mayo de 2026;2:55 p. m.;cajero 1;Vendedor ;32049408;Ventas Mostrador;Efectivo;7702277244271;COLONIA ARRURRU 30 ML ROSADA NVA PRESENTACION;ASEO;6600;8300;1.00;8300
51167;viernes; 8 de mayo de 2026;2:29 p. m.;cajero 1;Vendedor ;32049408;Ventas Mostrador;Efectivo;1515;ZAPATO CHAROL VALETA;CALZADO;23000;42000;1.00;42000
51166;viernes; 8 de mayo de 2026;1:05 p. m.;cajero 1;Vendedor ;32049408;Ventas Mostrador;Efectivo;A8035;CHUPO FRUTA MOBY;ACCESORIOS;12341;13000;1.00;13000
51165;viernes; 8 de mayo de 2026;12:52 p. m.;cajero 1;Vendedor ;32049408;Ventas Mostrador;Efectivo;PTQ1167;CHUPO REPUESTO ONLY KTT-030;ACCESORIOS;1800;6500;1.00;6500
51164;viernes; 8 de mayo de 2026;12:17 p. m.;cajero 1;Vendedor ;32049408;Ventas Mostrador;Efectivo;1726;ZAPATO NO TUERCE;CALZADO;15000;35000;1.00;35000
51163;viernes; 8 de mayo de 2026;10:44 a. m.;cajero 1;Vendedor ;32049408;Ventas Mostrador;Efectivo;1190;CIRIO SENCILLO;BAUTIZO;5000;8500;1.00;8500
51162;viernes; 8 de mayo de 2026;10:35 a. m.;cajero 1;Vendedor ;32049408;Ventas Mostrador;Tarjeta Débito;2028;CAMINADOR PINPONG;CAMINADORES;65000;95000;1.00;95000
51161;jueves; 7 de mayo de 2026;8:09 p. m.;cajero 1;Vendedor ;32049408;Ventas Mostrador;Efectivo;4863;GORRA Y PAVA PANA DECORADA OSO;ACCESORIOS;11000;26500;1.00;26500
51160;jueves; 7 de mayo de 2026;7:47 p. m.;cajero 1;Vendedor ;32049408;Ventas Mostrador;Nequi;328;BODY FABI 3 -4 UND;ROPA;23000;42000;1.00;42000
51160;jueves; 7 de mayo de 2026;7:47 p. m.;cajero 1;Vendedor ;32049408;Ventas Mostrador;Nequi;7702277084198;COLONIA ARRURRU NIÑO NVA PRESENTACION 30 ML;ASEO;6600;8300;1.00;8300
51159;jueves; 7 de mayo de 2026;7:24 p. m.;cajero 1;Vendedor ;32049408;Ventas Mostrador;Efectivo;7701021117908;PAÑAL WINNY PANTS 5X50;PAÑAL;67754;78000;1.00;71760
51158;jueves; 7 de mayo de 2026;5:48 p. m.;cajero 1;Vendedor ;32049408;Ventas Mostrador;Nequi;1121;SONAJERO ANIMALITOS CHILLON;ACCESORIOS;14000;22500;1.00;22500
51157;jueves; 7 de mayo de 2026;4:58 p. m.;cajero 1;Vendedor ;32049408;Ventas Mostrador;Nequi;1726;ZAPATO NO TUERCE;CALZADO;15000;35000;1.00;35000
51156;jueves; 7 de mayo de 2026;4:34 p. m.;cajero 1;Vendedor ;32049408;Ventas Mostrador;Efectivo;1318;PIJAMA CARTER NB A 36 MESES;ROPA;35000;47000;1.00;47000
51156;jueves; 7 de mayo de 2026;4:34 p. m.;cajero 1;Vendedor ;32049408;Ventas Mostrador;Efectivo;2152-1;CONJUNTO 3 PIEZAS T:2 A T:8 PAULIS;ROPA;35000;72000;1.00;72000
51155;jueves; 7 de mayo de 2026;4:26 p. m.;cajero 1;Vendedor ;32049408;Ventas Mostrador;Nequi;7701021117908;PAÑAL WINNY PANTS 5X50;PAÑAL;67754;78000;1.00;71760
51154;jueves; 7 de mayo de 2026;1:20 p. m.;cajero 1;Vendedor ;32049408;Ventas Mostrador;Efectivo;1186;BAYETILLA CAMISA ROJA X3;ROPA;7500;14200;1.00;14200
51153;jueves; 7 de mayo de 2026;12:51 p. m.;cajero 1;Vendedor ;32049408;Ventas Mostrador;Nequi;1262;LEGIS MATERNO SUPLEX FINO 16-18;MATERNA;30000;58000;1.00;58000
51152;jueves; 7 de mayo de 2026;12:36 p. m.;cajero 1;Vendedor ;32049408;Ventas Mostrador;Nequi;2025;MEDIA PATIN;ROPA;2750;6500;1.00;6500
51152;jueves; 7 de mayo de 2026;12:36 p. m.;cajero 1;Vendedor ;32049408;Ventas Mostrador;Nequi;2132;BOLSA DE REGALO PEQUEÑA DECORADA;PAPELERIA;1750;3200;1.00;3200
51152;jueves; 7 de mayo de 2026;12:36 p. m.;cajero 1;Vendedor ;32049408;Ventas Mostrador;Nequi;1379;CONJUNTO MEIQUITOS BABY;ROPA;15000;30000;1.00;30000
51151;jueves; 7 de mayo de 2026;12:15 p. m.;cajero 1;Vendedor ;32049408;Ventas Mostrador;Efectivo;4174;PAÑAL WINNY ETAPA 5 X UNIDAD;PAÑAL;1273;1800;4.00;7200
51150;jueves; 7 de mayo de 2026;10:29 a. m.;cajero 1;Vendedor ;32049408;Ventas Mostrador;Efectivo;2025;MEDIA PATIN;ROPA;2750;6500;1.00;6500
51149;miércoles; 6 de mayo de 2026;7:02 p. m.;Maria Barbosa Neuque;Vendedor ;32049408;Ventas Mostrador;Nequi;1168-4;CHALECO IMPORTADO NIÑO;ROPA;50000;100000;1.00;95000
51148;miércoles; 6 de mayo de 2026;6:51 p. m.;Maria Barbosa Neuque;Vendedor ;32049408;Ventas Mostrador;Nequi;1769;MARACA SONAJERO PASTA;ACCESORIOS;2342;3500;2.00;7000
51148;miércoles; 6 de mayo de 2026;6:51 p. m.;Maria Barbosa Neuque;Vendedor ;32049408;Ventas Mostrador;Nequi;1133-5;MEDIA TOBACO X UNIDAD T 0 A 18 MESES;ROPA;2500;4500;2.00;9000
51147;miércoles; 6 de mayo de 2026;6:05 p. m.;Maria Barbosa Neuque;Vendedor ;32049408;Ventas Mostrador;Tarjeta Débito;7702031318484;CREMA JOHNSON LIQUIDA AVENA X800ML;ASEO;35000;52900;1.00;52900
51147;miércoles; 6 de mayo de 2026;6:05 p. m.;Maria Barbosa Neuque;Vendedor ;32049408;Ventas Mostrador;Tarjeta Débito;7702277195023;COLONIA ARRURRU 120 ML ROSADA + JABON;ASEO;20600;25800;1.00;25800
51147;miércoles; 6 de mayo de 2026;6:05 p. m.;Maria Barbosa Neuque;Vendedor ;32049408;Ventas Mostrador;Tarjeta Débito;7702277889106;COLONIA ARRURRU 120 ML AZUL + JABON NVA PREST;ASEO;20600;25800;1.00;25800
51146;miércoles; 6 de mayo de 2026;3:27 p. m.;Maria Barbosa Neuque;Vendedor ;32049408;Ventas Mostrador;Efectivo;1572;PRIMERA MUDA IMPORTADA HONOR BABY;ROPA;40000;75000;1.00;75000
51145;miércoles; 6 de mayo de 2026;3:06 p. m.;Maria Barbosa Neuque;Vendedor ;32049408;Ventas Mostrador;Daviplata;2224;TUTU POR UNIDAD;ROPA;13000;26900;1.00;26900
51144;miércoles; 6 de mayo de 2026;2:36 p. m.;Maria Barbosa Neuque;Vendedor ;32049408;Ventas Mostrador;Nequi;7707199346270;PAÑAL VALENTINA 4XG X50;PAÑAL;49566;64000;1.00;64000
51144;miércoles; 6 de mayo de 2026;2:36 p. m.;Maria Barbosa Neuque;Vendedor ;32049408;Ventas Mostrador;Nequi;7702057088835;CREMA NUMERO.4 X20 GRAMOS ORIGINAL;ASEO;8562;9900;1.00;9900
51144;miércoles; 6 de mayo de 2026;2:36 p. m.;Maria Barbosa Neuque;Vendedor ;32049408;Ventas Mostrador;Nequi;1726;ZAPATO NO TUERCE;CALZADO;15000;35000;1.00;35000
51144;miércoles; 6 de mayo de 2026;2:36 p. m.;Maria Barbosa Neuque;Vendedor ;32049408;Ventas Mostrador;Nequi;6970817284006;PAñITOS VALENTINA 120 UND;ASEO;6944;12800;1.00;12800
51143;miércoles; 6 de mayo de 2026;2:23 p. m.;Maria Barbosa Neuque;Vendedor ;32049408;Ventas Mostrador;Daviplata;6927022241621;VALENTINA BABY PANTS XXL X20;PAÑAL;21600;32000;1.00;32000
51143;miércoles; 6 de mayo de 2026;2:23 p. m.;Maria Barbosa Neuque;Vendedor ;32049408;Ventas Mostrador;Daviplata;2224;TUTU POR UNIDAD;ROPA;13000;26900;1.00;25017
51142;miércoles; 6 de mayo de 2026;1:51 p. m.;Maria Barbosa Neuque;Vendedor ;32049408;Ventas Mostrador;Efectivo;7701021116536;PAÑAL WINNY ULTRATRIM SEC 2X30;PAÑAL;25979;29700;1.00;29700
51142;miércoles; 6 de mayo de 2026;1:51 p. m.;Maria Barbosa Neuque;Vendedor ;32049408;Ventas Mostrador;Efectivo;2117-1;MEDIAS RECIEN NACIDO X UNIDAD;ROPA;875;2500;1.00;2500
51141;miércoles; 6 de mayo de 2026;1:08 p. m.;Maria Barbosa Neuque;Vendedor ;32049408;Ventas Mostrador;Efectivo;5505;CONJUNTO UVITAS BAUTIZO NIÑO;ROPA;63000;100000;1.00;100000
51140;miércoles; 6 de mayo de 2026;11:41 a. m.;Maria Barbosa Neuque;Vendedor ;32049408;Ventas Mostrador;Nequi;166054;TINA ECONOMICA DE COLORES CON BASE;ASEO;27500;45000;1.00;45000
51139;miércoles; 6 de mayo de 2026;10:48 a. m.;Maria Barbosa Neuque;Vendedor ;32049408;Ventas Mostrador;Daviplata;PTQ1167;CHUPO REPUESTO ONLY KTT-030;ACCESORIOS;1800;6500;1.00;6500
51138;martes; 5 de mayo de 2026;8:19 p. m.;cajero 1;Vendedor ;32049408;Ventas Mostrador;Nequi;7701021116031;PAÑAL WINNY SEC 5X50;PAÑAL;67753;78000;1.00;71760
51137;martes; 5 de mayo de 2026;7:29 p. m.;cajero 1;Vendedor ;32049408;Ventas Mostrador;Efectivo;2140;RUANA TERMICA ESTAMPADA;LENCERIA;25000;45000;1.00;45000
51136;martes; 5 de mayo de 2026;5:59 p. m.;cajero 1;Vendedor ;32049408;Ventas Mostrador;Efectivo;7701021116499;PAÑAL WINNY ULTRATRIM SEC 1X30;PAÑAL;21743;25500;1.00;25500
51135;martes; 5 de mayo de 2026;5:34 p. m.;cajero 1;Vendedor ;32049408;Ventas Mostrador;Efectivo;7701021147585;PAÑAL WINNY ULTRATRIM SEC 4X50;PAÑAL;61716;71300;1.00;65596
51134;martes; 5 de mayo de 2026;4:28 p. m.;cajero 1;Vendedor ;32049408;Ventas Mostrador;Nequi;2394;VASO BOQUILLA DURA INFACTEC;ACCESORIOS;9700;19400;1.00;19400
51133;martes; 5 de mayo de 2026;4:09 p. m.;cajero 1;Vendedor ;32049408;Ventas Mostrador;Efectivo;2115;BABERO SEMANARIO X7;ACCESORIOS;8000;14000;1.00;14000
51133;martes; 5 de mayo de 2026;4:09 p. m.;cajero 1;Vendedor ;32049408;Ventas Mostrador;Efectivo;7707233050361;BIBERON POPOCHO CORCHITO 10 ONZ;ACCESORIOS;10257;18300;1.00;18300
51132;martes; 5 de mayo de 2026;4:08 p. m.;cajero 1;Vendedor ;32049408;Ventas Mostrador;Nequi;1718;ZAPATO TELA BEBE;CALZADO;10000;22000;1.00;22000
51132;martes; 5 de mayo de 2026;4:08 p. m.;cajero 1;Vendedor ;32049408;Ventas Mostrador;Nequi;0031-2;PIJAMA 2 PIEZAS BUSO CERRADO;ROPA;22000;40000;1.00;40000
51131;martes; 5 de mayo de 2026;1:09 p. m.;cajero 1;Vendedor ;32049408;Ventas Mostrador;Efectivo;7707233050095;BIBERON CORCHITO 5 ONZ;ACCESORIOS;4156;9500;1.00;9500
51130;martes; 5 de mayo de 2026;12:38 p. m.;cajero 1;Vendedor ;32049408;Ventas Mostrador;Efectivo;PTQ1167;CHUPO REPUESTO ONLY KTT-030;ACCESORIOS;1800;6500;1.00;6500
51129;martes; 5 de mayo de 2026;9:53 a. m.;cajero 1;Vendedor ;32049408;Ventas Mostrador;Efectivo;6957931451712;PAÑAL VALENTINA ADULTO PANT L X20;PAÑAL;59000;86200;1.00;86200
51128;martes; 5 de mayo de 2026;9:46 a. m.;cajero 1;Vendedor ;32049408;Ventas Mostrador;Efectivo;3070;ROPA INTERIOR NIÑA X UNIDAD;ROPA;2000;6000;1.00;6000
51128;martes; 5 de mayo de 2026;9:46 a. m.;cajero 1;Vendedor ;32049408;Ventas Mostrador;Efectivo;2154;ROPA INTERIOR NIÑO BOXER X UNIDAD SUPER HEROES;ROPA;3500;6500;2.00;13000
51127;lunes; 4 de mayo de 2026;7:39 p. m.;cajero 1;Vendedor ;32049408;Ventas Mostrador;Efectivo;1331-2;PANTALON DE NIÑO DRILL;ROPA;36000;62000;1.00;62000
51126;lunes; 4 de mayo de 2026;7:23 p. m.;cajero 1;Vendedor ;32049408;Ventas Mostrador;Nequi;1135;BATA LABORATORIO NIÑO;COLEGIO;14000;25000;1.00;25000
51125;lunes; 4 de mayo de 2026;7:18 p. m.;cajero 1;Vendedor ;32049408;Ventas Mostrador;Efectivo;1003;PAPEL REGALO PLIEGO Y TARJETA;ACCESORIOS;321;1000;1.00;1000
51125;lunes; 4 de mayo de 2026;7:18 p. m.;cajero 1;Vendedor ;32049408;Ventas Mostrador;Efectivo;2157;CONJUNTO DE JEANS CON BUSO CERRADO;ROPA;35500;70000;1.00;70000
51124;lunes; 4 de mayo de 2026;6:38 p. m.;cajero 1;Vendedor ;32049408;Ventas Mostrador;Efectivo;1419-1;MEDIA CACHIMIR BLANCA NIÑO T:2 - T:12;COLEGIO;9500;16900;1.00;16900
51123;lunes; 4 de mayo de 2026;6:24 p. m.;cajero 1;Vendedor ;32049408;Ventas Mostrador;Nequi;7701021116536;PAÑAL WINNY ULTRATRIM SEC 2X30;PAÑAL;25979;29700;1.00;28215
51122;lunes; 4 de mayo de 2026;5:47 p. m.;cajero 1;Vendedor ;32049408;Ventas Mostrador;Efectivo;1003;PAPEL REGALO PLIEGO Y TARJETA;ACCESORIOS;321;1000;1.00;1000
51122;lunes; 4 de mayo de 2026;5:47 p. m.;cajero 1;Vendedor ;32049408;Ventas Mostrador;Efectivo;1196-2;SUDADERA PAULIS DOBLE PANTALONEST2 A T10;ROPA;32500;66000;1.00;66000
51121;lunes; 4 de mayo de 2026;5:28 p. m.;cajero 1;Vendedor ;32049408;Ventas Mostrador;Nequi;7708379271603;VASO CORCHITO 360;ACCESORIOS;9611;27000;1.00;27000
51121;lunes; 4 de mayo de 2026;5:28 p. m.;cajero 1;Vendedor ;32049408;Ventas Mostrador;Nequi;2394;VASO BOQUILLA DURA INFACTEC;ACCESORIOS;9700;19400;1.00;19400
51120;lunes; 4 de mayo de 2026;5:17 p. m.;cajero 1;Vendedor ;32049408;Ventas Mostrador;Nequi;1791;FORRO MEDIANO CALIBRE 4;ACCESORIOS;11000;17500;1.00;17500
51119;lunes; 4 de mayo de 2026;5:08 p. m.;cajero 1;Vendedor ;32049408;Ventas Mostrador;Nequi;1344;FORRO EXTRA GRANDE CALIBRE 4;ACCESORIOS;11000;19500;1.00;19500
51118;lunes; 4 de mayo de 2026;4:32 p. m.;cajero 1;Vendedor ;32049408;Ventas Mostrador;Nequi;2810;JEAN OVERSIZE NIÑA SHENIY;ROPA;47000;78000;1.00;78000
51117;lunes; 4 de mayo de 2026;4:22 p. m.;cajero 1;Vendedor ;32049408;Ventas Mostrador;Nequi;1980;MEDIAS MICROFIBRA 2-4-6-8-10-12;ROPA;8500;17900;1.00;17900
51116;lunes; 4 de mayo de 2026;3:54 p. m.;cajero 1;Vendedor ;32049408;Ventas Mostrador;Efectivo;1380556515610;COPITOS VALENTINA X100 UN;ASEO;2150;3500;1.00;3500
51115;lunes; 4 de mayo de 2026;3:38 p. m.;cajero 1;Vendedor ;32049408;Ventas Mostrador;Efectivo;1294-6;CONJUNTO MAKKI NIÑA;ROPA;31000;46000;1.00;46000
51114;lunes; 4 de mayo de 2026;3:35 p. m.;cajero 1;Vendedor ;32049408;Ventas Mostrador;Efectivo;328;BODY FABI 3 -4 UND;ROPA;23000;42000;1.00;42000
51113;lunes; 4 de mayo de 2026;12:42 p. m.;cajero 1;Vendedor ;32049408;Ventas Mostrador;Efectivo;2132;BOLSA DE REGALO PEQUEÑA DECORADA;PAPELERIA;1750;3200;1.00;3200
51113;lunes; 4 de mayo de 2026;12:42 p. m.;cajero 1;Vendedor ;32049408;Ventas Mostrador;Efectivo;2205;VESTIDO MAJA FASHION;ROPA;27000;62000;1.00;62000
51112;lunes; 4 de mayo de 2026;12:38 p. m.;cajero 1;Vendedor ;32049408;Ventas Mostrador;Nequi;1135;BATA LABORATORIO NIÑO;COLEGIO;14000;25000;1.00;25000
51111;lunes; 4 de mayo de 2026;11:10 a. m.;cajero 1;Vendedor ;32049408;Ventas Mostrador;Nequi;2146-1;PAÑAL DE TELA BLANCO X UNIDAD;ACCESORIOS;3000;5500;2.00;11000
51110;domingo; 3 de mayo de 2026;7:50 p. m.;cajero 1;;32049408;Ventas Mostrador;Nequi;1905;MITONES X 3;ROPA;5000;10500;1.00;10500
51110;domingo; 3 de mayo de 2026;7:50 p. m.;cajero 1;;32049408;Ventas Mostrador;Nequi;572;TETERO ONLY 2 ONZ;ACCESORIOS;7222;14000;1.00;14000
51109;domingo; 3 de mayo de 2026;7:29 p. m.;cajero 1;;32049408;Ventas Mostrador;Efectivo;1135;BATA LABORATORIO NIÑO;COLEGIO;14000;25000;1.00;25000
51108;domingo; 3 de mayo de 2026;7:04 p. m.;cajero 1;;32049408;Ventas Mostrador;Efectivo;6957090201159;TETERO ONLY 4 ONZ SIN OREJAS;ACCESORIOS;6500;19000;1.00;19000
51107;domingo; 3 de mayo de 2026;6:46 p. m.;cajero 1;;32049408;Ventas Mostrador;Efectivo;7701021111845;PAÑAL WINNY ULTRATRIM SEC 3X50;PAÑAL;50170;57900;1.00;53268
51106;domingo; 3 de mayo de 2026;6:45 p. m.;cajero 1;;32049408;Ventas Mostrador;Tarjeta Débito;7702277617112;COLONIA ARRURRU 800 ML ROSADA NVA PRESENT;ASEO;44965;66200;1.00;66200
51105;domingo; 3 de mayo de 2026;6:43 p. m.;cajero 1;;32049408;Ventas Mostrador;Efectivo;1726;ZAPATO NO TUERCE;CALZADO;15000;35000;1.00;35000
51104;domingo; 3 de mayo de 2026;6:42 p. m.;cajero 1;;32049408;Ventas Mostrador;Nequi;1904;FAJEROS;ROPA;1666;4000;2.00;8000
51103;domingo; 3 de mayo de 2026;6:24 p. m.;cajero 1;;32049408;Ventas Mostrador;Efectivo;B23-1;VASO PITILLO + BOQUILLA SMILE;ACCESORIOS;5956;16000;1.00;16000
51102;domingo; 3 de mayo de 2026;5:30 p. m.;cajero 1;;32049408;Ventas Mostrador;Efectivo;7891010031046;ACEITE JOHNSON BABY ORIGINAL X100ML;ASEO;12071;15700;1.00;15700
51101;domingo; 3 de mayo de 2026;5:00 p. m.;cajero 1;;32049408;Ventas Mostrador;Efectivo;7891010037185;CREMA ORIGINAL JOHNSON X200ML;ASEO;16531;20500;1.00;20500
51100;domingo; 3 de mayo de 2026;4:48 p. m.;cajero 1;;32049408;Ventas Mostrador;Nequi;1003;PAPEL REGALO PLIEGO Y TARJETA;ACCESORIOS;321;1000;1.00;1000
51100;domingo; 3 de mayo de 2026;4:48 p. m.;cajero 1;;32049408;Ventas Mostrador;Nequi;7702277376484;ESTUCHE ARRURRU BABY SHOWERS NIÑA NVA PRESENTACION;ASEO;44661;55900;1.00;55900
51099;domingo; 3 de mayo de 2026;4:46 p. m.;cajero 1;;32049408;Ventas Mostrador;Efectivo;1118;CAPA ESTAMPADA SENCILLA;LLUVIA;19000;40000;1.00;40000
51098;domingo; 3 de mayo de 2026;4:25 p. m.;cajero 1;;32049408;Ventas Mostrador;Efectivo;1135;BATA LABORATORIO NIÑO;COLEGIO;14000;25000;1.00;25000
51097;domingo; 3 de mayo de 2026;4:08 p. m.;cajero 1;;32049408;Ventas Mostrador;Efectivo;6959048200252;TOALLAS VALENTINA MATERNA X10;ASEO;8333;13500;2.00;27000
51096;domingo; 3 de mayo de 2026;4:04 p. m.;cajero 1;;32049408;Ventas Mostrador;Efectivo;7701021118332;PAÑAL WINNY ULTRATRIM SEC 4X16;PAÑAL;21153;25600;1.00;25600
51095;domingo; 3 de mayo de 2026;3:52 p. m.;cajero 1;;32049408;Ventas Mostrador;Nequi;1135;BATA LABORATORIO NIÑO;COLEGIO;14000;25000;1.00;25000
51094;domingo; 3 de mayo de 2026;3:47 p. m.;cajero 1;;32049408;Ventas Mostrador;Efectivo;PTQ1167;CHUPO REPUESTO ONLY KTT-030;ACCESORIOS;1800;6500;1.00;6500
51093;domingo; 3 de mayo de 2026;3:40 p. m.;cajero 1;;32049408;Ventas Mostrador;Efectivo;1003;PAPEL REGALO PLIEGO Y TARJETA;ACCESORIOS;321;1000;1.00;1000
51092;domingo; 3 de mayo de 2026;3:35 p. m.;cajero 1;;32049408;Ventas Mostrador;Tarjeta Débito;7701021144829;PAÑAL WINNY ULTRATRIM SENSITIVE 0X30;PAÑAL;19649;23500;1.00;23500
51092;domingo; 3 de mayo de 2026;3:35 p. m.;cajero 1;;32049408;Ventas Mostrador;Tarjeta Débito;7701021116499;PAÑAL WINNY ULTRATRIM SEC 1X30;PAÑAL;21743;25500;2.00;51000
51091;domingo; 3 de mayo de 2026;3:32 p. m.;cajero 1;;32049408;Ventas Mostrador;Nequi;1003;PAPEL REGALO PLIEGO Y TARJETA;ACCESORIOS;321;1000;2.00;2000
51091;domingo; 3 de mayo de 2026;3:32 p. m.;cajero 1;;32049408;Ventas Mostrador;Nequi;7707199344825;PAÑAL VALENTINA 3GX30;PAÑAL;25555;33000;1.00;33000
51091;domingo; 3 de mayo de 2026;3:32 p. m.;cajero 1;;32049408;Ventas Mostrador;Nequi;1066;TOALLA BABY FRIENDS;LENCERIA;20000;39000;1.00;39000
51091;domingo; 3 de mayo de 2026;3:32 p. m.;cajero 1;;32049408;Ventas Mostrador;Nequi;1133-5;MEDIA TOBACO X UNIDAD T 0 A 18 MESES;ROPA;2500;4500;1.00;4500
51091;domingo; 3 de mayo de 2026;3:32 p. m.;cajero 1;;32049408;Ventas Mostrador;Nequi;2601-1;CONJUNTO CON FALDA CHIKIS;ROPA;28000;52000;1.00;52000
51090;domingo; 3 de mayo de 2026;3:04 p. m.;cajero 1;;32049408;Ventas Mostrador;Efectivo;2042;GORRA ECONOMICA// PESQUERO BEBE;ACCESORIOS;5996;13000;2.00;26000
51089;domingo; 3 de mayo de 2026;2:46 p. m.;cajero 1;;32049408;Ventas Mostrador;Efectivo;0031-2;PIJAMA 2 PIEZAS BUSO CERRADO;ROPA;22000;40000;1.00;34920
51088;domingo; 3 de mayo de 2026;2:26 p. m.;cajero 1;;32049408;Ventas Mostrador;Nequi;2216;ZAPATILLA TOMMY T21 A 32;CALZADO;32000;58000;1.00;58000
51087;domingo; 3 de mayo de 2026;2:22 p. m.;cajero 1;;32049408;Ventas Mostrador;Efectivo;0202-1;CEPILLO MUSICAL + PEINILLA;ACCESORIOS;6000;11000;1.00;11000
51086;domingo; 3 de mayo de 2026;1:53 p. m.;cajero 1;;32049408;Ventas Mostrador;Efectivo;7701021111975;PAÑAL WINNY 0X50;PAÑAL;32517;34500;1.00;34500
51086;domingo; 3 de mayo de 2026;1:53 p. m.;cajero 1;;32049408;Ventas Mostrador;Efectivo;1918;BOLSA DE REGALO GRANDE JUMBO DECORADA;PAPELERIA;3300;6000;1.00;6000
51086;domingo; 3 de mayo de 2026;1:53 p. m.;cajero 1;;32049408;Ventas Mostrador;Efectivo;2098;VESTIDO CHIKIDS;ROPA;25000;52000;1.00;52000
51085;domingo; 3 de mayo de 2026;1:51 p. m.;cajero 1;;32049408;Ventas Mostrador;Nequi;1917;BOLSA DE REGALO MEDIANA DECORADA NIÑOS;PAPELERIA;2416;4300;1.00;4300
51085;domingo; 3 de mayo de 2026;1:51 p. m.;cajero 1;;32049408;Ventas Mostrador;Nequi;1398-1;CHALECO TERMICO TUGUIS BEBE;ROPA;26000;52000;1.00;52000
51084;domingo; 3 de mayo de 2026;1:45 p. m.;cajero 1;;32049408;Ventas Mostrador;Efectivo;7701021114006;PAÑAL WINNY ULTRATRIM SEC 4X30;PAÑAL;38177;42600;1.00;40470
51083;domingo; 3 de mayo de 2026;1:27 p. m.;cajero 1;;32049408;Ventas Mostrador;Efectivo;1003;PAPEL REGALO PLIEGO Y TARJETA;ACCESORIOS;321;1000;1.00;1000
51083;domingo; 3 de mayo de 2026;1:27 p. m.;cajero 1;;32049408;Ventas Mostrador;Efectivo;1577;SEMANARIO DE BLUSAS UNICOLOR;ROPA;18000;36000;1.00;36000
51083;domingo; 3 de mayo de 2026;1:27 p. m.;cajero 1;;32049408;Ventas Mostrador;Efectivo;2025;MEDIA PATIN;ROPA;2750;6500;1.00;6500
51082;domingo; 3 de mayo de 2026;1:22 p. m.;cajero 1;;32049408;Ventas Mostrador;Efectivo;7701021145949;PAÑITOS WINNY ALOE X100;ASEO;9529;12500;1.00;12500
51082;domingo; 3 de mayo de 2026;1:22 p. m.;cajero 1;;32049408;Ventas Mostrador;Efectivo;2152-1;CONJUNTO 3 PIEZAS T:2 A T:8 PAULIS;ROPA;35000;72000;1.00;72000
51082;domingo; 3 de mayo de 2026;1:22 p. m.;cajero 1;;32049408;Ventas Mostrador;Efectivo;7702277848738;CREMA ARRURRU COLITA 25G;ASEO;1;9200;1.00;9200
51081;domingo; 3 de mayo de 2026;1:13 p. m.;cajero 1;;32049408;Ventas Mostrador;Tarjeta Débito;7702277563808;ESTUCHE ARRURRU BABY SHOWER NIÑO NVA PRESENTACION;ASEO;44661;55900;1.00;55900
51080;domingo; 3 de mayo de 2026;12:50 p. m.;cajero 1;;32049408;Ventas Mostrador;Nequi;7707199344825;PAÑAL VALENTINA 3GX30;PAÑAL;25555;33000;1.00;33000
51079;domingo; 3 de mayo de 2026;12:30 p. m.;cajero 1;;32049408;Ventas Mostrador;Nequi;1754;MEDIAS CARTER 12-24;ROPA;9000;17000;1.00;17000
51079;domingo; 3 de mayo de 2026;12:30 p. m.;cajero 1;;32049408;Ventas Mostrador;Nequi;1967;SUDADERA BABY KIDS;ROPA;20000;40000;1.00;40000
51079;domingo; 3 de mayo de 2026;12:30 p. m.;cajero 1;;32049408;Ventas Mostrador;Nequi;1015-1;ZAPATO PILIN - PATILIN T: 18 A 22;ZAPATO;38000;67000;1.00;67000
51078;domingo; 3 de mayo de 2026;12:16 p. m.;cajero 1;;32049408;Ventas Mostrador;Efectivo;1003;PAPEL REGALO PLIEGO Y TARJETA;ACCESORIOS;321;1000;1.00;1000
51078;domingo; 3 de mayo de 2026;12:16 p. m.;cajero 1;;32049408;Ventas Mostrador;Efectivo;1196-2;SUDADERA PAULIS DOBLE PANTALONEST2 A T10;ROPA;32500;66000;1.00;66000
51077;domingo; 3 de mayo de 2026;12:04 p. m.;cajero 1;;32049408;Ventas Mostrador;Tarjeta Débito;2025;MEDIA PATIN;ROPA;2750;6500;1.00;6500
51077;domingo; 3 de mayo de 2026;12:04 p. m.;cajero 1;;32049408;Ventas Mostrador;Tarjeta Débito;1917;BOLSA DE REGALO MEDIANA DECORADA NIÑOS;PAPELERIA;2416;4300;1.00;4300
51077;domingo; 3 de mayo de 2026;12:04 p. m.;cajero 1;;32049408;Ventas Mostrador;Tarjeta Débito;1303-2;BALACA DE TELA NVO DISEÑO;ACCESORIOS;3000;7000;1.00;7000
51077;domingo; 3 de mayo de 2026;12:04 p. m.;cajero 1;;32049408;Ventas Mostrador;Tarjeta Débito;1379-2;CONJUNTO FABY 3 PEIZAS;ROPA;16000;31000;1.00;31000
51076;domingo; 3 de mayo de 2026;11:36 a. m.;cajero 1;;32049408;Ventas Mostrador;Efectivo;3070;ROPA INTERIOR NIÑA X UNIDAD;ROPA;3000;6000;4.00;24000
51075;domingo; 3 de mayo de 2026;11:29 a. m.;cajero 1;;32049408;Ventas Mostrador;Efectivo;138055651561;COPITOS VALENTINA X300 UN;ASEO;3416;6900;2.00;13800
51074;domingo; 3 de mayo de 2026;10:55 a. m.;cajero 1;;32049408;Ventas Mostrador;Efectivo;1726;ZAPATO NO TUERCE;CALZADO;15000;35000;2.00;70000
51073;sábado; 2 de mayo de 2026;8:22 p. m.;cajero 1;;32049408;Ventas Mostrador;Nequi;909090;BATA LABORATORIO TALLA S M Y L;COLEGIO;16000;28000;1.00;28000
51072;sábado; 2 de mayo de 2026;8:06 p. m.;cajero 1;;32049408;Ventas Mostrador;Efectivo;166054;TINA ECONOMICA DE COLORES CON BASE;ASEO;27500;45000;1.00;45000
51071;sábado; 2 de mayo de 2026;7:31 p. m.;cajero 1;;32049408;Ventas Mostrador;Efectivo;1003;PAPEL REGALO PLIEGO Y TARJETA;ACCESORIOS;321;1000;2.00;2000
51071;sábado; 2 de mayo de 2026;7:31 p. m.;cajero 1;;32049408;Ventas Mostrador;Efectivo;7701021115140;PAÑAL WINNY ULTRATRIM SEC 2X16;PAÑAL;14119;16000;1.00;16000
51070;sábado; 2 de mayo de 2026;7:28 p. m.;cajero 1;;32049408;Ventas Mostrador;Efectivo;2120;SACO TERMICO BEBE;ROPA;11000;28000;1.00;28000
51069;sábado; 2 de mayo de 2026;7:26 p. m.;cajero 1;;32049408;Ventas Mostrador;Efectivo;1917;BOLSA DE REGALO MEDIANA DECORADA NIÑOS;PAPELERIA;2416;4300;1.00;4300
51069;sábado; 2 de mayo de 2026;7:26 p. m.;cajero 1;;32049408;Ventas Mostrador;Efectivo;2144;PRIMERA MUDA TERMICA ECONOMICA;ROPA;11600;28000;1.00;28000
51069;sábado; 2 de mayo de 2026;7:26 p. m.;cajero 1;;32049408;Ventas Mostrador;Efectivo;7701021115140;PAÑAL WINNY ULTRATRIM SEC 2X16;PAÑAL;14119;16000;1.00;16000
51068;sábado; 2 de mayo de 2026;7:22 p. m.;cajero 1;;32049408;Ventas Mostrador;Efectivo;1980;MEDIAS MICROFIBRA 2-4-6-8-10-12;ROPA;8500;17900;1.00;17900
51067;sábado; 2 de mayo de 2026;7:08 p. m.;cajero 1;;32049408;Ventas Mostrador;Tarjeta Débito;7701021116581;PAÑAL WINNY ULTRATRIM SEC 2X50;PAÑAL;42430;49900;1.00;45908
51067;sábado; 2 de mayo de 2026;7:08 p. m.;cajero 1;;32049408;Ventas Mostrador;Tarjeta Débito;7701021145949;PAÑITOS WINNY ALOE X100;ASEO;9529;12500;1.00;12500
51066;sábado; 2 de mayo de 2026;7:05 p. m.;cajero 1;;32049408;Ventas Mostrador;Efectivo;1791;FORRO MEDIANO CALIBRE 4;ACCESORIOS;11000;17500;1.00;17500
51065;sábado; 2 de mayo de 2026;6:48 p. m.;cajero 1;;32049408;Ventas Mostrador;Nequi;7701021145949;PAÑITOS WINNY ALOE X100;ASEO;9529;12500;1.00;12500
51065;sábado; 2 de mayo de 2026;6:48 p. m.;cajero 1;;32049408;Ventas Mostrador;Nequi;2025;MEDIA PATIN;ROPA;2750;6500;1.00;6500
51064;sábado; 2 de mayo de 2026;6:28 p. m.;cajero 1;;32049408;Ventas Mostrador;Nequi;2207;ESQUELETO POR UNIDAD CON DISEÑO TALLA 6;ROPA;3500;6500;3.00;19500
51063;sábado; 2 de mayo de 2026;6:22 p. m.;cajero 1;;32049408;Ventas Mostrador;Tarjeta Débito;7701021116666;PAÑAL WINNY ULTRATRIM PANT 5X30;PAÑAL;41907;46900;1.00;44555
51062;sábado; 2 de mayo de 2026;5:53 p. m.;cajero 1;;32049408;Ventas Mostrador;Nequi;1196-2;SUDADERA PAULIS DOBLE PANTALONEST2 A T10;ROPA;32500;66000;1.00;66000
51061;sábado; 2 de mayo de 2026;5:43 p. m.;cajero 1;;32049408;Ventas Mostrador;Nequi;7701021111821;PAÑAL WINNY ULTRATRIM 3X30;PAÑAL;31687;35800;1.00;34010
51060;sábado; 2 de mayo de 2026;5:19 p. m.;cajero 1;;32049408;Ventas Mostrador;Efectivo;7707233050361;BIBERON POPOCHO CORCHITO 10 ONZ;ACCESORIOS;10257;18300;1.00;18300
51059;sábado; 2 de mayo de 2026;5:13 p. m.;cajero 1;;32049408;Ventas Mostrador;Nequi;1996-1;ESQUELETO POR UNIDAD CON DISEÑO T:2 A T:10;ROPA;3666;6500;4.00;26000
51058;sábado; 2 de mayo de 2026;4:51 p. m.;cajero 1;;32049408;Ventas Mostrador;Efectivo;7702277943150....;ESTUCHE VIAJERO NIÑO NVA PRESENTACION;ASEO;24728;32200;1.00;32200
51057;sábado; 2 de mayo de 2026;4:38 p. m.;cajero 1;;32049408;Ventas Mostrador;Efectivo;7707199344832;PAÑAL VALENTINA 4XG X30;PAÑAL;32600;40800;1.00;40800
51056;sábado; 2 de mayo de 2026;4:15 p. m.;cajero 1;;32049408;Ventas Mostrador;Efectivo;3070;ROPA INTERIOR NIÑA X UNIDAD;ROPA;3000;6000;2.00;12000
51055;sábado; 2 de mayo de 2026;4:06 p. m.;cajero 1;;32049408;Ventas Mostrador;Nequi;1917;BOLSA DE REGALO MEDIANA DECORADA NIÑOS;PAPELERIA;2416;4300;2.00;8600
51055;sábado; 2 de mayo de 2026;4:06 p. m.;cajero 1;;32049408;Ventas Mostrador;Nequi;1363;GABAN NIÑA T: 2 - T: 4;ROPA;35000;70000;1.00;70000
51055;sábado; 2 de mayo de 2026;4:06 p. m.;cajero 1;;32049408;Ventas Mostrador;Nequi;75689 - 75690;CONJUNTO CARTERS + MEDIA ZAPATO CUTE KOALA;ROPA;40000;75000;1.00;75000
51054;sábado; 2 de mayo de 2026;3:55 p. m.;cajero 1;;32049408;Ventas Mostrador;Nequi;1980;MEDIAS MICROFIBRA 2-4-6-8-10-12;ROPA;8500;17900;1.00;17900
51053;sábado; 2 de mayo de 2026;3:49 p. m.;cajero 1;;32049408;Ventas Mostrador;Nequi;7701021145949;PAÑITOS WINNY ALOE X100;ASEO;9529;12500;1.00;12500
51053;sábado; 2 de mayo de 2026;3:49 p. m.;cajero 1;;32049408;Ventas Mostrador;Nequi;1918;BOLSA DE REGALO GRANDE JUMBO DECORADA;PAPELERIA;3300;6000;1.00;6000
51053;sábado; 2 de mayo de 2026;3:49 p. m.;cajero 1;;32049408;Ventas Mostrador;Nequi;3211-3;CONJUNTO MELODY CHAQUETA BEISBOLERA NIÑO;ROPA;50000;110000;1.00;110000
51052;sábado; 2 de mayo de 2026;3:44 p. m.;cajero 1;;32049408;Ventas Mostrador;Efectivo;1111;TRIO KIT MATERNO PIJAMA+PANTUFLAS;ROPA;30600;55000;1.00;55000
51052;sábado; 2 de mayo de 2026;3:44 p. m.;cajero 1;;32049408;Ventas Mostrador;Efectivo;2025;MEDIA PATIN;ROPA;2750;6500;1.00;6500
51052;sábado; 2 de mayo de 2026;3:44 p. m.;cajero 1;;32049408;Ventas Mostrador;Efectivo;2146;PAÑAL DE TELA CON DISEÑO X UNIDAD;PAÑAL;1833;6100;1.00;6100
51052;sábado; 2 de mayo de 2026;3:44 p. m.;cajero 1;;32049408;Ventas Mostrador;Efectivo;1379;CONJUNTO MEIQUITOS BABY;ROPA;15000;30000;1.00;30000
51052;sábado; 2 de mayo de 2026;3:44 p. m.;cajero 1;;32049408;Ventas Mostrador;Efectivo;AK3863;TETERO ONLY - AVEAT 4OZ CON OREJAS;ACCESORIOS;8384;16000;1.00;16000
51051;sábado; 2 de mayo de 2026;3:17 p. m.;cajero 1;;32049408;Ventas Mostrador;Efectivo;1295;CREMA VALENTINA ANTIPAÑALITIS X110;ASEO;17500;25000;1.00;25000
51050;sábado; 2 de mayo de 2026;3:13 p. m.;cajero 1;;32049408;Ventas Mostrador;Nequi;PTQ1167;CHUPO REPUESTO ONLY KTT-030;ACCESORIOS;1800;6500;1.00;6500
51050;sábado; 2 de mayo de 2026;3:13 p. m.;cajero 1;;32049408;Ventas Mostrador;Nequi;7707233050026;CHUPO BLANDO REPUESTO BIBERON CORCHITO NRO 3;ACCESORIOS;569;2600;1.00;2600
51049;sábado; 2 de mayo de 2026;3:08 p. m.;cajero 1;;32049408;Ventas Mostrador;Efectivo;2002;SEMANARIO 21 PIEZAS;ROPA;33000;53000;1.00;53000
51049;sábado; 2 de mayo de 2026;3:08 p. m.;cajero 1;;32049408;Ventas Mostrador;Efectivo;1917;BOLSA DE REGALO MEDIANA DECORADA NIÑOS;PAPELERIA;2416;4300;1.00;4300
51048;sábado; 2 de mayo de 2026;3:07 p. m.;cajero 1;;32049408;Ventas Mostrador;Efectivo;2144;PRIMERA MUDA TERMICA ECONOMICA;ROPA;11600;28000;1.00;28000
51047;sábado; 2 de mayo de 2026;3:06 p. m.;cajero 1;;32049408;Ventas Mostrador;Nequi;1186;BAYETILLA CAMISA ROJA X3;ROPA;7500;14200;1.00;14200
51046;sábado; 2 de mayo de 2026;3:03 p. m.;cajero 1;;32049408;Ventas Mostrador;Nequi;7701021114174;PAÑAL WINNY ULTRATRIM SEC 5X30;PAÑAL;41907;46900;1.00;44555
51046;sábado; 2 de mayo de 2026;3:03 p. m.;cajero 1;;32049408;Ventas Mostrador;Nequi;4863-2;PAVA BEBE EN PANA -DRILL;ACCESORIOS;13000;28500;2.00;57000
51045;sábado; 2 de mayo de 2026;2:55 p. m.;cajero 1;;32049408;Ventas Mostrador;Nequi;1003;PAPEL REGALO PLIEGO Y TARJETA;ACCESORIOS;321;1000;1.00;1000
51045;sábado; 2 de mayo de 2026;2:55 p. m.;cajero 1;;32049408;Ventas Mostrador;Nequi;1752;MEDIAS CARTER 0-12;ROPA;7000;17000;1.00;17000
51045;sábado; 2 de mayo de 2026;2:55 p. m.;cajero 1;;32049408;Ventas Mostrador;Nequi;2088;BABUCHA BEBE;CALZADO;10000;28000;1.00;28000
51045;sábado; 2 de mayo de 2026;2:55 p. m.;cajero 1;;32049408;Ventas Mostrador;Nequi;221-123;CONJUNTO OVEROL MARTINAS NIÑA / NIÑO;ROPA;50000;95000;1.00;95000
51044;sábado; 2 de mayo de 2026;2:21 p. m.;cajero 1;;32049408;Ventas Mostrador;Efectivo;4174;PAÑAL WINNY ETAPA 5 X UNIDAD;PAÑAL;1273;1800;1.00;1800
51043;sábado; 2 de mayo de 2026;2:17 p. m.;cajero 1;;32049408;Ventas Mostrador;Efectivo;1003;PAPEL REGALO PLIEGO Y TARJETA;ACCESORIOS;321;1000;1.00;1000
51043;sábado; 2 de mayo de 2026;2:17 p. m.;cajero 1;;32049408;Ventas Mostrador;Efectivo;0031-1;PIJAMA PIEL DURAZNO BOTON 2 PIEZAS;ROPA;15000;36000;1.00;36000
51042;sábado; 2 de mayo de 2026;1:32 p. m.;cajero 1;;32049408;Ventas Mostrador;Nequi;1003;PAPEL REGALO PLIEGO Y TARJETA;ACCESORIOS;321;1000;1.00;1000
51042;sábado; 2 de mayo de 2026;1:32 p. m.;cajero 1;;32049408;Ventas Mostrador;Nequi;1196-1;SUDADERA B. CERRADO PAULIS & CO JUNIOR T4 A T10;ROPA;32000;70000;1.00;70000
51041;sábado; 2 de mayo de 2026;1:09 p. m.;cajero 1;;32049408;Ventas Mostrador;Tarjeta crédito;7701021116123;PAÑAL WINNY ULTRATRIM SEC 3X100;PAÑAL;98281;117000;1.00;105300
51040;sábado; 2 de mayo de 2026;1:00 p. m.;cajero 1;;32049408;Ventas Mostrador;Nequi;2132;BOLSA DE REGALO PEQUEÑA DECORADA;PAPELERIA;1750;3200;1.00;3200
51040;sábado; 2 de mayo de 2026;1:00 p. m.;cajero 1;;32049408;Ventas Mostrador;Nequi;3018-1;EVILLA MOÑO X2 PEQUEÑO;ACCESORIOS;3181;8000;1.00;8000
51040;sábado; 2 de mayo de 2026;1:00 p. m.;cajero 1;;32049408;Ventas Mostrador;Nequi;0031-1;PIJAMA PIEL DURAZNO BOTON 2 PIEZAS;ROPA;15000;36000;1.00;36000
51039;sábado; 2 de mayo de 2026;12:08 p. m.;cajero 1;;32049408;Ventas Mostrador;Efectivo;2025;MEDIA PATIN;ROPA;2750;6500;1.00;6500
51038;sábado; 2 de mayo de 2026;12:07 p. m.;cajero 1;;32049408;Ventas Mostrador;Efectivo;7701021116499;PAÑAL WINNY ULTRATRIM SEC 1X30;PAÑAL;21743;25500;1.00;25500
51038;sábado; 2 de mayo de 2026;12:07 p. m.;cajero 1;;32049408;Ventas Mostrador;Efectivo;7701021145949;PAÑITOS WINNY ALOE X100;ASEO;9529;12500;1.00;12500
51037;sábado; 2 de mayo de 2026;12:04 p. m.;cajero 1;;32049408;Ventas Mostrador;Nequi;2046;PRIMERA MUDA COFRE CANASTA;ROPA;40000;64000;1.00;64000
51036;sábado; 2 de mayo de 2026;12:01 p. m.;cajero 1;;32049408;Ventas Mostrador;Efectivo;1118;CAPA ESTAMPADA SENCILLA;LLUVIA;19000;40000;1.00;40000
51035;sábado; 2 de mayo de 2026;11:11 a. m.;cajero 1;;32049408;Ventas Mostrador;Tarjeta crédito;7701021116581;PAÑAL WINNY ULTRATRIM SEC 2X50;PAÑAL;42430;49900;1.00;45908
51035;sábado; 2 de mayo de 2026;11:11 a. m.;cajero 1;;32049408;Ventas Mostrador;Tarjeta crédito;7701021116123;PAÑAL WINNY ULTRATRIM SEC 3X100;PAÑAL;98281;117000;1.00;117000
51035;sábado; 2 de mayo de 2026;11:11 a. m.;cajero 1;;32049408;Ventas Mostrador;Tarjeta crédito;7702277395256;PAÑITOS ARRURRU AVENA X100;ASEO;8133;12000;2.00;24000
51035;sábado; 2 de mayo de 2026;11:11 a. m.;cajero 1;;32049408;Ventas Mostrador;Tarjeta crédito;7702277581130;PAÑITOS ARRURRU ALOE X120;ASEO;9806;14300;1.00;14300
51034;sábado; 2 de mayo de 2026;10:48 a. m.;cajero 1;;32049408;Ventas Mostrador;Tarjeta Débito;2217;CAMISETA BLANCA CUELLO REDONDO T 2 A 16;ROPA;6000;10000;2.00;20000
51033;viernes; 1 de mayo de 2026;6:55 p. m.;cajero 1;Vendedor ;32049408;Ventas Mostrador;Efectivo;7701021117786;PAÑAL WINNY PANTS 4X50;PAÑAL;61716;71300;1.00;65596
51033;viernes; 1 de mayo de 2026;6:55 p. m.;cajero 1;Vendedor ;32049408;Ventas Mostrador;Efectivo;2453-1;MICA ECONOMICA COLORES;ACCESORIOS;0;30000;1.00;30000
51032;viernes; 1 de mayo de 2026;6:50 p. m.;cajero 1;Vendedor ;32049408;Ventas Mostrador;Efectivo;1918;BOLSA DE REGALO GRANDE JUMBO DECORADA;PAPELERIA;3300;6000;2.00;12000
51031;viernes; 1 de mayo de 2026;6:46 p. m.;cajero 1;Vendedor ;32049408;Ventas Mostrador;Nequi;1917;BOLSA DE REGALO MEDIANA DECORADA NIÑOS;PAPELERIA;2416;4300;1.00;4300
51031;viernes; 1 de mayo de 2026;6:46 p. m.;cajero 1;Vendedor ;32049408;Ventas Mostrador;Nequi;1379;CONJUNTO MEIQUITOS BABY;ROPA;15000;30000;1.00;30000
51030;viernes; 1 de mayo de 2026;6:20 p. m.;cajero 1;Vendedor ;32049408;Ventas Mostrador;Efectivo;1003;PAPEL REGALO PLIEGO Y TARJETA;ACCESORIOS;321;1000;2.00;2000
51030;viernes; 1 de mayo de 2026;6:20 p. m.;cajero 1;Vendedor ;32049408;Ventas Mostrador;Efectivo;1757;PAÑALERA CUNA UNICOLOR / CARTERS;PAÑALERA;65000;160000;1.00;160000
51029;viernes; 1 de mayo de 2026;6:01 p. m.;cajero 1;Vendedor ;32049408;Ventas Mostrador;Efectivo;3064;COBERTOR OVEJERO CON ESTAMPADO;LENCERIA;16000;39000;1.00;39000
51028;viernes; 1 de mayo de 2026;6:01 p. m.;cajero 1;Vendedor ;32049408;Ventas Mostrador;Nequi;1303-2;BALACA DE TELA NVO DISEÑO;ACCESORIOS;3000;7000;1.00;7000
51027;viernes; 1 de mayo de 2026;5:23 p. m.;cajero 1;Vendedor ;32049408;Ventas Mostrador;Nequi;1726;ZAPATO NO TUERCE;CALZADO;15000;35000;1.00;35000
51026;viernes; 1 de mayo de 2026;5:17 p. m.;cajero 1;Vendedor ;32049408;Ventas Mostrador;Nequi;7701021111845;PAÑAL WINNY ULTRATRIM SEC 3X50;PAÑAL;50170;57900;1.00;53268
51025;viernes; 1 de mayo de 2026;5:05 p. m.;cajero 1;Vendedor ;32049408;Ventas Mostrador;Nequi;1726;ZAPATO NO TUERCE;CALZADO;15000;35000;1.00;35000
51025;viernes; 1 de mayo de 2026;5:05 p. m.;cajero 1;Vendedor ;32049408;Ventas Mostrador;Nequi;4175;PAÑAL ETAPA 3 X UNIDAD;PAÑAL;773;1600;3.00;4800
51024;viernes; 1 de mayo de 2026;5:04 p. m.;cajero 1;Vendedor ;32049408;Ventas Mostrador;Efectivo;0103-1;SONAJERO GRANDE ELEFANTE MUSICAL;ACCESORIOS;28000;52000;1.00;52000
51022;viernes; 1 de mayo de 2026;4:52 p. m.;cajero 1;Vendedor ;32049408;Ventas Mostrador;Nequi;1376;TINA PLEGABLE UNISEX;BAÑERAS;100000;140000;1.00;140000
51021;viernes; 1 de mayo de 2026;4:28 p. m.;cajero 1;Vendedor ;32049408;Ventas Mostrador;Efectivo;1996-1;ESQUELETO POR UNIDAD CON DISEÑO T:2 A T:10;ROPA;3666;6500;2.00;13000
51020;viernes; 1 de mayo de 2026;3:59 p. m.;cajero 1;Vendedor ;32049408;Ventas Mostrador;Nequi;7702026147594;PAÑITOS PEQUEÑIN 24 UND;ASEO;3700;4500;1.00;4500
51019;viernes; 1 de mayo de 2026;3:58 p. m.;cajero 1;Vendedor ;32049408;Ventas Mostrador;Tarjeta Débito;1917;BOLSA DE REGALO MEDIANA DECORADA NIÑOS;PAPELERIA;2416;4300;1.00;4300
51019;viernes; 1 de mayo de 2026;3:58 p. m.;cajero 1;Vendedor ;32049408;Ventas Mostrador;Tarjeta Débito;1918;BOLSA DE REGALO GRANDE JUMBO DECORADA;PAPELERIA;3300;6000;1.00;6000
51019;viernes; 1 de mayo de 2026;3:58 p. m.;cajero 1;Vendedor ;32049408;Ventas Mostrador;Tarjeta Débito;1015-1;ZAPATO PILIN - PATILIN T: 18 A 22;ZAPATO;38000;67000;1.00;67000
51019;viernes; 1 de mayo de 2026;3:58 p. m.;cajero 1;Vendedor ;32049408;Ventas Mostrador;Tarjeta Débito;3016-2;CONJUNTO MYP CHALECO PELUDO;ROPA;45000;90000;1.00;90000
51019;viernes; 1 de mayo de 2026;3:58 p. m.;cajero 1;Vendedor ;32049408;Ventas Mostrador;Tarjeta Débito;3212;CONJUNTO MELODY NIÑA CHAQUETA PANA;ROPA;60000;110000;1.00;110000
51018;viernes; 1 de mayo de 2026;3:28 p. m.;cajero 1;Vendedor ;32049408;Ventas Mostrador;Efectivo;7701021116031;PAÑAL WINNY SEC 5X50;PAÑAL;67753;78000;2.00;143520
51018;viernes; 1 de mayo de 2026;3:28 p. m.;cajero 1;Vendedor ;32049408;Ventas Mostrador;Efectivo;7701021145949;PAÑITOS WINNY ALOE X100;ASEO;9529;12500;1.00;12500
51017;viernes; 1 de mayo de 2026;3:02 p. m.;cajero 1;Vendedor ;32049408;Ventas Mostrador;Nequi;7702057087586;CREMA NUMERO 4 X110 GRAMOS ORIGINAL;ASEO;36252;43500;1.00;43500
51017;viernes; 1 de mayo de 2026;3:02 p. m.;cajero 1;Vendedor ;32049408;Ventas Mostrador;Nequi;7701021111975;PAÑAL WINNY 0X50;PAÑAL;32517;34500;1.00;34500
51016;viernes; 1 de mayo de 2026;2:28 p. m.;cajero 1;Vendedor ;32049408;Ventas Mostrador;Nequi;7701021118295;PAÑAL WINNY ULTRATRIM SEC 1X16;PAÑAL;11819;15000;1.00;15000
51016;viernes; 1 de mayo de 2026;2:28 p. m.;cajero 1;Vendedor ;32049408;Ventas Mostrador;Nequi;1721;SEMANARIO 14 PIEZAS;ROPA;28000;50000;1.00;50000
51016;viernes; 1 de mayo de 2026;2:28 p. m.;cajero 1;Vendedor ;32049408;Ventas Mostrador;Nequi;1918;BOLSA DE REGALO GRANDE JUMBO DECORADA;PAPELERIA;3300;6000;1.00;6000
51016;viernes; 1 de mayo de 2026;2:28 p. m.;cajero 1;Vendedor ;32049408;Ventas Mostrador;Nequi;1379-1;VESTIDOS MEIQUITOS;ROPA;15000;30000;1.00;30000
51015;viernes; 1 de mayo de 2026;2:24 p. m.;cajero 1;Vendedor ;32049408;Ventas Mostrador;Nequi;1726;ZAPATO NO TUERCE;CALZADO;15000;35000;2.00;70000
51014;viernes; 1 de mayo de 2026;1:52 p. m.;cajero 1;Vendedor ;32049408;Ventas Mostrador;Nequi;7709399982517;SOMBRA EN POLVO PARA OJOS TRENDY;ACCESORIOS;10000;15500;1.00;15500
51013;viernes; 1 de mayo de 2026;1:50 p. m.;cajero 1;Vendedor ;32049408;Ventas Mostrador;Efectivo;1066;TOALLA BABY FRIENDS;LENCERIA;20000;39000;1.00;39000
51013;viernes; 1 de mayo de 2026;1:50 p. m.;cajero 1;Vendedor ;32049408;Ventas Mostrador;Efectivo;1917;BOLSA DE REGALO MEDIANA DECORADA NIÑOS;PAPELERIA;2416;4300;1.00;4300
51013;viernes; 1 de mayo de 2026;1:50 p. m.;cajero 1;Vendedor ;32049408;Ventas Mostrador;Efectivo;7701021115140;PAÑAL WINNY ULTRATRIM SEC 2X16;PAÑAL;14119;16000;1.00;16000
51012;viernes; 1 de mayo de 2026;1:40 p. m.;cajero 1;Vendedor ;32049408;Ventas Mostrador;Tarjeta Débito;7701021145949;PAÑITOS WINNY ALOE X100;ASEO;9529;12500;1.00;12500
51012;viernes; 1 de mayo de 2026;1:40 p. m.;cajero 1;Vendedor ;32049408;Ventas Mostrador;Tarjeta Débito;1920;TARJETA DE REGALO;ACCESORIOS;30;500;1.00;500
51012;viernes; 1 de mayo de 2026;1:40 p. m.;cajero 1;Vendedor ;32049408;Ventas Mostrador;Tarjeta Débito;1333;PAÑALERA CHIKITOS;PAÑALERA;69000;125000;1.00;125000
51011;viernes; 1 de mayo de 2026;1:35 p. m.;cajero 1;Vendedor ;32049408;Ventas Mostrador;Efectivo;1754;MEDIAS CARTER 12-24;ROPA;9000;17000;1.00;17000
51011;viernes; 1 de mayo de 2026;1:35 p. m.;cajero 1;Vendedor ;32049408;Ventas Mostrador;Efectivo;1918;BOLSA DE REGALO GRANDE JUMBO DECORADA;PAPELERIA;3300;6000;1.00;6000
51011;viernes; 1 de mayo de 2026;1:35 p. m.;cajero 1;Vendedor ;32049408;Ventas Mostrador;Efectivo;2272-1;OVEROL HIPPO -VACA NIÑA - NIÑO;ROPA;35000;80000;1.00;80000
51010;viernes; 1 de mayo de 2026;1:30 p. m.;cajero 1;Vendedor ;32049408;Ventas Mostrador;Nequi;2146;PAÑAL DE TELA CON DISEÑO X UNIDAD;PAÑAL;1833;6100;2.00;12200
51009;viernes; 1 de mayo de 2026;1:20 p. m.;cajero 1;Vendedor ;32049408;Ventas Mostrador;Efectivo;2117-1;MEDIAS RECIEN NACIDO X UNIDAD;ROPA;875;2500;2.00;5000
51008;viernes; 1 de mayo de 2026;1:18 p. m.;cajero 1;Vendedor ;32049408;Ventas Mostrador;Efectivo;1003;PAPEL REGALO PLIEGO Y TARJETA;ACCESORIOS;321;1000;1.00;1000
51008;viernes; 1 de mayo de 2026;1:18 p. m.;cajero 1;Vendedor ;32049408;Ventas Mostrador;Efectivo;1565;PIJAMA FINA TERMICA NIÑO - NIÑA;ROPA;17998;44000;1.00;44000
51008;viernes; 1 de mayo de 2026;1:18 p. m.;cajero 1;Vendedor ;32049408;Ventas Mostrador;Efectivo;7701021118295;PAÑAL WINNY ULTRATRIM SEC 1X16;PAÑAL;11819;15000;1.00;15000
51007;viernes; 1 de mayo de 2026;1:09 p. m.;cajero 1;Vendedor ;32049408;Ventas Mostrador;Nequi;1559;TENNIS NIKE NIÑO;CALZADO;36000;62000;1.00;62000
51006;viernes; 1 de mayo de 2026;12:59 p. m.;cajero 1;Vendedor ;32049408;Ventas Mostrador;Efectivo;1003;PAPEL REGALO PLIEGO Y TARJETA;ACCESORIOS;321;1000;1.00;1000
51006;viernes; 1 de mayo de 2026;12:59 p. m.;cajero 1;Vendedor ;32049408;Ventas Mostrador;Efectivo;1049;BABERO CHALECO PLASTICO PEQUEÑO;ACCESORIOS;6000;12000;1.00;12000
51006;viernes; 1 de mayo de 2026;12:59 p. m.;cajero 1;Vendedor ;32049408;Ventas Mostrador;Efectivo;1186;BAYETILLA CAMISA ROJA X3;ROPA;7500;14200;1.00;14200
51006;viernes; 1 de mayo de 2026;12:59 p. m.;cajero 1;Vendedor ;32049408;Ventas Mostrador;Efectivo;7701021116536;PAÑAL WINNY ULTRATRIM SEC 2X30;PAÑAL;25979;29700;1.00;29700
51006;viernes; 1 de mayo de 2026;12:59 p. m.;cajero 1;Vendedor ;32049408;Ventas Mostrador;Efectivo;7701021145949;PAÑITOS WINNY ALOE X100;ASEO;9529;12500;1.00;12500
51005;viernes; 1 de mayo de 2026;12:01 p. m.;cajero 1;Vendedor ;32049408;Ventas Mostrador;Efectivo;7701021111821;PAÑAL WINNY ULTRATRIM 3X30;PAÑAL;31687;35800;1.00;34010
51005;viernes; 1 de mayo de 2026;12:01 p. m.;cajero 1;Vendedor ;32049408;Ventas Mostrador;Efectivo;7701021145949;PAÑITOS WINNY ALOE X100;ASEO;9529;12500;1.00;12500
51005;viernes; 1 de mayo de 2026;12:01 p. m.;cajero 1;Vendedor ;32049408;Ventas Mostrador;Efectivo;1918;BOLSA DE REGALO GRANDE JUMBO DECORADA;PAPELERIA;3300;6000;1.00;6000
51005;viernes; 1 de mayo de 2026;12:01 p. m.;cajero 1;Vendedor ;32049408;Ventas Mostrador;Efectivo;280;CONJUNTO CHIKIS BODY + VESTIDO;ROPA;33000;62000;1.00;62000
51004;viernes; 1 de mayo de 2026;11:55 a. m.;cajero 1;Vendedor ;32049408;Ventas Mostrador;Efectivo;1420;MEDIAS ENCAJE MARATHON;ROPA;8500;14500;1.00;14500
51003;viernes; 1 de mayo de 2026;11:53 a. m.;cajero 1;Vendedor ;32049408;Ventas Mostrador;Efectivo;2391;VESTIDO NIÑA CON BALACA YURANI;ROPA;22000;44000;1.00;44000
51002;viernes; 1 de mayo de 2026;11:47 a. m.;cajero 1;Vendedor ;32049408;Ventas Mostrador;Nequi;7701021144829;PAÑAL WINNY ULTRATRIM SENSITIVE 0X30;PAÑAL;19649;23500;1.00;23500
51002;viernes; 1 de mayo de 2026;11:47 a. m.;cajero 1;Vendedor ;32049408;Ventas Mostrador;Nequi;1379;CONJUNTO MEIQUITOS BABY;ROPA;15000;30000;1.00;30000
51001;viernes; 1 de mayo de 2026;11:44 a. m.;cajero 1;Vendedor ;32049408;Ventas Mostrador;Efectivo;7701021116512;PAÑAL WINNY ULTRATRIM SEC 1X50;PAÑAL;36237;41500;1.00;38180
51001;viernes; 1 de mayo de 2026;11:44 a. m.;cajero 1;Vendedor ;32049408;Ventas Mostrador;Efectivo;1759;MEDIAS VICTORIA X 3;ROPA;5000;17000;1.00;17000
51001;viernes; 1 de mayo de 2026;11:44 a. m.;cajero 1;Vendedor ;32049408;Ventas Mostrador;Efectivo;1918;BOLSA DE REGALO GRANDE JUMBO DECORADA;PAPELERIA;3300;6000;1.00;6000
51000;viernes; 1 de mayo de 2026;11:39 a. m.;cajero 1;Vendedor ;32049408;Ventas Mostrador;Tarjeta Débito;7701021111821;PAÑAL WINNY ULTRATRIM 3X30;PAÑAL;31687;35800;1.00;34010
51000;viernes; 1 de mayo de 2026;11:39 a. m.;cajero 1;Vendedor ;32049408;Ventas Mostrador;Tarjeta Débito;1918;BOLSA DE REGALO GRANDE JUMBO DECORADA;PAPELERIA;3300;6000;1.00;6000
51000;viernes; 1 de mayo de 2026;11:39 a. m.;cajero 1;Vendedor ;32049408;Ventas Mostrador;Tarjeta Débito;71534232090;PATIN DE LANA CARTER;ROPA;14500;29000;1.00;29000
51000;viernes; 1 de mayo de 2026;11:39 a. m.;cajero 1;Vendedor ;32049408;Ventas Mostrador;Tarjeta Débito;1379-1;VESTIDOS MEIQUITOS;ROPA;15000;30000;1.00;30000
51000;viernes; 1 de mayo de 2026;11:39 a. m.;cajero 1;Vendedor ;32049408;Ventas Mostrador;Tarjeta Débito;72409-1;CONJUNTO IMPORTADO DISNEY / GEORGEGE;ROPA;46000;89000;1.00;89000
50999;viernes; 1 de mayo de 2026;11:34 a. m.;cajero 1;Vendedor ;32049408;Ventas Mostrador;Efectivo;1041;CONJUNTO NIÑO/A DYK BUSO;ROPA;40000;75000;1.00;72750
50999;viernes; 1 de mayo de 2026;11:34 a. m.;cajero 1;Vendedor ;32049408;Ventas Mostrador;Efectivo;1015-1;ZAPATO PILIN - PATILIN T: 18 A 22;ZAPATO;38000;67000;1.00;65660
50998;viernes; 1 de mayo de 2026;11:30 a. m.;cajero 1;Vendedor ;32049408;Ventas Mostrador;Nequi;7701021114006;PAÑAL WINNY ULTRATRIM SEC 4X30;PAÑAL;38177;42600;1.00;42600
50998;viernes; 1 de mayo de 2026;11:30 a. m.;cajero 1;Vendedor ;32049408;Ventas Mostrador;Nequi;1918;BOLSA DE REGALO GRANDE JUMBO DECORADA;PAPELERIA;3300;6000;1.00;6000
50997;viernes; 1 de mayo de 2026;10:49 a. m.;cajero 1;Vendedor ;32049408;Ventas Mostrador;Tarjeta crédito;1917;BOLSA DE REGALO MEDIANA DECORADA NIÑOS;PAPELERIA;2416;4300;2.00;8600
50997;viernes; 1 de mayo de 2026;10:49 a. m.;cajero 1;Vendedor ;32049408;Ventas Mostrador;Tarjeta crédito;1196-2;SUDADERA PAULIS DOBLE PANTALONEST2 A T10;ROPA;32500;66000;1.00;66000
50997;viernes; 1 de mayo de 2026;10:49 a. m.;cajero 1;Vendedor ;32049408;Ventas Mostrador;Tarjeta crédito;1015-1;ZAPATO PILIN - PATILIN T: 18 A 22;ZAPATO;38000;67000;1.00;67000
50997;viernes; 1 de mayo de 2026;10:49 a. m.;cajero 1;Vendedor ;32049408;Ventas Mostrador;Tarjeta crédito;72409-1;CONJUNTO IMPORTADO DISNEY / GEORGEGE;ROPA;50000;89000;1.00;89000
50996;viernes; 1 de mayo de 2026;10:27 a. m.;cajero 1;Vendedor ;32049408;Ventas Mostrador;Tarjeta Débito;1003;PAPEL REGALO PLIEGO Y TARJETA;ACCESORIOS;321;1000;1.00;1000
50996;viernes; 1 de mayo de 2026;10:27 a. m.;cajero 1;Vendedor ;32049408;Ventas Mostrador;Tarjeta Débito;1111;TRIO KIT MATERNO PIJAMA+PANTUFLAS;ROPA;30600;55000;1.00;55000
50996;viernes; 1 de mayo de 2026;10:27 a. m.;cajero 1;Vendedor ;32049408;Ventas Mostrador;Tarjeta Débito;2391;VESTIDO NIÑA CON BALACA YURANI;ROPA;22000;44000;1.00;44000
